feature,category_token,n_treatment,n_control,proportion_treatment,proportion_control
f1,10.0596544748,2517679,445397,0.98729605992,0.989936100461
f1,10.6795126062,23276,3299,0.00912757467918,0.00733233316664
f1,11.1193089495,4970,666,0.00194896228542,0.00148024670778
f1,11.4604414959,1819,251,0.000713312353558,0.000557870756237
f1,11.739167081,869,103,0.000340774290952,0.000228927043396
f1,11.9748262054,471,67,0.000184700449987,0.00014891370784
f1,12.1789634243,289,48,0.000113330000098,0.000106684447408
f1,12.3590252125,188,26,7.37233218631e-05,5.77874090126e-05
f1,12.5200959706,128,11,5.01946021195e-05,2.44485191976e-05
f1,12.6658021949,72,9,2.82344636922e-05,2.0003333889e-05
f1,12.7988215558,60,9,2.35287197435e-05,2.0003333889e-05
f1,12.921187506,52,6,2.03915571111e-05,1.3335555926e-05
f1,13.0344806802,43,7,1.68622491495e-05,1.55581485803e-05
f1,13.1399541021,31,3,1.21565052008e-05,6.66777796299e-06
f1,13.2386178991,33,6,1.29407958589e-05,1.3335555926e-05
f1,13.3312982902,13,1,5.09788927777e-06,2.22259265433e-06
f1,13.4186796873,11,4,4.31359861965e-06,8.89037061733e-06
f1,13.5013353981,7,2,2.74501730341e-06,4.44518530866e-06
f1,13.5797504454,6,2,2.35287197435e-06,4.44518530866e-06
f1,13.6543388117,5,1,1.96072664529e-06,2.22259265433e-06
f1,13.7254566696,15,2,5.88217993588e-06,4.44518530866e-06
f1,13.7934126687,2,0,7.84290658118e-07,0
f1,13.8584760306,5,1,1.96072664529e-06,2.22259265433e-06
f1,13.9208829917,3,0,1.17643598718e-06,0
f1,13.9808419807,2,0,7.84290658118e-07,0
f1,14.0385378187,1,0,3.92145329059e-07,0
f1,14.094135155,3,2,1.17643598718e-06,4.44518530866e-06
f1,14.1477812999,2,0,7.84290658118e-07,0
f1,14.1996085769,2,0,7.84290658118e-07,0
f1,14.2497362892,1,0,3.92145329059e-07,0
f1,14.2982723739,1,0,3.92145329059e-07,0
f1,14.3453148011,2,0,7.84290658118e-07,0
f1,14.390952765,1,0,3.92145329059e-07,0
f1,14.4352677013,1,0,3.92145329059e-07,0
f1,14.52022057,2,0,7.84290658118e-07,0
f1,14.6007001122,3,0,1.17643598718e-06,0
f1,14.6394049202,0,2,0,4.44518530866e-06
f1,14.7139932865,1,0,3.92145329059e-07,0
f1,14.7499657286,1,0,3.92145329059e-07,0
f1,14.9496524109,1,0,3.92145329059e-07,0
f1,15.1262436907,1,0,3.92145329059e-07,0
f1,15.2074357746,1,0,3.92145329059e-07,0
f1,15.2592630516,1,0,3.92145329059e-07,0
f1,16.3441868332,1,0,3.92145329059e-07,0
f3,-7.3667444265,1,0,3.92145329059e-07,0
f3,-7.23437099725,1,0,3.92145329059e-07,0
f3,-6.55402877195,1,0,3.92145329059e-07,0
f3,-6.25783013391,1,0,3.92145329059e-07,0
f3,-6.25171607331,1,0,3.92145329059e-07,0
f3,-6.23942875173,0,1,0,2.22259265433e-06
f3,-6.10869014249,1,0,3.92145329059e-07,0
f3,-6.07203142429,0,1,0,2.22259265433e-06
f3,-6.06528972437,1,0,3.92145329059e-07,0
f3,-6.03465322074,1,0,3.92145329059e-07,0
f3,-6.02087718788,1,0,3.92145329059e-07,0
f3,-5.95404477832,1,0,3.92145329059e-07,0
f3,-5.93606043089,1,0,3.92145329059e-07,0
f3,-5.88849048989,1,0,3.92145329059e-07,0
f3,-5.87361128734,1,0,3.92145329059e-07,0
f3,-5.85484731053,1,0,3.92145329059e-07,0
f3,-5.7818090232,1,0,3.92145329059e-07,0
f3,-5.7660690308,1,0,3.92145329059e-07,0
f3,-5.75814998305,1,0,3.92145329059e-07,0
f3,-5.75417807704,1,0,3.92145329059e-07,0
f3,-5.75019787028,0,1,0,2.22259265433e-06
f3,-5.74620932801,1,0,3.92145329059e-07,0
f3,-5.72210105369,2,0,7.84290658118e-07,0
f3,-5.71805317068,1,0,3.92145329059e-07,0
f3,-5.6935835205,1,0,3.92145329059e-07,0
f3,-5.68122978049,2,0,7.84290658118e-07,0
f3,-5.67294920988,2,0,7.84290658118e-07,0
f3,-5.64368036232,1,0,3.92145329059e-07,0
f3,-5.63523454697,0,1,0,2.22259265433e-06
f3,-5.61822971757,1,0,3.92145329059e-07,0
f3,-5.61395468044,1,0,3.92145329059e-07,0
f3,-5.6053757099,1,0,3.92145329059e-07,0
f3,-5.59243435836,1,0,3.92145329059e-07,0
f3,-5.5881009589,1,0,3.92145329059e-07,0
f3,-5.58375767711,1,0,3.92145329059e-07,0
f3,-5.57504128551,1,0,3.92145329059e-07,0
f3,-5.57066808442,1,0,3.92145329059e-07,0
f3,-5.56628481841,1,0,3.92145329059e-07,0
f3,-5.54421587808,1,0,3.92145329059e-07,0
f3,-5.53531619721,2,0,7.84290658118e-07,0
f3,-5.52637473365,1,0,3.92145329059e-07,0
f3,-5.5218882104,2,0,7.84290658118e-07,0
f3,-5.51739109322,1,0,3.92145329059e-07,0
f3,-5.4992956769,1,0,3.92145329059e-07,0
f3,-5.49018308421,1,0,3.92145329059e-07,0
f3,-5.48561038515,1,0,3.92145329059e-07,0
f3,-5.4810266808,2,0,7.84290658118e-07,0
f3,-5.47182604339,1,0,3.92145329059e-07,0
f3,-5.45329034243,1,0,3.92145329059e-07,0
f3,-5.44395440099,1,0,3.92145329059e-07,0
f3,-5.43457246951,0,1,0,2.22259265433e-06
f3,-5.42986411547,1,0,3.92145329059e-07,0
f3,-5.41566880821,1,0,3.92145329059e-07,0
f3,-5.41091342936,2,0,7.84290658118e-07,0
f3,-5.4013669019,1,0,3.92145329059e-07,0
f3,-5.39657563336,0,1,0,2.22259265433e-06
f3,-5.38695678342,4,0,1.56858131624e-06,0
f3,-5.35780527183,1,0,3.92145329059e-07,0
f3,-5.35290300853,1,0,3.92145329059e-07,0
f3,-5.34798809422,1,0,3.92145329059e-07,0
f3,-5.34306046342,1,1,3.92145329059e-07,2.22259265433e-06
f3,-5.33812005017,1,0,3.92145329059e-07,0
f3,-5.33316678798,1,0,3.92145329059e-07,0
f3,-5.32820060983,1,1,3.92145329059e-07,2.22259265433e-06
f3,-5.31822923501,1,0,3.92145329059e-07,0
f3,-5.31322390167,0,1,0,2.22259265433e-06
f3,-5.30820537903,2,0,7.84290658118e-07,0
f3,-5.3031735974,1,0,3.92145329059e-07,0
f3,-5.29812848653,2,0,7.84290658118e-07,0
f3,-5.29306997561,2,1,7.84290658118e-07,2.22259265433e-06
f3,-5.28799799328,2,0,7.84290658118e-07,0
f3,-5.28291246759,1,0,3.92145329059e-07,0
f3,-5.27781332601,2,1,7.84290658118e-07,2.22259265433e-06
f3,-5.27270049545,3,0,1.17643598718e-06,0
f3,-5.26757390221,3,0,1.17643598718e-06,0
f3,-5.26243347199,1,0,3.92145329059e-07,0
f3,-5.25211080043,1,0,3.92145329059e-07,0
f3,-5.24692840746,2,0,7.84290658118e-07,0
f3,-5.24173187425,2,0,7.84290658118e-07,0
f3,-5.23129607696,1,0,3.92145329059e-07,0
f3,-5.22605665622,1,1,3.92145329059e-07,2.22259265433e-06
f3,-5.21553437398,2,0,7.84290658118e-07,0
f3,-5.2102513519,1,0,3.92145329059e-07,0
f3,-5.19964113928,2,0,7.84290658118e-07,0
f3,-5.19431378408,2,1,7.84290658118e-07,2.22259265433e-06
f3,-5.18897148537,2,0,7.84290658118e-07,0
f3,-5.18361415909,0,2,0,4.44518530866e-06
f3,-5.17824172043,3,0,1.17643598718e-06,0
f3,-5.17285408391,1,1,3.92145329059e-07,2.22259265433e-06
f3,-5.16745116329,1,2,3.92145329059e-07,4.44518530866e-06
f3,-5.16203287162,5,0,1.96072664529e-06,0
f3,-5.15659912117,1,0,3.92145329059e-07,0
f3,-5.15114982349,2,0,7.84290658118e-07,0
f3,-5.14568488935,2,1,7.84290658118e-07,2.22259265433e-06
f3,-5.14020422876,1,0,3.92145329059e-07,0
f3,-5.13470775095,1,1,3.92145329059e-07,2.22259265433e-06
f3,-5.12919536435,1,0,3.92145329059e-07,0
f3,-5.11812249456,1,0,3.92145329059e-07,0
f3,-5.11256182421,1,0,3.92145329059e-07,0
f3,-5.10698487077,3,0,1.17643598718e-06,0
f3,-5.10139153858,3,0,1.17643598718e-06,0
f3,-5.09578173117,2,0,7.84290658118e-07,0
f3,-5.09015535118,3,0,1.17643598718e-06,0
f3,-5.08451230042,5,0,1.96072664529e-06,0
f3,-5.07885247979,2,2,7.84290658118e-07,4.44518530866e-06
f3,-5.07317578933,3,0,1.17643598718e-06,0
f3,-5.06748212816,3,0,1.17643598718e-06,0
f3,-5.06177139453,4,1,1.56858131624e-06,2.22259265433e-06
f3,-5.05604348573,1,1,3.92145329059e-07,2.22259265433e-06
f3,-5.05029829815,0,1,0,2.22259265433e-06
f3,-5.04453572721,4,1,1.56858131624e-06,2.22259265433e-06
f3,-5.03875566742,4,0,1.56858131624e-06,0
f3,-5.03295801229,2,0,7.84290658118e-07,0
f3,-5.02714265437,4,0,1.56858131624e-06,0
f3,-5.02130948521,1,1,3.92145329059e-07,2.22259265433e-06
f3,-5.01545839539,4,1,1.56858131624e-06,2.22259265433e-06
f3,-5.00958927444,2,1,7.84290658118e-07,2.22259265433e-06
f3,-5.0037020109,2,0,7.84290658118e-07,0
f3,-4.99779649224,3,0,1.17643598718e-06,0
f3,-4.99187260491,6,3,2.35287197435e-06,6.66777796299e-06
f3,-4.98593023429,3,1,1.17643598718e-06,2.22259265433e-06
f3,-4.97996926467,2,1,7.84290658118e-07,2.22259265433e-06
f3,-4.97398957925,3,0,1.17643598718e-06,0
f3,-4.96799106015,1,0,3.92145329059e-07,0
f3,-4.96197358835,2,0,7.84290658118e-07,0
f3,-4.95593704371,2,0,7.84290658118e-07,0
f3,-4.94988130493,5,1,1.96072664529e-06,2.22259265433e-06
f3,-4.94380624958,3,1,1.17643598718e-06,2.22259265433e-06
f3,-4.93771175401,5,0,1.96072664529e-06,0
f3,-4.93159769341,6,1,2.35287197435e-06,2.22259265433e-06
f3,-4.92546394176,4,1,1.56858131624e-06,2.22259265433e-06
f3,-4.91931037182,6,0,2.35287197435e-06,0
f3,-4.9131368551,4,1,1.56858131624e-06,2.22259265433e-06
f3,-4.90694326187,6,1,2.35287197435e-06,2.22259265433e-06
f3,-4.90072946112,4,0,1.56858131624e-06,0
f3,-4.89449532057,5,3,1.96072664529e-06,6.66777796299e-06
f3,-4.8882407066,5,0,1.96072664529e-06,0
f3,-4.88196548432,7,2,2.74501730341e-06,4.44518530866e-06
f3,-4.87566951746,16,0,6.27432526494e-06,0
f3,-4.86935266842,5,2,1.96072664529e-06,4.44518530866e-06
f3,-4.86301479821,7,0,2.74501730341e-06,0
f3,-4.85665576646,7,1,2.74501730341e-06,2.22259265433e-06
f3,-4.85027543138,13,0,5.09788927777e-06,0
f3,-4.84387364976,5,0,1.96072664529e-06,0
f3,-4.83745027692,7,1,2.74501730341e-06,2.22259265433e-06
f3,-4.83100516674,11,2,4.31359861965e-06,4.44518530866e-06
f3,-4.8245381716,11,3,4.31359861965e-06,6.66777796299e-06
f3,-4.81804914236,8,1,3.13716263247e-06,2.22259265433e-06
f3,-4.81153792836,3,0,1.17643598718e-06,0
f3,-4.80500437739,9,1,3.52930796153e-06,2.22259265433e-06
f3,-4.79844833566,10,0,3.92145329059e-06,0
f3,-4.79186964781,3,2,1.17643598718e-06,4.44518530866e-06
f3,-4.78526815683,6,2,2.35287197435e-06,4.44518530866e-06
f3,-4.7786437041,14,1,5.49003460683e-06,2.22259265433e-06
f3,-4.77199612932,6,0,2.35287197435e-06,0
f3,-4.76532527052,8,1,3.13716263247e-06,2.22259265433e-06
f3,-4.75863096402,7,1,2.74501730341e-06,2.22259265433e-06
f3,-4.75191304439,9,0,3.52930796153e-06,0
f3,-4.74517134446,10,1,3.92145329059e-06,2.22259265433e-06
f3,-4.73840569529,7,1,2.74501730341e-06,2.22259265433e-06
f3,-4.7316159261,6,0,2.35287197435e-06,0
f3,-4.72480186431,12,2,4.70574394871e-06,4.44518530866e-06
f3,-4.71796333545,5,4,1.96072664529e-06,8.89037061733e-06
f3,-4.71110016319,8,1,3.13716263247e-06,2.22259265433e-06
f3,-4.70421216928,8,1,3.13716263247e-06,2.22259265433e-06
f3,-4.69729917353,12,1,4.70574394871e-06,2.22259265433e-06
f3,-4.69036099376,10,1,3.92145329059e-06,2.22259265433e-06
f3,-4.68339744582,9,2,3.52930796153e-06,4.44518530866e-06
f3,-4.67640834351,7,1,2.74501730341e-06,2.22259265433e-06
f3,-4.6693934986,10,1,3.92145329059e-06,2.22259265433e-06
f3,-4.66235272075,7,0,2.74501730341e-06,0
f3,-4.6552858175,8,0,3.13716263247e-06,0
f3,-4.64819259426,8,0,3.13716263247e-06,0
f3,-4.64107285423,10,0,3.92145329059e-06,0
f3,-4.63392639841,12,2,4.70574394871e-06,4.44518530866e-06
f3,-4.62675302556,6,1,2.35287197435e-06,2.22259265433e-06
f3,-4.61955253215,13,1,5.09788927777e-06,2.22259265433e-06
f3,-4.61232471231,19,1,7.45076125212e-06,2.22259265433e-06
f3,-4.60506935786,12,0,4.70574394871e-06,0
f3,-4.5977862582,10,0,3.92145329059e-06,0
f3,-4.59047520032,8,2,3.13716263247e-06,4.44518530866e-06
f3,-4.58313596873,4,2,1.56858131624e-06,4.44518530866e-06
f3,-4.57576834546,12,2,4.70574394871e-06,4.44518530866e-06
f3,-4.56837210999,16,2,6.27432526494e-06,4.44518530866e-06
f3,-4.56094703922,16,0,6.27432526494e-06,0
f3,-4.55349290744,7,4,2.74501730341e-06,8.89037061733e-06
f3,-4.54600948626,16,2,6.27432526494e-06,4.44518530866e-06
f3,-4.5384965446,21,0,8.23505191024e-06,0
f3,-4.53095384864,13,3,5.09788927777e-06,6.66777796299e-06
f3,-4.52338116177,11,0,4.31359861965e-06,0
f3,-4.51577824452,11,3,4.31359861965e-06,6.66777796299e-06
f3,-4.50814485458,15,2,5.88217993588e-06,4.44518530866e-06
f3,-4.5004807467,9,0,3.52930796153e-06,0
f3,-4.49278567263,9,2,3.52930796153e-06,4.44518530866e-06
f3,-4.48505938114,12,3,4.70574394871e-06,6.66777796299e-06
f3,-4.47730161791,14,1,5.49003460683e-06,2.22259265433e-06
f3,-4.4695121255,18,1,7.05861592306e-06,2.22259265433e-06
f3,-4.46169064329,12,1,4.70574394871e-06,2.22259265433e-06
f3,-4.45383690746,16,3,6.27432526494e-06,6.66777796299e-06
f3,-4.44595065089,15,1,5.88217993588e-06,2.22259265433e-06
f3,-4.43803160314,19,4,7.45076125212e-06,8.89037061733e-06
f3,-4.43007949038,19,3,7.45076125212e-06,6.66777796299e-06
f3,-4.42209403533,19,5,7.45076125212e-06,1.11129632717e-05
f3,-4.4140749572,22,4,8.6271972393e-06,8.89037061733e-06
f3,-4.40602197167,18,0,7.05861592306e-06,0
f3,-4.39793479078,15,1,5.88217993588e-06,2.22259265433e-06
f3,-4.38981312286,18,4,7.05861592306e-06,8.89037061733e-06
f3,-4.38165667253,20,3,7.84290658118e-06,6.66777796299e-06
f3,-4.37346514059,23,6,9.01934256836e-06,1.3335555926e-05
f3,-4.36523822396,17,4,6.666470594e-06,8.89037061733e-06
f3,-4.3569756156,25,2,9.80363322647e-06,4.44518530866e-06
f3,-4.34867700447,13,2,5.09788927777e-06,4.44518530866e-06
f3,-4.34034207546,25,3,9.80363322647e-06,6.66777796299e-06
f3,-4.33197050927,24,3,9.41148789741e-06,6.66777796299e-06
f3,-4.32356198241,27,1,1.05879238846e-05,2.22259265433e-06
f3,-4.31511616706,19,4,7.45076125212e-06,8.89037061733e-06
f3,-4.30663273103,22,2,8.6271972393e-06,4.44518530866e-06
f3,-4.29811133767,26,2,1.01957785555e-05,4.44518530866e-06
f3,-4.28955164577,27,3,1.05879238846e-05,6.66777796299e-06
f3,-4.28095330954,23,1,9.01934256836e-06,2.22259265433e-06
f3,-4.27231597846,32,3,1.25486505299e-05,6.66777796299e-06
f3,-4.26363929721,20,5,7.84290658118e-06,1.11129632717e-05
f3,-4.25492290561,25,4,9.80363322647e-06,8.89037061733e-06
f3,-4.24616643851,32,1,1.25486505299e-05,2.22259265433e-06
f3,-4.23736952568,24,0,9.41148789741e-06,0
f3,-4.22853179177,25,2,9.80363322647e-06,4.44518530866e-06
f3,-4.21965285616,30,3,1.17643598718e-05,6.66777796299e-06
f3,-4.21073233287,35,6,1.37250865171e-05,1.3335555926e-05
f3,-4.2017698305,25,2,9.80363322647e-06,4.44518530866e-06
f3,-4.19276495206,20,2,7.84290658118e-06,4.44518530866e-06
f3,-4.18371729495,23,3,9.01934256836e-06,6.66777796299e-06
f3,-4.17462645077,35,1,1.37250865171e-05,2.22259265433e-06
f3,-4.16549200525,25,2,9.80363322647e-06,4.44518530866e-06
f3,-4.15631353814,22,2,8.6271972393e-06,4.44518530866e-06
f3,-4.14709062307,29,4,1.13722145427e-05,8.89037061733e-06
f3,-4.13782282745,31,3,1.21565052008e-05,6.66777796299e-06
f3,-4.12850971237,32,4,1.25486505299e-05,8.89037061733e-06
f3,-4.1191508324,29,3,1.13722145427e-05,6.66777796299e-06
f3,-4.10974573556,30,3,1.17643598718e-05,6.66777796299e-06
f3,-4.10029396311,28,4,1.09800692137e-05,8.89037061733e-06
f3,-4.09079504945,37,3,1.45093771752e-05,6.66777796299e-06
f3,-4.081248522,41,2,1.60779584914e-05,4.44518530866e-06
f3,-4.071653901,38,6,1.49015225042e-05,1.3335555926e-05
f3,-4.06201069944,20,1,7.84290658118e-06,2.22259265433e-06
f3,-4.05231842284,26,1,1.01957785555e-05,2.22259265433e-06
f3,-4.04257656917,30,2,1.17643598718e-05,4.44518530866e-06
f3,-4.03278462863,29,2,1.13722145427e-05,4.44518530866e-06
f3,-4.02294208352,36,4,1.41172318461e-05,8.89037061733e-06
f3,-4.01304840807,34,3,1.3332941188e-05,6.66777796299e-06
f3,-4.00310306829,30,4,1.17643598718e-05,8.89037061733e-06
f3,-3.99310552177,35,2,1.37250865171e-05,4.44518530866e-06
f3,-3.98305521749,36,6,1.41172318461e-05,1.3335555926e-05
f3,-3.97295159571,36,2,1.41172318461e-05,4.44518530866e-06
f3,-3.96279408768,32,2,1.25486505299e-05,4.44518530866e-06
f3,-3.95258211555,38,1,1.49015225042e-05,2.22259265433e-06
f3,-3.94231509209,35,5,1.37250865171e-05,1.11129632717e-05
f3,-3.93199242053,30,4,1.17643598718e-05,8.89037061733e-06
f3,-3.92161349435,33,3,1.29407958589e-05,6.66777796299e-06
f3,-3.91117769706,49,7,1.92151211239e-05,1.55581485803e-05
f3,-3.90068440198,48,3,1.88229757948e-05,6.66777796299e-06
f3,-3.890132972,56,8,2.19601384273e-05,1.77807412347e-05
f3,-3.87952275937,36,6,1.41172318461e-05,1.3335555926e-05
f3,-3.86885310547,33,9,1.29407958589e-05,2.0003333889e-05
f3,-3.85812334053,42,1,1.64701038205e-05,2.22259265433e-06
f3,-3.84733278339,36,5,1.41172318461e-05,1.11129632717e-05
f3,-3.83648074127,55,7,2.15679930982e-05,1.55581485803e-05
f3,-3.82556650945,38,12,1.49015225042e-05,2.6671111852e-05
f3,-3.81458937105,34,3,1.3332941188e-05,6.66777796299e-06
f3,-3.80354859671,60,1,2.35287197435e-05,2.22259265433e-06
f3,-3.79244344431,41,6,1.60779584914e-05,1.3335555926e-05
f3,-3.78127315868,54,4,2.11758477692e-05,8.89037061733e-06
f3,-3.77003697128,46,4,1.80386851367e-05,8.89037061733e-06
f3,-3.75873409989,43,3,1.68622491495e-05,6.66777796299e-06
f3,-3.74736374826,60,6,2.35287197435e-05,1.3335555926e-05
f3,-3.73592510583,44,9,1.72543944786e-05,2.0003333889e-05
f3,-3.72441734731,50,6,1.96072664529e-05,1.3335555926e-05
f3,-3.71283963239,58,7,2.27444290854e-05,1.55581485803e-05
f3,-3.70119110531,54,4,2.11758477692e-05,8.89037061733e-06
f3,-3.68947089454,50,4,1.96072664529e-05,8.89037061733e-06
f3,-3.67767811234,71,7,2.78423183632e-05,1.55581485803e-05
f3,-3.66581185439,59,3,2.31365744145e-05,6.66777796299e-06
f3,-3.65387119935,55,7,2.15679930982e-05,1.55581485803e-05
f3,-3.64185520845,61,4,2.39208650726e-05,8.89037061733e-06
f3,-3.62976292503,63,7,2.47051557307e-05,1.55581485803e-05
f3,-3.6175933741,49,8,1.92151211239e-05,1.77807412347e-05
f3,-3.60534556186,60,5,2.35287197435e-05,1.11129632717e-05
f3,-3.5930184752,78,6,3.05873356666e-05,1.3335555926e-05
f3,-3.58061108122,67,15,2.62737370469e-05,3.3338889815e-05
f3,-3.5681223267,77,8,3.01951903375e-05,1.77807412347e-05
f3,-3.55555113756,55,6,2.15679930982e-05,1.3335555926e-05
f3,-3.54289641831,79,7,3.09794809957e-05,1.55581485803e-05
f3,-3.53015705148,57,9,2.23522837564e-05,2.0003333889e-05
f3,-3.51733189702,77,12,3.01951903375e-05,2.6671111852e-05
f3,-3.5044197917,75,13,2.94108996794e-05,2.88937045063e-05
f3,-3.49141954845,73,7,2.86266090213e-05,1.55581485803e-05
f3,-3.47832995576,91,8,3.56852249444e-05,1.77807412347e-05
f3,-3.46514977693,93,5,3.64695156025e-05,1.11129632717e-05
f3,-3.45187774942,87,10,3.41166436281e-05,2.22259265433e-05
f3,-3.43851258411,67,8,2.62737370469e-05,1.77807412347e-05
f3,-3.42505296456,98,11,3.84302422478e-05,2.44485191976e-05
f3,-3.4114975462,97,9,3.80380969187e-05,2.0003333889e-05
f3,-3.39784495555,99,9,3.88223875768e-05,2.0003333889e-05
f3,-3.38409378938,90,9,3.52930796153e-05,2.0003333889e-05
f3,-3.37024261386,75,10,2.94108996794e-05,2.22259265433e-05
f3,-3.35628996361,88,18,3.45087889572e-05,4.0006667778e-05
f3,-3.34223434085,92,13,3.60773702734e-05,2.88937045063e-05
f3,-3.32807421436,101,12,3.9606678235e-05,2.6671111852e-05
f3,-3.31380801851,79,11,3.09794809957e-05,2.44485191976e-05
f3,-3.29943415224,92,10,3.60773702734e-05,2.22259265433e-05
f3,-3.28495097796,92,5,3.60773702734e-05,1.11129632717e-05
f3,-3.27035682042,87,14,3.41166436281e-05,3.11162971606e-05
f3,-3.25564996556,88,7,3.45087889572e-05,1.55581485803e-05
f3,-3.24082865932,95,14,3.72538062606e-05,3.11162971606e-05
f3,-3.22589110635,104,9,4.07831142221e-05,2.0003333889e-05
f3,-3.21083546874,103,21,4.03909688931e-05,4.6674445741e-05
f3,-3.19565986462,97,14,3.80380969187e-05,3.11162971606e-05
f3,-3.18036236679,144,14,5.64689273845e-05,3.11162971606e-05
f3,-3.16494100124,118,11,4.6273148829e-05,2.44485191976e-05
f3,-3.14939374559,132,14,5.17631834358e-05,3.11162971606e-05
f3,-3.13371852756,114,18,4.47045675127e-05,4.0006667778e-05
f3,-3.11791322324,115,12,4.50967128418e-05,2.6671111852e-05
f3,-3.10197565542,129,15,5.05867474486e-05,3.3338889815e-05
f3,-3.08590359177,132,20,5.17631834358e-05,4.44518530866e-05
f3,-3.06969474296,157,18,6.15668166623e-05,4.0006667778e-05
f3,-3.05334676069,120,17,4.70574394871e-05,3.77840751236e-05
f3,-3.03685723569,144,28,5.64689273845e-05,6.22325943213e-05
f3,-3.02022369555,157,16,6.15668166623e-05,3.55614824693e-05
f3,-3.00344360251,138,18,5.41160554101e-05,4.0006667778e-05
f3,-2.98651435113,137,28,5.37239100811e-05,6.22325943213e-05
f3,-2.96943326587,137,23,5.37239100811e-05,5.11196310496e-05
f3,-2.95219759856,145,14,5.68610727135e-05,3.11162971606e-05
f3,-2.93480452571,178,28,6.98018685725e-05,6.22325943213e-05
f3,-2.91725114578,165,24,6.47039792947e-05,5.3342223704e-05
f3,-2.89953447626,165,27,6.47039792947e-05,6.00100016669e-05
f3,-2.88165145059,189,28,7.41154671921e-05,6.22325943213e-05
f3,-2.86359891505,175,24,6.86254325853e-05,5.3342223704e-05
f3,-2.84537362535,184,24,7.21547405468e-05,5.3342223704e-05
f3,-2.82697224316,193,18,7.56840485084e-05,4.0006667778e-05
f3,-2.80839133247,232,39,9.09777163417e-05,8.66811135189e-05
f3,-2.78962735566,209,16,8.19583737733e-05,3.55614824693e-05
f3,-2.77067666955,210,27,8.23505191024e-05,6.00100016669e-05
f3,-2.7515355211,208,16,8.15662284443e-05,3.55614824693e-05
f3,-2.73220004294,203,28,7.9605501799e-05,6.22325943213e-05
f3,-2.71266624873,212,18,8.31348097605e-05,4.0006667778e-05
f3,-2.69293002817,221,43,8.6664117722e-05,9.55714841362e-05
f3,-2.67298714186,216,21,8.47033910767e-05,4.6674445741e-05
f3,-2.65283321581,230,40,9.01934256836e-05,8.89037061733e-05
f3,-2.63246373565,215,25,8.43112457477e-05,5.55648163583e-05
f3,-2.61187404062,245,27,9.60756056194e-05,6.00100016669e-05
f3,-2.59105931716,242,27,9.48991696323e-05,6.00100016669e-05
f3,-2.57001459209,244,29,9.56834602904e-05,6.44551869756e-05
f3,-2.54873472557,233,37,9.13698616707e-05,8.22359282103e-05
f3,-2.52721440349,248,44,9.72520416066e-05,9.77940767906e-05
f3,-2.50544812954,280,36,0.000109800692137,8.00133355559e-05
f3,-2.4834302168,277,35,0.000108624256149,7.77907429016e-05
f3,-2.46115477878,277,37,0.000108624256149,8.22359282103e-05
f3,-2.43861571998,288,30,0.000112937854769,6.66777796299e-05
f3,-2.41580672593,298,42,0.00011685930806,9.33488914819e-05
f3,-2.39272125248,292,33,0.000114506436085,7.33455575929e-05
f3,-2.36935251463,302,46,0.000118427889376,0.000102239262099
f3,-2.34569347448,342,46,0.000134113702538,0.000102239262099
f3,-2.32173682855,335,51,0.000131368685235,0.000113352225371
f3,-2.2974749942,326,51,0.000127839377273,0.000113352225371
f3,-2.2729000953,348,40,0.000136466574513,8.89037061733e-05
f3,-2.2480039468,378,56,0.000148230934384,0.000124465188643
f3,-2.22277803841,369,49,0.000144701626423,0.000108907040062
f3,-2.19721351712,361,50,0.00014156446379,0.000111129632717
f3,-2.17130116855,385,61,0.000150975951688,0.000135578151914
f3,-2.14503139703,404,66,0.00015842671294,0.000146691115186
f3,-2.11839420421,403,66,0.000158034567611,0.000146691115186
f3,-2.09137916629,444,64,0.000174112526102,0.000142245929877
f3,-2.06397540948,441,44,0.000172936090115,9.77940767906e-05
f3,-2.03617158371,518,62,0.000203131280453,0.000137800744569
f3,-2.00795583445,522,74,0.000204699861769,0.000164471856421
f3,-1.97931577234,498,86,0.000195288373871,0.000191142968272
f3,-1.95023844051,545,73,0.000213719204337,0.000162249263766
f3,-1.92071027942,612,86,0.000239992941384,0.000191142968272
f3,-1.89071708884,604,90,0.000236855778752,0.00020003333889
f3,-1.86024398689,617,85,0.000241953668029,0.000188920375618
f3,-1.82927536569,674,75,0.000264305951786,0.000166694449075
f3,-1.79779484334,693,82,0.000271756713038,0.000182252597655
f3,-1.76578521187,733,100,0.0002874425262,0.000222259265433
f3,-1.73322838079,714,107,0.000279991764948,0.000237817414013
f3,-1.70010531565,703,118,0.000275678166328,0.000262265933211
f3,-1.66639597123,797,119,0.00031253982726,0.000264488525865
f3,-1.63207921865,878,128,0.000344303598914,0.000284491859754
f3,-1.59713276588,1013,148,0.000397243218337,0.000328943712841
f3,-1.56153307069,1103,170,0.000432536297952,0.000377840751236
f3,-1.52525524545,1535,241,0.000601943080105,0.000535644829694
f3,-1.48827295256,983,134,0.000385478858465,0.00029782741568
f3,-1.45055828965,908,127,0.000356067958786,0.0002822692671
f3,-1.41208166304,902,133,0.000353715086811,0.000295604823026
f3,-1.37281164827,899,126,0.000352538650824,0.000280046674446
f3,-1.3327148359,968,133,0.000379596678529,0.000295604823026
f3,-1.29175566072,1028,145,0.000403125398273,0.000322275934878
f3,-1.24989621219,1062,133,0.000416458339461,0.000295604823026
f3,-1.20709602359,1092,162,0.000428222699332,0.000360060010002
f3,-1.1633118369,1182,166,0.000463515778948,0.000368950380619
f3,-1.11849734008,1229,153,0.000481946609413,0.000340056676113
f3,-1.07260287258,1252,196,0.000490965951982,0.000435628160249
f3,-1.02557509458,1359,193,0.000532925502191,0.000428960382286
f3,-0.977356614299,1461,200,0.000572924325755,0.000444518530866
f3,-0.927885566894,1428,197,0.000559983529896,0.000437850752903
f3,-0.877095137213,1532,216,0.000600766644118,0.000480080013336
f3,-0.824913017123,1627,258,0.000638020450379,0.000573428904817
f3,-0.771260786392,1724,258,0.000676058547298,0.000573428904817
f3,-0.716053203807,1826,280,0.000716057370862,0.000622325943213
f3,-0.659197392438,1962,281,0.000769389135614,0.000624548535867
f3,-0.600591899514,2144,300,0.000840759585502,0.000666777796299
f3,-0.540125606988,2275,353,0.000892130623609,0.000784575206979
f3,-0.477676463435,2313,356,0.000907032146113,0.000791242984942
f3,-0.413110000886,2393,378,0.000938403772438,0.000840140023337
f3,-0.346277591324,2790,459,0.00109408546807,0.00102017002834
f3,-0.277014385976,2704,386,0.00106036096978,0.000857920764572
f3,-0.205136865543,2976,441,0.00116702449928,0.00098016336056
f3,-0.130439909747,3196,463,0.00125329647167,0.00102906039896
f3,-0.0526932683667,3436,525,0.00134741135065,0.00116686114352
f3,0.0283627191805,3780,635,0.00148230934384,0.0014113463355
f3,0.113022356318,4355,694,0.00170779290805,0.00154247930211
f3,0.201621039823,4334,710,0.00169955785614,0.00157804078458
f3,0.294543285321,4806,745,0.00188465045146,0.00165583152748
f3,0.392232813009,4776,733,0.00187288609159,0.00162916041562
f3,0.49520536278,5351,785,0.00209836965579,0.00174473523365
f3,0.604065176096,5688,890,0.00223052263169,0.00197810746235
f3,0.719526480389,6336,974,0.00248463280492,0.00216480524532
f3,0.842441916468,6925,1135,0.00271560640373,0.00252264266267
f3,0.973840788579,7923,1266,0.00310696744213,0.00281380230038
f3,1.11498151436,8724,1413,0.00342107585071,0.00314052342057
f3,1.26742511154,10381,1681,0.00407086066096,0.00373617825193
f3,1.43314073622,11570,1889,0.00453712145721,0.00419847752403
f3,1.61466166522,13909,2272,0.00545434938188,0.00504973051064
f3,1.81532374268,15631,2676,0.00612962363852,0.00594765794299
f3,2.03964486029,18983,3065,0.00744409478153,0.00681224648553
f3,2.29395916848,22693,3817,0.00889895395233,0.00848363616158
f3,2.58754349144,29670,5062,0.0116349519132,0.0112507640162
f3,2.93478004513,39372,6718,0.0154395458957,0.0149313774518
f3,3.35976324019,56490,9641,0.0221522896385,0.0214280157804
f3,3.90766187134,104638,18296,0.0410333029421,0.0406645552036
f3,4.6798816201,2082730,373302,0.816732841191,0.829698283047
f4,10.2805252257,2438204,431441,0.956130309893,0.958917597377
f4,11.029584464,64237,10429,0.0251902395028,0.023179418792
f4,11.5610504515,18052,2994,0.00707900748017,0.00665444240707
f4,11.9732874979,8498,1378,0.00333245100634,0.00306273267767
f4,12.3101096898,4758,819,0.00186582747566,0.0018203033839
f4,12.5948887953,3094,519,0.00121329764811,0.0011535255876
f4,12.8415756772,2202,371,0.000863504014588,0.000824581874757
f4,13.0591689281,1655,315,0.000649000519593,0.000700116686114
f4,13.2538127236,1290,239,0.000505867474486,0.000531199644385
f4,13.4298894544,1126,164,0.00044155564052,0.00036450519531
f4,13.5906349155,835,137,0.000327441349764,0.000304495193643
f4,13.7385064054,670,121,0.000262737370469,0.000268933711174
f4,13.8754140211,595,93,0.00023332647079,0.000206701116853
f4,14.0028719619,513,87,0.000201170553807,0.000193365560927
f4,14.122100903,430,72,0.000168622491495,0.000160026671112
f4,14.2340992775,375,66,0.000147054498397,0.000146691115186
f4,14.3396941538,292,53,0.000114506436085,0.00011779741068
f4,14.4395783381,290,46,0.000113722145427,0.000102239262099
f4,14.5343379494,266,42,0.00010431065753,9.33488914819e-05
f4,14.6244732594,223,42,8.74484083801e-05,9.33488914819e-05
f4,14.7104146802,174,35,6.82332872563e-05,7.77907429016e-05
f4,14.792535195,175,41,6.86254325853e-05,9.11262988276e-05
f4,14.8711601413,162,26,6.35275433075e-05,5.77874090126e-05
f4,14.9465749958,132,27,5.17631834358e-05,6.00100016669e-05
f4,15.0190316312,122,15,4.78417301452e-05,3.3338889815e-05
f4,15.0887533921,129,25,5.05867474486e-05,5.55648163583e-05
f4,15.1559392468,109,24,4.27438408674e-05,5.3342223704e-05
f4,15.2207672105,102,15,3.9998823564e-05,3.3338889815e-05
f4,15.2833971877,85,21,3.333235297e-05,4.6674445741e-05
f4,15.3439733488,69,11,2.70580277051e-05,2.44485191976e-05
f4,15.4026261287,76,14,2.98030450085e-05,3.11162971606e-05
f4,15.4594739185,61,13,2.39208650726e-05,2.88937045063e-05
f4,15.5146245033,59,12,2.31365744145e-05,2.6671111852e-05
f4,15.5681762932,47,10,1.84308304658e-05,2.22259265433e-05
f4,15.6202193796,61,11,2.39208650726e-05,2.44485191976e-05
f4,15.670836447,51,10,1.9999411782e-05,2.22259265433e-05
f4,15.7201035639,39,11,1.52936678333e-05,2.44485191976e-05
f4,15.7680908695,33,6,1.29407958589e-05,1.3335555926e-05
f4,15.8148631751,40,10,1.56858131624e-05,2.22259265433e-05
f4,15.8604804902,31,6,1.21565052008e-05,1.3335555926e-05
f4,15.9049984851,27,6,1.05879238846e-05,1.3335555926e-05
f4,15.9484689,37,9,1.45093771752e-05,2.0003333889e-05
f4,15.9909399059,34,6,1.3332941188e-05,1.3335555926e-05
f4,16.032456426,27,8,1.05879238846e-05,1.77807412347e-05
f4,16.0730604207,20,3,7.84290658118e-06,6.66777796299e-06
f4,16.1127911432,29,2,1.13722145427e-05,4.44518530866e-06
f4,16.151685367,14,4,5.49003460683e-06,8.89037061733e-06
f4,16.1897775906,20,1,7.84290658118e-06,2.22259265433e-06
f4,16.2271002215,22,4,8.6271972393e-06,8.89037061733e-06
f4,16.2636837416,22,5,8.6271972393e-06,1.11129632717e-05
f4,16.2995568569,20,6,7.84290658118e-06,1.3335555926e-05
f4,16.3347466331,9,2,3.52930796153e-06,4.44518530866e-06
f4,16.3692786179,14,3,5.49003460683e-06,6.66777796299e-06
f4,16.4031769523,15,4,5.88217993588e-06,8.89037061733e-06
f4,16.4364644726,13,4,5.09788927777e-06,8.89037061733e-06
f4,16.4691628022,12,1,4.70574394871e-06,2.22259265433e-06
f4,16.5012924362,20,2,7.84290658118e-06,4.44518530866e-06
f4,16.5328728188,16,2,6.27432526494e-06,4.44518530866e-06
f4,16.5639224134,14,3,5.49003460683e-06,6.66777796299e-06
f4,16.594458768,11,3,4.31359861965e-06,6.66777796299e-06
f4,16.6244985745,13,3,5.09788927777e-06,6.66777796299e-06
f4,16.6540577234,9,5,3.52930796153e-06,1.11129632717e-05
f4,16.6831513545,16,0,6.27432526494e-06,0
f4,16.7117939033,11,0,4.31359861965e-06,0
f4,16.7399991442,7,1,2.74501730341e-06,2.22259265433e-06
f4,16.76778023,7,3,2.74501730341e-06,6.66777796299e-06
f4,16.795149729,4,2,1.56858131624e-06,4.44518530866e-06
f4,16.822119659,13,1,5.09788927777e-06,2.22259265433e-06
f4,16.8487015189,8,3,3.13716263247e-06,6.66777796299e-06
f4,16.8749063185,8,2,3.13716263247e-06,4.44518530866e-06
f4,16.9007446053,5,1,1.96072664529e-06,2.22259265433e-06
f4,16.9262264906,7,2,2.74501730341e-06,4.44518530866e-06
f4,16.9513616728,4,1,1.56858131624e-06,2.22259265433e-06
f4,16.9761594598,9,3,3.52930796153e-06,6.66777796299e-06
f4,17.0006287896,7,4,2.74501730341e-06,8.89037061733e-06
f4,17.0247782497,5,0,1.96072664529e-06,0
f4,17.0486160952,4,1,1.56858131624e-06,2.22259265433e-06
f4,17.0721502656,5,1,1.96072664529e-06,2.22259265433e-06
f4,17.0953884009,3,1,1.17643598718e-06,2.22259265433e-06
f4,17.1183378562,3,2,1.17643598718e-06,4.44518530866e-06
f4,17.1410057159,3,1,1.17643598718e-06,2.22259265433e-06
f4,17.163398807,7,1,2.74501730341e-06,2.22259265433e-06
f4,17.1855237109,7,0,2.74501730341e-06,0
f4,17.2073867754,7,1,2.74501730341e-06,2.22259265433e-06
f4,17.2289941257,4,0,1.56858131624e-06,0
f4,17.2503516745,3,1,1.17643598718e-06,2.22259265433e-06
f4,17.2714651317,3,2,1.17643598718e-06,4.44518530866e-06
f4,17.2923400136,3,0,1.17643598718e-06,0
f4,17.3129816517,3,0,1.17643598718e-06,0
f4,17.3333952008,5,2,1.96072664529e-06,4.44518530866e-06
f4,17.3535856465,3,0,1.17643598718e-06,0
f4,17.3735578128,3,0,1.17643598718e-06,0
f4,17.393316369,2,0,7.84290658118e-07,0
f4,17.412865836,2,1,7.84290658118e-07,2.22259265433e-06
f4,17.4322105928,5,0,1.96072664529e-06,0
f4,17.4513548822,4,1,1.56858131624e-06,2.22259265433e-06
f4,17.4703028164,1,0,3.92145329059e-07,0
f4,17.4890583825,4,3,1.56858131624e-06,6.66777796299e-06
f4,17.5076254472,4,0,1.56858131624e-06,0
f4,17.526007762,6,0,2.35287197435e-06,0
f4,17.5442089673,4,0,1.56858131624e-06,0
f4,17.562232597,2,1,7.84290658118e-07,2.22259265433e-06
f4,17.5800820827,1,1,3.92145329059e-07,2.22259265433e-06
f4,17.5977607572,3,1,1.17643598718e-06,2.22259265433e-06
f4,17.6326185346,5,1,1.96072664529e-06,2.22259265433e-06
f4,17.6498038436,2,0,7.84290658118e-07,0
f4,17.6668307604,2,1,7.84290658118e-07,2.22259265433e-06
f4,17.7004209111,2,0,7.84290658118e-07,0
f4,17.7169896983,3,0,1.17643598718e-06,0
f4,17.7334112055,1,0,3.92145329059e-07,0
f4,17.7496880279,2,0,7.84290658118e-07,0
f4,17.7658226928,2,0,7.84290658118e-07,0
f4,17.781817662,1,0,3.92145329059e-07,0
f4,17.7976753335,5,0,1.96072664529e-06,0
f4,17.8289880729,2,0,7.84290658118e-07,0
f4,17.8444476392,2,0,7.84290658118e-07,0
f4,17.8597789088,0,2,0,4.44518530866e-06
f4,17.8749839938,1,0,3.92145329059e-07,0
f4,17.8900649542,1,0,3.92145329059e-07,0
f4,17.9198624936,1,0,3.92145329059e-07,0
f4,17.9491870362,2,0,7.84290658118e-07,0
f4,17.9923191291,1,0,3.92145329059e-07,0
f4,18.02052437,1,1,3.92145329059e-07,2.22259265433e-06
f4,18.0344671334,2,0,7.84290658118e-07,0
f4,18.06204089,1,2,3.92145329059e-07,4.44518530866e-06
f4,18.0756749548,2,0,7.84290658118e-07,0
f4,18.1292267447,1,0,3.92145329059e-07,0
f4,18.1423756073,1,0,3.92145329059e-07,0
f4,18.1554315442,1,0,3.92145329059e-07,0
f4,18.1683958599,2,0,7.84290658118e-07,0
f4,18.1812698311,2,0,7.84290658118e-07,0
f4,18.2067517163,2,1,7.84290658118e-07,2.22259265433e-06
f4,18.2193620547,1,1,3.92145329059e-07,2.22259265433e-06
f4,18.2318868985,1,1,3.92145329059e-07,2.22259265433e-06
f4,18.2443273994,1,0,3.92145329059e-07,0
f4,18.2689598629,1,0,3.92145329059e-07,0
f4,18.2811540154,1,0,3.92145329059e-07,0
f4,18.3053034755,1,0,3.92145329059e-07,0
f4,18.3172608466,1,0,3.92145329059e-07,0
f4,18.329141321,2,0,7.84290658118e-07,0
f4,18.3409458812,0,2,0,4.44518530866e-06
f4,18.3526754914,0,1,0,2.22259265433e-06
f4,18.3874239903,1,0,3.92145329059e-07,0
f4,18.4770128109,1,0,3.92145329059e-07,0
f4,18.4879120012,0,1,0,2.22259265433e-06
f4,18.5202289895,2,0,7.84290658118e-07,0
f4,18.5624572828,1,0,3.92145329059e-07,0
f4,18.5832148876,0,1,0,2.22259265433e-06
f4,18.6139204265,0,1,0,2.22259265433e-06
f4,18.7602296268,1,0,3.92145329059e-07,0
f4,18.7695836082,0,1,0,2.22259265433e-06
f4,18.788150673,2,0,7.84290658118e-07,0
f4,18.7973646941,1,0,3.92145329059e-07,0
f4,18.8870622816,1,0,3.92145329059e-07,0
f4,18.9558109546,1,0,3.92145329059e-07,0
f4,19.0057439238,0,1,0,2.22259265433e-06
f4,19.0139364312,0,1,0,2.22259265433e-06
f4,19.0463479186,1,0,3.92145329059e-07,0
f4,19.0543627138,0,1,0,2.22259265433e-06
f4,19.0623428877,0,1,0,2.22259265433e-06
f4,19.1017347297,1,0,3.92145329059e-07,0
f4,19.1172592529,1,0,3.92145329059e-07,0
f4,19.1249728649,1,0,3.92145329059e-07,0
f4,19.3357111639,1,0,3.92145329059e-07,0
f4,19.4163381,2,0,7.84290658118e-07,0
f4,19.5061603167,1,0,3.92145329059e-07,0
f4,19.5248526251,0,1,0,2.22259265433e-06
f4,19.7410677279,1,1,3.92145329059e-07,2.22259265433e-06
f4,20.2405491979,0,1,0,2.22259265433e-06
f4,20.3666038669,1,0,3.92145329059e-07,0
f5,-8.73749150861,1,0,3.92145329059e-07,0
f5,-7.67688542941,1,0,3.92145329059e-07,0
f5,-7.41597604273,1,0,3.92145329059e-07,0
f5,-7.19182605105,1,0,3.92145329059e-07,0
f5,-6.99360522675,0,1,0,2.22259265433e-06
f5,-6.87689949898,1,0,3.92145329059e-07,0
f5,-6.82877742851,1,0,3.92145329059e-07,0
f5,-6.75495861342,1,0,3.92145329059e-07,0
f5,-6.70460854479,1,0,3.92145329059e-07,0
f5,-6.60102169213,2,0,7.84290658118e-07,0
f5,-6.43784316661,1,1,3.92145329059e-07,2.22259265433e-06
f5,-6.38119890938,1,0,3.92145329059e-07,0
f5,-6.26424212421,1,0,3.92145329059e-07,0
f5,-6.07879576039,1,0,3.92145329059e-07,0
f5,-6.0466199292,1,0,3.92145329059e-07,0
f5,-5.91396796215,1,0,3.92145329059e-07,0
f5,-5.87976844199,1,2,3.92145329059e-07,4.44518530866e-06
f5,-5.81005113485,1,0,3.92145329059e-07,0
f5,-5.77451041956,1,0,3.92145329059e-07,0
f5,-5.73849895265,2,0,7.84290658118e-07,0
f5,-5.66501269533,2,0,7.84290658118e-07,0
f5,-5.62751105244,1,0,3.92145329059e-07,0
f5,-5.58948489407,1,0,3.92145329059e-07,0
f5,-5.51179886606,2,0,7.84290658118e-07,0
f5,-5.47210727058,2,0,7.84290658118e-07,0
f5,-5.4318276301,3,0,1.17643598718e-06,0
f5,-5.39094225809,3,1,1.17643598718e-06,2.22259265433e-06
f5,-5.34943265785,1,1,3.92145329059e-07,2.22259265433e-06
f5,-5.30727947233,4,0,1.56858131624e-06,0
f5,-5.2644624299,2,0,7.84290658118e-07,0
f5,-5.22096028578,4,0,1.56858131624e-06,0
f5,-5.1767507588,1,0,3.92145329059e-07,0
f5,-5.13181046284,3,1,1.17643598718e-06,2.22259265433e-06
f5,-5.08611483252,3,1,1.17643598718e-06,2.22259265433e-06
f5,-5.03963804259,2,0,7.84290658118e-07,0
f5,-4.99235292026,2,1,7.84290658118e-07,2.22259265433e-06
f5,-4.94423084979,2,0,7.84290658118e-07,0
f5,-4.89524166848,6,1,2.35287197435e-06,2.22259265433e-06
f5,-4.84535355313,3,0,1.17643598718e-06,0
f5,-4.79453289584,6,1,2.35287197435e-06,2.22259265433e-06
f5,-4.74274416803,3,1,1.17643598718e-06,2.22259265433e-06
f5,-4.68994977127,2,0,7.84290658118e-07,0
f5,-4.63610987324,3,1,1.17643598718e-06,2.22259265433e-06
f5,-4.58118222724,4,0,1.56858131624e-06,0
f5,-4.52512197303,5,0,1.96072664529e-06,0
f5,-4.46788141664,6,0,2.35287197435e-06,0
f5,-4.40940978665,2,0,7.84290658118e-07,0
f5,-4.34965296353,8,1,3.13716263247e-06,2.22259265433e-06
f5,-4.28855317867,4,0,1.56858131624e-06,0
f5,-4.22604867871,4,2,1.56858131624e-06,4.44518530866e-06
f5,-4.16207335048,7,2,2.74501730341e-06,4.44518530866e-06
f5,-4.09655630063,5,1,1.96072664529e-06,2.22259265433e-06
f5,-4.02942138343,10,1,3.92145329059e-06,2.22259265433e-06
f5,-3.96058666873,15,2,5.88217993588e-06,4.44518530866e-06
f5,-3.88996384084,16,2,6.27432526494e-06,4.44518530866e-06
f5,-3.81745751721,14,4,5.49003460683e-06,8.89037061733e-06
f5,-3.74296447372,9,3,3.52930796153e-06,6.66777796299e-06
f5,-3.66637276088,10,2,3.92145329059e-06,4.44518530866e-06
f5,-3.58756069185,17,1,6.666470594e-06,2.22259265433e-06
f5,-3.50639567936,15,3,5.88217993588e-06,6.66777796299e-06
f5,-3.42273289361,17,4,6.666470594e-06,8.89037061733e-06
f5,-3.33641370706,31,5,1.21565052008e-05,1.11129632717e-05
f5,-3.24726388412,26,4,1.01957785555e-05,8.89037061733e-06
f5,-3.15509146386,23,6,9.01934256836e-06,1.3335555926e-05
f5,-3.05968427107,28,7,1.09800692137e-05,1.55581485803e-05
f5,-2.96080697441,38,5,1.49015225042e-05,1.11129632717e-05
f5,-2.85819758931,36,8,1.41172318461e-05,1.77807412347e-05
f5,-2.75156329452,52,3,2.03915571111e-05,6.66777796299e-06
f5,-2.6405753943,43,7,1.68622491495e-05,1.55581485803e-05
f5,-2.52486320792,56,4,2.19601384273e-05,8.89037061733e-06
f5,-2.40400659995,57,8,2.23522837564e-05,1.77807412347e-05
f5,-2.27752677176,85,12,3.333235297e-05,2.6671111852e-05
f5,-2.1448748047,92,16,3.60773702734e-05,3.55614824693e-05
f5,-2.00541726212,113,19,4.43124221837e-05,4.22292604323e-05
f5,-1.858417895,116,20,4.54888581708e-05,4.44518530866e-05
f5,-1.70301411313,156,17,6.11746713332e-05,3.77840751236e-05
f5,-1.53818631489,186,27,7.2939031205e-05,6.00100016669e-05
f5,-1.3627173054,218,29,8.54876817349e-05,6.44551869756e-05
f5,-1.17513769234,297,34,0.000116467162731,7.55681502473e-05
f5,-0.97365101059,395,43,0.000154897404978,9.55714841362e-05
f5,-0.756028815581,473,60,0.000185484740645,0.00013335555926
f5,-0.519460021226,627,76,0.00024587512132,0.000168917041729
f5,-0.260328225981,879,108,0.000344695744243,0.000240040006668
f5,0.0261286837261,1229,196,0.000481946609413,0.000435628160249
f5,0.346360263834,1864,256,0.000730958893366,0.000568983719509
f5,0.709408886378,2885,416,0.00113133927434,0.000924598544202
f5,1.12851776314,4949,641,0.00194072723351,0.00142468189143
f5,1.62421835274,9740,1399,0.00381949550503,0.00310940712341
f5,2.23090684256,23175,3622,0.00908796800094,0.00805023059399
f5,3.01306434186,89098,14675,0.0349393645285,0.0326165472023
f5,4.11545342128,2412858,428161,0.946190994383,0.951627493471
f6,-31.4297837756,1,0,3.92145329059e-07,0
f6,-29.3061955609,0,1,0,2.22259265433e-06
f6,-29.1076024918,1,0,3.92145329059e-07,0
f6,-28.6054481248,1,0,3.92145329059e-07,0
f6,-28.3917664834,1,0,3.92145329059e-07,0
f6,-28.0096892584,0,1,0,2.22259265433e-06
f6,-27.9002045768,1,0,3.92145329059e-07,0
f6,-27.638219217,1,0,3.92145329059e-07,0
f6,-27.1902577742,1,0,3.92145329059e-07,0
f6,-27.1056816552,0,1,0,2.22259265433e-06
f6,-26.8645721125,1,0,3.92145329059e-07,0
f6,-26.8478317263,1,0,3.92145329059e-07,0
f6,-26.8328908694,1,0,3.92145329059e-07,0
f6,-26.7035301036,0,1,0,2.22259265433e-06
f6,-26.6919073832,1,0,3.92145329059e-07,0
f6,-26.6450672921,1,0,3.92145329059e-07,0
f6,-26.6234096149,1,0,3.92145329059e-07,0
f6,-26.4724513553,1,0,3.92145329059e-07,0
f6,-26.3430946573,1,0,3.92145329059e-07,0
f6,-26.2961435883,1,0,3.92145329059e-07,0
f6,-26.1828704094,0,1,0,2.22259265433e-06
f6,-26.1204876693,2,0,7.84290658118e-07,0
f6,-26.0889183943,1,0,3.92145329059e-07,0
f6,-26.079851505,1,0,3.92145329059e-07,0
f6,-26.0684881955,0,1,0,2.22259265433e-06
f6,-26.0662115584,2,0,7.84290658118e-07,0
f6,-26.0570917083,1,0,3.92145329059e-07,0
f6,-26.0433718556,1,0,3.92145329059e-07,0
f6,-26.0364938025,1,0,3.92145329059e-07,0
f6,-26.0180928535,1,0,3.92145329059e-07,0
f6,-26.0065480534,1,0,3.92145329059e-07,0
f6,-25.9553413143,2,0,7.84290658118e-07,0
f6,-25.9506526722,1,0,3.92145329059e-07,0
f6,-25.9389063676,1,0,3.92145329059e-07,0
f6,-25.9294838064,1,0,3.92145329059e-07,0
f6,-25.9105701699,1,0,3.92145329059e-07,0
f6,-25.8987024378,1,0,3.92145329059e-07,0
f6,-25.8915644399,1,0,3.92145329059e-07,0
f6,-25.8604813825,1,0,3.92145329059e-07,0
f6,-25.7877922412,1,0,3.92145329059e-07,0
f6,-25.7435200001,0,1,0,2.22259265433e-06
f6,-25.7410456456,1,0,3.92145329059e-07,0
f6,-25.7211941389,1,0,3.92145329059e-07,0
f6,-25.7137237173,1,0,3.92145329059e-07,0
f6,-25.7087354814,1,0,3.92145329059e-07,0
f6,-25.6761556306,1,0,3.92145329059e-07,0
f6,-25.6736381883,1,0,3.92145329059e-07,0
f6,-25.6382224449,1,0,3.92145329059e-07,0
f6,-25.6203933382,1,0,3.92145329059e-07,0
f6,-25.6024824194,1,0,3.92145329059e-07,0
f6,-25.5999169944,1,0,3.92145329059e-07,0
f6,-25.5844889344,0,1,0,2.22259265433e-06
f6,-25.5767519763,1,0,3.92145329059e-07,0
f6,-25.5482511959,1,0,3.92145329059e-07,0
f6,-25.5247765868,1,0,3.92145329059e-07,0
f6,-25.4561570737,0,1,0,2.22259265433e-06
f6,-25.4428215838,1,0,3.92145329059e-07,0
f6,-25.434798366,1,0,3.92145329059e-07,0
f6,-25.4267586225,1,0,3.92145329059e-07,0
f6,-25.4213895789,2,0,7.84290658118e-07,0
f6,-25.3890192973,1,0,3.92145329059e-07,0
f6,-25.36456419,1,0,3.92145329059e-07,0
f6,-25.3399548989,1,0,3.92145329059e-07,0
f6,-25.3041319697,1,0,3.92145329059e-07,0
f6,-25.2958182411,2,0,7.84290658118e-07,0
f6,-25.2930430586,2,0,7.84290658118e-07,0
f6,-25.2902659015,1,0,3.92145329059e-07,0
f6,-25.2874867671,1,0,3.92145329059e-07,0
f6,-25.2679772237,1,0,3.92145329059e-07,0
f6,-25.2623851109,1,0,3.92145329059e-07,0
f6,-25.2539818911,1,0,3.92145329059e-07,0
f6,-25.2483696773,1,0,3.92145329059e-07,0
f6,-25.2230143757,1,0,3.92145329059e-07,0
f6,-25.2116922675,1,0,3.92145329059e-07,0
f6,-25.2060188739,1,0,3.92145329059e-07,0
f6,-25.1889490475,1,0,3.92145329059e-07,0
f6,-25.1775275497,1,0,3.92145329059e-07,0
f6,-25.1718042436,2,0,7.84290658118e-07,0
f6,-25.1632035187,1,0,3.92145329059e-07,0
f6,-25.1574591555,0,1,0,2.22259265433e-06
f6,-25.1372870481,1,0,3.92145329059e-07,0
f6,-25.1315043892,1,0,3.92145329059e-07,0
f6,-25.1286098439,1,0,3.92145329059e-07,0
f6,-25.1257131506,1,1,3.92145329059e-07,2.22259265433e-06
f6,-25.1141048325,1,0,3.92145329059e-07,0
f6,-25.1024618885,1,0,3.92145329059e-07,0
f6,-25.099545718,1,0,3.92145329059e-07,0
f6,-25.0878592,1,0,3.92145329059e-07,0
f6,-25.0790712922,1,0,3.92145329059e-07,0
f6,-25.0732016759,1,0,3.92145329059e-07,0
f6,-25.0702635545,1,0,3.92145329059e-07,0
f6,-25.0525882303,1,0,3.92145329059e-07,0
f6,-25.0259242581,1,0,3.92145329059e-07,0
f6,-25.0169956364,2,0,7.84290658118e-07,0
f6,-25.0140148848,1,0,3.92145329059e-07,0
f6,-24.9900865703,1,0,3.92145329059e-07,0
f6,-24.9780671795,2,1,7.84290658118e-07,2.22259265433e-06
f6,-24.950887459,0,1,0,2.22259265433e-06
f6,-24.9448217327,1,0,3.92145329059e-07,0
f6,-24.9387465656,2,0,7.84290658118e-07,0
f6,-24.9326619282,1,0,3.92145329059e-07,0
f6,-24.9235171507,1,0,3.92145329059e-07,0
f6,-24.9204641243,3,1,1.17643598718e-06,2.22259265433e-06
f6,-24.917408708,1,1,3.92145329059e-07,2.22259265433e-06
f6,-24.9082280827,2,0,7.84290658118e-07,0
f6,-24.8990258134,0,1,0,2.22259265433e-06
f6,-24.8743798336,1,1,3.92145329059e-07,2.22259265433e-06
f6,-24.8712881153,1,0,3.92145329059e-07,0
f6,-24.8433518953,1,0,3.92145329059e-07,0
f6,-24.8277449409,1,0,3.92145329059e-07,0
f6,-24.815214291,1,0,3.92145329059e-07,0
f6,-24.812075333,1,0,3.92145329059e-07,0
f6,-24.8026432847,1,0,3.92145329059e-07,0
f6,-24.7963425665,1,1,3.92145329059e-07,2.22259265433e-06
f6,-24.7931883893,1,0,3.92145329059e-07,0
f6,-24.7837105358,1,0,3.92145329059e-07,0
f6,-24.7805461302,0,1,0,2.22259265433e-06
f6,-24.7742096125,1,0,3.92145329059e-07,0
f6,-24.7615056335,1,0,3.92145329059e-07,0
f6,-24.7551381051,1,0,3.92145329059e-07,0
f6,-24.7423718007,1,1,3.92145329059e-07,2.22259265433e-06
f6,-24.7295636052,1,0,3.92145329059e-07,0
f6,-24.7263549785,2,0,7.84290658118e-07,0
f6,-24.7199298016,1,0,3.92145329059e-07,0
f6,-24.7038204346,1,0,3.92145329059e-07,0
f6,-24.6746549633,3,0,1.17643598718e-06,0
f6,-24.6714008622,1,0,3.92145329059e-07,0
f6,-24.6681440459,1,0,3.92145329059e-07,0
f6,-24.6648845099,1,0,3.92145329059e-07,0
f6,-24.6616222498,1,0,3.92145329059e-07,0
f6,-24.6550895385,1,0,3.92145329059e-07,0
f6,-24.6452699255,1,0,3.92145329059e-07,0
f6,-24.6354255468,1,0,3.92145329059e-07,0
f6,-24.6288488072,0,1,0,2.22259265433e-06
f6,-24.6222609675,1,0,3.92145329059e-07,0
f6,-24.6090518378,1,0,3.92145329059e-07,0
f6,-24.5991155726,1,0,3.92145329059e-07,0
f6,-24.5891539489,1,0,3.92145329059e-07,0
f6,-24.5858277501,1,0,3.92145329059e-07,0
f6,-24.5791668371,1,1,3.92145329059e-07,2.22259265433e-06
f6,-24.5691541063,1,0,3.92145329059e-07,0
f6,-24.5658108135,0,1,0,2.22259265433e-06
f6,-24.5624646547,1,0,3.92145329059e-07,0
f6,-24.5524089323,1,0,3.92145329059e-07,0
f6,-24.5456906964,2,0,7.84290658118e-07,0
f6,-24.5355916116,1,0,3.92145329059e-07,0
f6,-24.5322194351,2,0,7.84290658118e-07,0
f6,-24.5288443427,1,0,3.92145329059e-07,0
f6,-24.5254663295,0,1,0,2.22259265433e-06
f6,-24.5220853902,1,0,3.92145329059e-07,0
f6,-24.5119249661,2,0,7.84290658118e-07,0
f6,-24.4847004855,1,0,3.92145329059e-07,0
f6,-24.4778645921,1,0,3.92145329059e-07,0
f6,-24.4744421508,2,0,7.84290658118e-07,0
f6,-24.471016706,2,0,7.84290658118e-07,0
f6,-24.464156785,1,0,3.92145329059e-07,0
f6,-24.4607222981,2,0,7.84290658118e-07,0
f6,-24.4538442451,3,0,1.17643598718e-06,0
f6,-24.4504006682,2,1,7.84290658118e-07,2.22259265433e-06
f6,-24.4469540507,1,0,3.92145329059e-07,0
f6,-24.4435043871,1,0,3.92145329059e-07,0
f6,-24.4331370661,1,0,3.92145329059e-07,0
f6,-24.4262101892,3,0,1.17643598718e-06,0
f6,-24.4227421356,1,0,3.92145329059e-07,0
f6,-24.4157967706,0,1,0,2.22259265433e-06
f6,-24.4088390253,1,0,3.92145329059e-07,0
f6,-24.4053554963,1,0,3.92145329059e-07,0
f6,-24.4018688555,1,0,3.92145329059e-07,0
f6,-24.3983790975,1,1,3.92145329059e-07,2.22259265433e-06
f6,-24.3948862166,2,0,7.84290658118e-07,0
f6,-24.3913902074,1,0,3.92145329059e-07,0
f6,-24.3878910641,1,0,3.92145329059e-07,0
f6,-24.3843887811,3,0,1.17643598718e-06,0
f6,-24.3808833529,1,0,3.92145329059e-07,0
f6,-24.3773747737,1,0,3.92145329059e-07,0
f6,-24.3738630379,1,0,3.92145329059e-07,0
f6,-24.3703481398,0,1,0,2.22259265433e-06
f6,-24.3633088338,2,0,7.84290658118e-07,0
f6,-24.3597844146,1,0,3.92145329059e-07,0
f6,-24.3562568101,2,0,7.84290658118e-07,0
f6,-24.3527260147,1,0,3.92145329059e-07,0
f6,-24.3491920225,4,0,1.56858131624e-06,0
f6,-24.3385708075,2,0,7.84290658118e-07,0
f6,-24.3350239703,3,0,1.17643598718e-06,0
f6,-24.3314739073,0,1,0,2.22259265433e-06
f6,-24.32436408,4,0,1.56858131624e-06,0
f6,-24.320804304,2,0,7.84290658118e-07,0
f6,-24.3172412786,3,0,1.17643598718e-06,0
f6,-24.3101054556,2,0,7.84290658118e-07,0
f6,-24.3029565634,2,0,7.84290658118e-07,0
f6,-24.2993772013,1,0,3.92145329059e-07,0
f6,-24.2957945539,2,0,7.84290658118e-07,0
f6,-24.2922086151,3,0,1.17643598718e-06,0
f6,-24.2886193789,2,0,7.84290658118e-07,0
f6,-24.28143099,1,0,3.92145329059e-07,0
f6,-24.277831825,1,0,3.92145329059e-07,0
f6,-24.2742293383,1,0,3.92145329059e-07,0
f6,-24.2706235237,2,0,7.84290658118e-07,0
f6,-24.2634018859,2,0,7.84290658118e-07,0
f6,-24.2597860505,2,0,7.84290658118e-07,0
f6,-24.2380204137,1,0,3.92145329059e-07,0
f6,-24.2343809784,3,0,1.17643598718e-06,0
f6,-24.2270919117,2,0,7.84290658118e-07,0
f6,-24.2197892078,2,0,7.84290658118e-07,0
f6,-24.2124728156,2,0,7.84290658118e-07,0
f6,-24.2088094704,1,0,3.92145329059e-07,0
f6,-24.2051426838,0,1,0,2.22259265433e-06
f6,-24.2014724493,1,1,3.92145329059e-07,2.22259265433e-06
f6,-24.1977987605,1,0,3.92145329059e-07,0
f6,-24.1904409937,1,0,3.92145329059e-07,0
f6,-24.1867569028,2,0,7.84290658118e-07,0
f6,-24.1830693313,3,0,1.17643598718e-06,0
f6,-24.1756837207,2,0,7.84290658118e-07,0
f6,-24.1719856682,1,0,3.92145329059e-07,0
f6,-24.1682841088,1,0,3.92145329059e-07,0
f6,-24.1645790358,2,0,7.84290658118e-07,0
f6,-24.1608704426,1,1,3.92145329059e-07,2.22259265433e-06
f6,-24.1571583224,2,0,7.84290658118e-07,0
f6,-24.1460007329,5,0,1.96072664529e-06,0
f6,-24.1422744375,1,1,3.92145329059e-07,2.22259265433e-06
f6,-24.1385445814,1,0,3.92145329059e-07,0
f6,-24.1348111578,4,1,1.56858131624e-06,2.22259265433e-06
f6,-24.1310741599,5,1,1.96072664529e-06,2.22259265433e-06
f6,-24.1273335807,2,0,7.84290658118e-07,0
f6,-24.1235894134,1,0,3.92145329059e-07,0
f6,-24.1198416512,1,0,3.92145329059e-07,0
f6,-24.116090287,4,0,1.56858131624e-06,0
f6,-24.1123353141,3,0,1.17643598718e-06,0
f6,-24.1085767253,1,0,3.92145329059e-07,0
f6,-24.1048145139,2,0,7.84290658118e-07,0
f6,-24.1010486727,2,0,7.84290658118e-07,0
f6,-24.0935060731,2,1,7.84290658118e-07,2.22259265433e-06
f6,-24.0897293006,3,0,1.17643598718e-06,0
f6,-24.0859488702,2,0,7.84290658118e-07,0
f6,-24.0783770073,1,0,3.92145329059e-07,0
f6,-24.0745855606,2,0,7.84290658118e-07,0
f6,-24.0707904275,1,0,3.92145329059e-07,0
f6,-24.0669916009,0,1,0,2.22259265433e-06
f6,-24.0631890734,3,1,1.17643598718e-06,2.22259265433e-06
f6,-24.059382838,3,0,1.17643598718e-06,0
f6,-24.0555728874,1,0,3.92145329059e-07,0
f6,-24.0517592144,1,1,3.92145329059e-07,2.22259265433e-06
f6,-24.0441206716,1,0,3.92145329059e-07,0
f6,-24.0402957874,1,0,3.92145329059e-07,0
f6,-24.0364671514,2,1,7.84290658118e-07,2.22259265433e-06
f6,-24.0326347563,3,0,1.17643598718e-06,0
f6,-24.0287985947,2,0,7.84290658118e-07,0
f6,-24.0249586593,1,0,3.92145329059e-07,0
f6,-24.0211149425,1,0,3.92145329059e-07,0
f6,-24.0172674369,1,0,3.92145329059e-07,0
f6,-24.0134161351,1,0,3.92145329059e-07,0
f6,-24.0095610295,2,0,7.84290658118e-07,0
f6,-24.0057021126,1,0,3.92145329059e-07,0
f6,-23.9979728149,2,0,7.84290658118e-07,0
f6,-23.9941024189,3,1,1.17643598718e-06,2.22259265433e-06
f6,-23.9902281812,4,0,1.56858131624e-06,0
f6,-23.9863500944,3,1,1.17643598718e-06,2.22259265433e-06
f6,-23.9824681507,3,0,1.17643598718e-06,0
f6,-23.9785823424,2,0,7.84290658118e-07,0
f6,-23.9746926619,1,0,3.92145329059e-07,0
f6,-23.9669016532,1,0,3.92145329059e-07,0
f6,-23.9630003094,2,0,7.84290658118e-07,0
f6,-23.9590950624,1,1,3.92145329059e-07,2.22259265433e-06
f6,-23.9551859042,1,0,3.92145329059e-07,0
f6,-23.9512728271,2,0,7.84290658118e-07,0
f6,-23.9473558232,1,3,3.92145329059e-07,6.66777796299e-06
f6,-23.9434348846,1,0,3.92145329059e-07,0
f6,-23.9395100033,1,0,3.92145329059e-07,0
f6,-23.9355811715,3,1,1.17643598718e-06,2.22259265433e-06
f6,-23.9277116243,2,0,7.84290658118e-07,0
f6,-23.9237708929,4,0,1.56858131624e-06,0
f6,-23.919826179,3,0,1.17643598718e-06,0
f6,-23.9158774745,2,0,7.84290658118e-07,0
f6,-23.9079680613,2,0,7.84290658118e-07,0
f6,-23.9040073364,3,0,1.17643598718e-06,0
f6,-23.9000425884,3,0,1.17643598718e-06,0
f6,-23.8960738091,5,0,1.96072664529e-06,0
f6,-23.8921009903,4,0,1.56858131624e-06,0
f6,-23.8881241239,4,1,1.56858131624e-06,2.22259265433e-06
f6,-23.8841432015,1,0,3.92145329059e-07,0
f6,-23.8801582148,3,0,1.17643598718e-06,0
f6,-23.8761691556,4,0,1.56858131624e-06,0
f6,-23.8721760156,5,0,1.96072664529e-06,0
f6,-23.8681787862,4,1,1.56858131624e-06,2.22259265433e-06
f6,-23.8641774593,1,0,3.92145329059e-07,0
f6,-23.8601720263,3,0,1.17643598718e-06,0
f6,-23.8561624789,2,0,7.84290658118e-07,0
f6,-23.8521488086,3,0,1.17643598718e-06,0
f6,-23.8481310068,0,1,0,2.22259265433e-06
f6,-23.8441090651,2,0,7.84290658118e-07,0
f6,-23.8400829749,1,0,3.92145329059e-07,0
f6,-23.8360527277,2,0,7.84290658118e-07,0
f6,-23.8320183148,2,0,7.84290658118e-07,0
f6,-23.8279797277,3,1,1.17643598718e-06,2.22259265433e-06
f6,-23.8239369577,1,0,3.92145329059e-07,0
f6,-23.8198899962,1,0,3.92145329059e-07,0
f6,-23.8158388343,1,0,3.92145329059e-07,0
f6,-23.8117834635,5,0,1.96072664529e-06,0
f6,-23.8077238749,4,0,1.56858131624e-06,0
f6,-23.8036600597,3,0,1.17643598718e-06,0
f6,-23.7995920093,7,0,2.74501730341e-06,0
f6,-23.7955197146,3,0,1.17643598718e-06,0
f6,-23.7914431669,1,0,3.92145329059e-07,0
f6,-23.7873623572,2,2,7.84290658118e-07,4.44518530866e-06
f6,-23.7832772767,3,0,1.17643598718e-06,0
f6,-23.7791879164,3,0,1.17643598718e-06,0
f6,-23.7750942672,2,1,7.84290658118e-07,2.22259265433e-06
f6,-23.7709963203,1,0,3.92145329059e-07,0
f6,-23.7627874969,1,0,3.92145329059e-07,0
f6,-23.7586766023,2,0,7.84290658118e-07,0
f6,-23.7545613736,5,0,1.96072664529e-06,0
f6,-23.7504418016,3,1,1.17643598718e-06,2.22259265433e-06
f6,-23.7463178772,4,0,1.56858131624e-06,0
f6,-23.7421895912,3,0,1.17643598718e-06,0
f6,-23.7380569343,6,0,2.35287197435e-06,0
f6,-23.7339198972,2,0,7.84290658118e-07,0
f6,-23.7256326455,4,0,1.56858131624e-06,0
f6,-23.7214824122,2,0,7.84290658118e-07,0
f6,-23.7173277614,3,0,1.17643598718e-06,0
f6,-23.7131686836,2,0,7.84290658118e-07,0
f6,-23.7090051695,1,0,3.92145329059e-07,0
f6,-23.7006647944,6,0,2.35287197435e-06,0
f6,-23.6964879143,4,0,1.56858131624e-06,0
f6,-23.6923065598,1,1,3.92145329059e-07,2.22259265433e-06
f6,-23.6881207212,3,0,1.17643598718e-06,0
f6,-23.683930389,2,0,7.84290658118e-07,0
f6,-23.6755362049,4,0,1.56858131624e-06,0
f6,-23.6713323337,5,0,1.96072664529e-06,0
f6,-23.6629109839,1,0,3.92145329059e-07,0
f6,-23.6586934859,1,0,3.92145329059e-07,0
f6,-23.6544714259,1,0,3.92145329059e-07,0
f6,-23.6502447941,4,0,1.56858131624e-06,0
f6,-23.6460135806,3,0,1.17643598718e-06,0
f6,-23.6417777754,1,0,3.92145329059e-07,0
f6,-23.6375373686,1,0,3.92145329059e-07,0
f6,-23.6332923501,3,0,1.17643598718e-06,0
f6,-23.62904271,4,0,1.56858131624e-06,0
f6,-23.6247884381,2,1,7.84290658118e-07,2.22259265433e-06
f6,-23.6205295243,2,1,7.84290658118e-07,2.22259265433e-06
f6,-23.6162659585,2,1,7.84290658118e-07,2.22259265433e-06
f6,-23.6119977306,3,0,1.17643598718e-06,0
f6,-23.6077248302,3,0,1.17643598718e-06,0
f6,-23.6034472472,5,0,1.96072664529e-06,0
f6,-23.5991649714,2,1,7.84290658118e-07,2.22259265433e-06
f6,-23.5905862996,2,1,7.84290658118e-07,2.22259265433e-06
f6,-23.586289883,2,1,7.84290658118e-07,2.22259265433e-06
f6,-23.581988732,3,0,1.17643598718e-06,0
f6,-23.5776828363,0,1,0,2.22259265433e-06
f6,-23.5733721853,4,0,1.56858131624e-06,0
f6,-23.5690567685,4,0,1.56858131624e-06,0
f6,-23.5647365754,1,1,3.92145329059e-07,2.22259265433e-06
f6,-23.5604115954,4,0,1.56858131624e-06,0
f6,-23.5560818178,2,0,7.84290658118e-07,0
f6,-23.551747232,3,2,1.17643598718e-06,4.44518530866e-06
f6,-23.5474078274,5,1,1.96072664529e-06,2.22259265433e-06
f6,-23.5430635931,4,1,1.56858131624e-06,2.22259265433e-06
f6,-23.5387145185,3,0,1.17643598718e-06,0
f6,-23.5343605927,4,0,1.56858131624e-06,0
f6,-23.5300018049,3,0,1.17643598718e-06,0
f6,-23.5256381442,1,1,3.92145329059e-07,2.22259265433e-06
f6,-23.5212695997,2,0,7.84290658118e-07,0
f6,-23.5168961605,5,1,1.96072664529e-06,2.22259265433e-06
f6,-23.5125178156,3,0,1.17643598718e-06,0
f6,-23.5081345539,3,1,1.17643598718e-06,2.22259265433e-06
f6,-23.5037463645,5,0,1.96072664529e-06,0
f6,-23.4993532362,1,0,3.92145329059e-07,0
f6,-23.4949551579,5,1,1.96072664529e-06,2.22259265433e-06
f6,-23.4905521184,3,0,1.17643598718e-06,0
f6,-23.4861441066,1,0,3.92145329059e-07,0
f6,-23.4817311111,4,0,1.56858131624e-06,0
f6,-23.4773131207,3,0,1.17643598718e-06,0
f6,-23.4728901241,2,1,7.84290658118e-07,2.22259265433e-06
f6,-23.4684621099,1,0,3.92145329059e-07,0
f6,-23.4640290668,7,0,2.74501730341e-06,0
f6,-23.4595909832,4,1,1.56858131624e-06,2.22259265433e-06
f6,-23.4551478477,1,1,3.92145329059e-07,2.22259265433e-06
f6,-23.4506996489,3,0,1.17643598718e-06,0
f6,-23.446246375,6,1,2.35287197435e-06,2.22259265433e-06
f6,-23.4417880147,4,0,1.56858131624e-06,0
f6,-23.4373245561,4,0,1.56858131624e-06,0
f6,-23.4328559877,4,0,1.56858131624e-06,0
f6,-23.4283822977,3,1,1.17643598718e-06,2.22259265433e-06
f6,-23.4239034744,3,2,1.17643598718e-06,4.44518530866e-06
f6,-23.419419506,3,0,1.17643598718e-06,0
f6,-23.4149303806,2,1,7.84290658118e-07,2.22259265433e-06
f6,-23.4104360864,6,2,2.35287197435e-06,4.44518530866e-06
f6,-23.4059366114,2,1,7.84290658118e-07,2.22259265433e-06
f6,-23.4014319438,1,2,3.92145329059e-07,4.44518530866e-06
f6,-23.3969220715,2,1,7.84290658118e-07,2.22259265433e-06
f6,-23.3924069824,7,1,2.74501730341e-06,2.22259265433e-06
f6,-23.3878866644,3,1,1.17643598718e-06,2.22259265433e-06
f6,-23.3833611056,4,1,1.56858131624e-06,2.22259265433e-06
f6,-23.3788302936,4,0,1.56858131624e-06,0
f6,-23.3742942163,3,1,1.17643598718e-06,2.22259265433e-06
f6,-23.3697528614,4,0,1.56858131624e-06,0
f6,-23.3652062166,4,1,1.56858131624e-06,2.22259265433e-06
f6,-23.3606542697,2,0,7.84290658118e-07,0
f6,-23.3560970081,4,1,1.56858131624e-06,2.22259265433e-06
f6,-23.3515344195,1,0,3.92145329059e-07,0
f6,-23.3469664915,3,0,1.17643598718e-06,0
f6,-23.3423932114,3,0,1.17643598718e-06,0
f6,-23.3378145668,4,0,1.56858131624e-06,0
f6,-23.333230545,3,0,1.17643598718e-06,0
f6,-23.3286411335,3,2,1.17643598718e-06,4.44518530866e-06
f6,-23.3240463194,6,1,2.35287197435e-06,2.22259265433e-06
f6,-23.3194460902,6,0,2.35287197435e-06,0
f6,-23.3148404329,4,0,1.56858131624e-06,0
f6,-23.3102293348,1,0,3.92145329059e-07,0
f6,-23.305612783,5,0,1.96072664529e-06,0
f6,-23.3009907646,4,0,1.56858131624e-06,0
f6,-23.2963632666,5,1,1.96072664529e-06,2.22259265433e-06
f6,-23.2917302761,2,2,7.84290658118e-07,4.44518530866e-06
f6,-23.2870917799,3,0,1.17643598718e-06,0
f6,-23.282447765,4,0,1.56858131624e-06,0
f6,-23.2777982182,5,1,1.96072664529e-06,2.22259265433e-06
f6,-23.2731431263,8,0,3.13716263247e-06,0
f6,-23.2684824761,3,0,1.17643598718e-06,0
f6,-23.2638162543,4,0,1.56858131624e-06,0
f6,-23.2591444475,4,0,1.56858131624e-06,0
f6,-23.2544670424,1,1,3.92145329059e-07,2.22259265433e-06
f6,-23.2497840255,2,0,7.84290658118e-07,0
f6,-23.2450953834,3,1,1.17643598718e-06,2.22259265433e-06
f6,-23.2404011026,5,1,1.96072664529e-06,2.22259265433e-06
f6,-23.2357011693,6,0,2.35287197435e-06,0
f6,-23.2309955701,4,0,1.56858131624e-06,0
f6,-23.2262842912,4,1,1.56858131624e-06,2.22259265433e-06
f6,-23.2215673189,1,0,3.92145329059e-07,0
f6,-23.2168446395,2,0,7.84290658118e-07,0
f6,-23.2121162391,3,1,1.17643598718e-06,2.22259265433e-06
f6,-23.2073821037,4,1,1.56858131624e-06,2.22259265433e-06
f6,-23.2026422196,2,0,7.84290658118e-07,0
f6,-23.1978965728,10,2,3.92145329059e-06,4.44518530866e-06
f6,-23.1931451491,6,0,2.35287197435e-06,0
f6,-23.1883879345,8,0,3.13716263247e-06,0
f6,-23.1836249149,9,1,3.52930796153e-06,2.22259265433e-06
f6,-23.1788560761,4,0,1.56858131624e-06,0
f6,-23.1740814038,5,1,1.96072664529e-06,2.22259265433e-06
f6,-23.1693008838,4,0,1.56858131624e-06,0
f6,-23.1645145017,2,0,7.84290658118e-07,0
f6,-23.1597222432,5,0,1.96072664529e-06,0
f6,-23.1549240938,4,1,1.56858131624e-06,2.22259265433e-06
f6,-23.1501200389,7,0,2.74501730341e-06,0
f6,-23.1453100641,1,0,3.92145329059e-07,0
f6,-23.1404941547,2,0,7.84290658118e-07,0
f6,-23.135672296,4,1,1.56858131624e-06,2.22259265433e-06
f6,-23.1308444734,6,1,2.35287197435e-06,2.22259265433e-06
f6,-23.1260106721,3,0,1.17643598718e-06,0
f6,-23.1211708772,6,0,2.35287197435e-06,0
f6,-23.1163250738,2,0,7.84290658118e-07,0
f6,-23.1114732471,4,1,1.56858131624e-06,2.22259265433e-06
f6,-23.106615382,5,0,1.96072664529e-06,0
f6,-23.1017514636,5,0,1.96072664529e-06,0
f6,-23.0968814765,6,1,2.35287197435e-06,2.22259265433e-06
f6,-23.0920054058,1,0,3.92145329059e-07,0
f6,-23.0871232363,6,0,2.35287197435e-06,0
f6,-23.0822349525,3,0,1.17643598718e-06,0
f6,-23.0773405392,7,0,2.74501730341e-06,0
f6,-23.072439981,4,1,1.56858131624e-06,2.22259265433e-06
f6,-23.0675332625,6,0,2.35287197435e-06,0
f6,-23.0626203681,2,0,7.84290658118e-07,0
f6,-23.0577012822,4,0,1.56858131624e-06,0
f6,-23.0527759894,4,1,1.56858131624e-06,2.22259265433e-06
f6,-23.0478444738,6,0,2.35287197435e-06,0
f6,-23.0429067197,3,0,1.17643598718e-06,0
f6,-23.0379627113,6,2,2.35287197435e-06,4.44518530866e-06
f6,-23.0330124328,3,0,1.17643598718e-06,0
f6,-23.0280558682,13,0,5.09788927777e-06,0
f6,-23.0230930016,2,1,7.84290658118e-07,2.22259265433e-06
f6,-23.0181238169,4,0,1.56858131624e-06,0
f6,-23.0131482979,1,0,3.92145329059e-07,0
f6,-23.0081664286,7,1,2.74501730341e-06,2.22259265433e-06
f6,-23.0031781927,6,3,2.35287197435e-06,6.66777796299e-06
f6,-22.9981835738,5,1,1.96072664529e-06,2.22259265433e-06
f6,-22.9931825557,3,0,1.17643598718e-06,0
f6,-22.988175122,3,3,1.17643598718e-06,6.66777796299e-06
f6,-22.9831612561,6,1,2.35287197435e-06,2.22259265433e-06
f6,-22.9781409414,7,2,2.74501730341e-06,4.44518530866e-06
f6,-22.9731141615,3,0,1.17643598718e-06,0
f6,-22.9680808996,7,1,2.74501730341e-06,2.22259265433e-06
f6,-22.9630411389,8,0,3.13716263247e-06,0
f6,-22.9579948627,6,0,2.35287197435e-06,0
f6,-22.9529420541,5,1,1.96072664529e-06,2.22259265433e-06
f6,-22.9478826962,9,0,3.52930796153e-06,0
f6,-22.942816772,7,0,2.74501730341e-06,0
f6,-22.9377442643,6,1,2.35287197435e-06,2.22259265433e-06
f6,-22.9326651562,4,1,1.56858131624e-06,2.22259265433e-06
f6,-22.9275794303,6,1,2.35287197435e-06,2.22259265433e-06
f6,-22.9224870693,6,0,2.35287197435e-06,0
f6,-22.9173880561,1,0,3.92145329059e-07,0
f6,-22.9122823731,8,0,3.13716263247e-06,0
f6,-22.9071700029,11,0,4.31359861965e-06,0
f6,-22.902050928,5,1,1.96072664529e-06,2.22259265433e-06
f6,-22.8969251307,6,1,2.35287197435e-06,2.22259265433e-06
f6,-22.8917925934,6,2,2.35287197435e-06,4.44518530866e-06
f6,-22.8866532982,5,2,1.96072664529e-06,4.44518530866e-06
f6,-22.8815072275,7,0,2.74501730341e-06,0
f6,-22.8763543633,2,0,7.84290658118e-07,0
f6,-22.8711946876,8,0,3.13716263247e-06,0
f6,-22.8660281824,5,0,1.96072664529e-06,0
f6,-22.8608548297,5,1,1.96072664529e-06,2.22259265433e-06
f6,-22.8556746111,7,1,2.74501730341e-06,2.22259265433e-06
f6,-22.8504875086,5,1,1.96072664529e-06,2.22259265433e-06
f6,-22.8452935037,6,0,2.35287197435e-06,0
f6,-22.8400925781,10,0,3.92145329059e-06,0
f6,-22.8348847134,5,0,1.96072664529e-06,0
f6,-22.8296698908,7,2,2.74501730341e-06,4.44518530866e-06
f6,-22.8244480919,5,0,1.96072664529e-06,0
f6,-22.819219298,3,0,1.17643598718e-06,0
f6,-22.8139834903,10,1,3.92145329059e-06,2.22259265433e-06
f6,-22.8087406499,9,1,3.52930796153e-06,2.22259265433e-06
f6,-22.8034907579,8,0,3.13716263247e-06,0
f6,-22.7982337954,2,2,7.84290658118e-07,4.44518530866e-06
f6,-22.7929697432,8,1,3.13716263247e-06,2.22259265433e-06
f6,-22.7876985823,6,0,2.35287197435e-06,0
f6,-22.7824202934,6,2,2.35287197435e-06,4.44518530866e-06
f6,-22.7718422541,3,0,1.17643598718e-06,0
f6,-22.766542465,2,0,7.84290658118e-07,0
f6,-22.7612354702,7,2,2.74501730341e-06,4.44518530866e-06
f6,-22.7559212501,3,1,1.17643598718e-06,2.22259265433e-06
f6,-22.7505997849,10,0,3.92145329059e-06,0
f6,-22.745271055,4,1,1.56858131624e-06,2.22259265433e-06
f6,-22.7399350404,8,0,3.13716263247e-06,0
f6,-22.7345917211,9,0,3.52930796153e-06,0
f6,-22.7292410773,10,1,3.92145329059e-06,2.22259265433e-06
f6,-22.7238830887,7,0,2.74501730341e-06,0
f6,-22.7185177351,9,0,3.52930796153e-06,0
f6,-22.7131449964,3,0,1.17643598718e-06,0
f6,-22.7077648521,3,1,1.17643598718e-06,2.22259265433e-06
f6,-22.7023772817,6,0,2.35287197435e-06,0
f6,-22.6969822649,6,0,2.35287197435e-06,0
f6,-22.6915797809,7,2,2.74501730341e-06,4.44518530866e-06
f6,-22.686169809,9,0,3.52930796153e-06,0
f6,-22.6807523285,11,1,4.31359861965e-06,2.22259265433e-06
f6,-22.6753273184,8,1,3.13716263247e-06,2.22259265433e-06
f6,-22.669894758,5,0,1.96072664529e-06,0
f6,-22.6644546259,5,0,1.96072664529e-06,0
f6,-22.6590069013,6,1,2.35287197435e-06,2.22259265433e-06
f6,-22.6535515628,3,1,1.17643598718e-06,2.22259265433e-06
f6,-22.648088589,3,0,1.17643598718e-06,0
f6,-22.6426179587,15,2,5.88217993588e-06,4.44518530866e-06
f6,-22.6371396504,13,1,5.09788927777e-06,2.22259265433e-06
f6,-22.6316536423,5,1,1.96072664529e-06,2.22259265433e-06
f6,-22.6261599129,8,1,3.13716263247e-06,2.22259265433e-06
f6,-22.6206584404,11,0,4.31359861965e-06,0
f6,-22.615149203,9,1,3.52930796153e-06,2.22259265433e-06
f6,-22.6096321786,11,1,4.31359861965e-06,2.22259265433e-06
f6,-22.6041073453,10,0,3.92145329059e-06,0
f6,-22.5985746809,14,1,5.49003460683e-06,2.22259265433e-06
f6,-22.5930341632,3,2,1.17643598718e-06,4.44518530866e-06
f6,-22.5874857698,9,1,3.52930796153e-06,2.22259265433e-06
f6,-22.5819294784,7,1,2.74501730341e-06,2.22259265433e-06
f6,-22.5763652663,13,0,5.09788927777e-06,0
f6,-22.5707931111,6,1,2.35287197435e-06,2.22259265433e-06
f6,-22.5652129899,7,0,2.74501730341e-06,0
f6,-22.55962488,12,2,4.70574394871e-06,4.44518530866e-06
f6,-22.5540287585,9,1,3.52930796153e-06,2.22259265433e-06
f6,-22.5484246024,5,1,1.96072664529e-06,2.22259265433e-06
f6,-22.5428123885,12,1,4.70574394871e-06,2.22259265433e-06
f6,-22.5371920937,4,1,1.56858131624e-06,2.22259265433e-06
f6,-22.5315636946,8,0,3.13716263247e-06,0
f6,-22.5259271679,11,0,4.31359861965e-06,0
f6,-22.52028249,7,3,2.74501730341e-06,6.66777796299e-06
f6,-22.5146296373,10,0,3.92145329059e-06,0
f6,-22.5089685862,7,0,2.74501730341e-06,0
f6,-22.5032993127,15,2,5.88217993588e-06,4.44518530866e-06
f6,-22.4976217931,10,0,3.92145329059e-06,0
f6,-22.4919360031,12,1,4.70574394871e-06,2.22259265433e-06
f6,-22.4862419189,17,1,6.666470594e-06,2.22259265433e-06
f6,-22.480539516,7,1,2.74501730341e-06,2.22259265433e-06
f6,-22.4748287701,9,1,3.52930796153e-06,2.22259265433e-06
f6,-22.4691096569,7,0,2.74501730341e-06,0
f6,-22.4633821517,13,2,5.09788927777e-06,4.44518530866e-06
f6,-22.4576462299,6,2,2.35287197435e-06,4.44518530866e-06
f6,-22.4519018667,11,3,4.31359861965e-06,6.66777796299e-06
f6,-22.4461490373,12,2,4.70574394871e-06,4.44518530866e-06
f6,-22.4403877165,6,1,2.35287197435e-06,2.22259265433e-06
f6,-22.4346178794,9,1,3.52930796153e-06,2.22259265433e-06
f6,-22.4288395008,19,0,7.45076125212e-06,0
f6,-22.4230525552,13,1,5.09788927777e-06,2.22259265433e-06
f6,-22.4172570172,12,3,4.70574394871e-06,6.66777796299e-06
f6,-22.4114528614,12,2,4.70574394871e-06,4.44518530866e-06
f6,-22.405640062,9,1,3.52930796153e-06,2.22259265433e-06
f6,-22.3998185932,9,1,3.52930796153e-06,2.22259265433e-06
f6,-22.3939884292,12,3,4.70574394871e-06,6.66777796299e-06
f6,-22.3881495439,8,0,3.13716263247e-06,0
f6,-22.3823019112,12,0,4.70574394871e-06,0
f6,-22.3764455049,7,0,2.74501730341e-06,0
f6,-22.3705802986,6,0,2.35287197435e-06,0
f6,-22.3647062657,12,1,4.70574394871e-06,2.22259265433e-06
f6,-22.3588233798,9,2,3.52930796153e-06,4.44518530866e-06
f6,-22.352931614,10,0,3.92145329059e-06,0
f6,-22.3470309416,12,4,4.70574394871e-06,8.89037061733e-06
f6,-22.3411213355,5,0,1.96072664529e-06,0
f6,-22.3352027686,10,0,3.92145329059e-06,0
f6,-22.3292752138,7,0,2.74501730341e-06,0
f6,-22.3233386438,6,1,2.35287197435e-06,2.22259265433e-06
f6,-22.3173930309,10,1,3.92145329059e-06,2.22259265433e-06
f6,-22.3114383477,14,1,5.49003460683e-06,2.22259265433e-06
f6,-22.3054745664,7,1,2.74501730341e-06,2.22259265433e-06
f6,-22.2995016592,10,0,3.92145329059e-06,0
f6,-22.2935195982,12,1,4.70574394871e-06,2.22259265433e-06
f6,-22.2875283551,6,5,2.35287197435e-06,1.11129632717e-05
f6,-22.2815279018,9,2,3.52930796153e-06,4.44518530866e-06
f6,-22.27551821,9,0,3.52930796153e-06,0
f6,-22.2694992511,12,1,4.70574394871e-06,2.22259265433e-06
f6,-22.2634709965,11,2,4.31359861965e-06,4.44518530866e-06
f6,-22.2574334174,12,1,4.70574394871e-06,2.22259265433e-06
f6,-22.251386485,12,0,4.70574394871e-06,0
f6,-22.2453301703,12,1,4.70574394871e-06,2.22259265433e-06
f6,-22.239264444,7,0,2.74501730341e-06,0
f6,-22.2331892768,10,0,3.92145329059e-06,0
f6,-22.2271046395,17,1,6.666470594e-06,2.22259265433e-06
f6,-22.2210105023,10,0,3.92145329059e-06,0
f6,-22.2149068355,11,0,4.31359861965e-06,0
f6,-22.2087936094,14,2,5.49003460683e-06,4.44518530866e-06
f6,-22.2026707939,8,0,3.13716263247e-06,0
f6,-22.1965383589,10,1,3.92145329059e-06,2.22259265433e-06
f6,-22.1903962741,10,2,3.92145329059e-06,4.44518530866e-06
f6,-22.1842445091,15,4,5.88217993588e-06,8.89037061733e-06
f6,-22.1780830333,14,2,5.49003460683e-06,4.44518530866e-06
f6,-22.1719118161,13,1,5.09788927777e-06,2.22259265433e-06
f6,-22.1657308266,4,2,1.56858131624e-06,4.44518530866e-06
f6,-22.1595400337,17,0,6.666470594e-06,0
f6,-22.1533394064,6,4,2.35287197435e-06,8.89037061733e-06
f6,-22.1471289133,14,2,5.49003460683e-06,4.44518530866e-06
f6,-22.140908523,16,0,6.27432526494e-06,0
f6,-22.1346782039,12,1,4.70574394871e-06,2.22259265433e-06
f6,-22.1284379243,8,1,3.13716263247e-06,2.22259265433e-06
f6,-22.1221876522,10,1,3.92145329059e-06,2.22259265433e-06
f6,-22.1159273556,12,3,4.70574394871e-06,6.66777796299e-06
f6,-22.1096570023,14,1,5.49003460683e-06,2.22259265433e-06
f6,-22.1033765599,9,2,3.52930796153e-06,4.44518530866e-06
f6,-22.097085996,11,1,4.31359861965e-06,2.22259265433e-06
f6,-22.0907852778,20,1,7.84290658118e-06,2.22259265433e-06
f6,-22.0844743725,12,2,4.70574394871e-06,4.44518530866e-06
f6,-22.0781532471,9,0,3.52930796153e-06,0
f6,-22.0718218684,15,1,5.88217993588e-06,2.22259265433e-06
f6,-22.0654802032,7,2,2.74501730341e-06,4.44518530866e-06
f6,-22.0591282179,12,0,4.70574394871e-06,0
f6,-22.052765879,13,0,5.09788927777e-06,0
f6,-22.0463931525,11,3,4.31359861965e-06,6.66777796299e-06
f6,-22.0400100046,13,1,5.09788927777e-06,2.22259265433e-06
f6,-22.0336164011,11,2,4.31359861965e-06,4.44518530866e-06
f6,-22.0272123076,14,1,5.49003460683e-06,2.22259265433e-06
f6,-22.0207976898,10,4,3.92145329059e-06,8.89037061733e-06
f6,-22.0143725129,11,2,4.31359861965e-06,4.44518530866e-06
f6,-22.0079367421,11,1,4.31359861965e-06,2.22259265433e-06
f6,-22.0014903425,10,4,3.92145329059e-06,8.89037061733e-06
f6,-21.9950332789,16,1,6.27432526494e-06,2.22259265433e-06
f6,-21.9885655158,12,0,4.70574394871e-06,0
f6,-21.982087018,6,2,2.35287197435e-06,4.44518530866e-06
f6,-21.9755977495,8,0,3.13716263247e-06,0
f6,-21.9690976746,12,2,4.70574394871e-06,4.44518530866e-06
f6,-21.9625867572,15,3,5.88217993588e-06,6.66777796299e-06
f6,-21.956064961,13,0,5.09788927777e-06,0
f6,-21.9495322497,6,3,2.35287197435e-06,6.66777796299e-06
f6,-21.9429885867,11,1,4.31359861965e-06,2.22259265433e-06
f6,-21.9364339351,18,1,7.05861592306e-06,2.22259265433e-06
f6,-21.9298682581,12,0,4.70574394871e-06,0
f6,-21.9232915184,15,1,5.88217993588e-06,2.22259265433e-06
f6,-21.9167036787,12,1,4.70574394871e-06,2.22259265433e-06
f6,-21.9101047015,15,2,5.88217993588e-06,4.44518530866e-06
f6,-21.9034945491,10,0,3.92145329059e-06,0
f6,-21.8968731835,16,0,6.27432526494e-06,0
f6,-21.8902405666,14,2,5.49003460683e-06,4.44518530866e-06
f6,-21.8835966602,9,0,3.52930796153e-06,0
f6,-21.8769414257,10,2,3.92145329059e-06,4.44518530866e-06
f6,-21.8702748245,8,2,3.13716263247e-06,4.44518530866e-06
f6,-21.8635968176,12,4,4.70574394871e-06,8.89037061733e-06
f6,-21.8569073659,9,2,3.52930796153e-06,4.44518530866e-06
f6,-21.8502064302,17,3,6.666470594e-06,6.66777796299e-06
f6,-21.843493971,15,0,5.88217993588e-06,0
f6,-21.8367699485,10,1,3.92145329059e-06,2.22259265433e-06
f6,-21.8300343229,13,3,5.09788927777e-06,6.66777796299e-06
f6,-21.823287054,14,1,5.49003460683e-06,2.22259265433e-06
f6,-21.8165281015,14,4,5.49003460683e-06,8.89037061733e-06
f6,-21.8097574249,12,2,4.70574394871e-06,4.44518530866e-06
f6,-21.8029749834,15,0,5.88217993588e-06,0
f6,-21.7961807361,7,2,2.74501730341e-06,4.44518530866e-06
f6,-21.7893746418,13,3,5.09788927777e-06,6.66777796299e-06
f6,-21.7825566592,19,0,7.45076125212e-06,0
f6,-21.7757267465,15,1,5.88217993588e-06,2.22259265433e-06
f6,-21.7688848621,19,2,7.45076125212e-06,4.44518530866e-06
f6,-21.7620309638,24,0,9.41148789741e-06,0
f6,-21.7551650093,13,2,5.09788927777e-06,4.44518530866e-06
f6,-21.7482869563,11,1,4.31359861965e-06,2.22259265433e-06
f6,-21.741396762,10,2,3.92145329059e-06,4.44518530866e-06
f6,-21.7344943834,16,3,6.27432526494e-06,6.66777796299e-06
f6,-21.7275797773,20,3,7.84290658118e-06,6.66777796299e-06
f6,-21.7206529005,14,4,5.49003460683e-06,8.89037061733e-06
f6,-21.7137137092,10,4,3.92145329059e-06,8.89037061733e-06
f6,-21.7067621595,12,3,4.70574394871e-06,6.66777796299e-06
f6,-21.6997982075,20,1,7.84290658118e-06,2.22259265433e-06
f6,-21.6928218087,28,2,1.09800692137e-05,4.44518530866e-06
f6,-21.6858329186,20,2,7.84290658118e-06,4.44518530866e-06
f6,-21.6788314924,23,3,9.01934256836e-06,6.66777796299e-06
f6,-21.6718174849,20,0,7.84290658118e-06,0
f6,-21.664790851,9,1,3.52930796153e-06,2.22259265433e-06
f6,-21.6577515451,21,1,8.23505191024e-06,2.22259265433e-06
f6,-21.6506995213,13,3,5.09788927777e-06,6.66777796299e-06
f6,-21.6436347337,18,3,7.05861592306e-06,6.66777796299e-06
f6,-21.636557136,24,0,9.41148789741e-06,0
f6,-21.6294666816,21,3,8.23505191024e-06,6.66777796299e-06
f6,-21.6223633237,17,3,6.666470594e-06,6.66777796299e-06
f6,-21.6152470153,18,4,7.05861592306e-06,8.89037061733e-06
f6,-21.608117709,16,1,6.27432526494e-06,2.22259265433e-06
f6,-21.6009753574,12,2,4.70574394871e-06,4.44518530866e-06
f6,-21.5938199125,13,3,5.09788927777e-06,6.66777796299e-06
f6,-21.5866513263,20,2,7.84290658118e-06,4.44518530866e-06
f6,-21.5794695505,17,2,6.666470594e-06,4.44518530866e-06
f6,-21.5722745363,27,3,1.05879238846e-05,6.66777796299e-06
f6,-21.5650662349,16,2,6.27432526494e-06,4.44518530866e-06
f6,-21.5578445972,22,4,8.6271972393e-06,8.89037061733e-06
f6,-21.5506095736,21,1,8.23505191024e-06,2.22259265433e-06
f6,-21.5433611146,22,4,8.6271972393e-06,8.89037061733e-06
f6,-21.53609917,17,1,6.666470594e-06,2.22259265433e-06
f6,-21.5288236896,16,2,6.27432526494e-06,4.44518530866e-06
f6,-21.521534623,18,3,7.05861592306e-06,6.66777796299e-06
f6,-21.5142319191,20,3,7.84290658118e-06,6.66777796299e-06
f6,-21.5069155269,17,5,6.666470594e-06,1.11129632717e-05
f6,-21.499585395,13,5,5.09788927777e-06,1.11129632717e-05
f6,-21.4922414717,25,3,9.80363322647e-06,6.66777796299e-06
f6,-21.484883705,18,1,7.05861592306e-06,2.22259265433e-06
f6,-21.4775120426,23,1,9.01934256836e-06,2.22259265433e-06
f6,-21.4701264319,17,4,6.666470594e-06,8.89037061733e-06
f6,-21.4627268201,19,2,7.45076125212e-06,4.44518530866e-06
f6,-21.4553131538,17,1,6.666470594e-06,2.22259265433e-06
f6,-21.4478853798,17,4,6.666470594e-06,8.89037061733e-06
f6,-21.4404434441,15,3,5.88217993588e-06,6.66777796299e-06
f6,-21.4329872927,22,1,8.6271972393e-06,2.22259265433e-06
f6,-21.4255168711,15,3,5.88217993588e-06,6.66777796299e-06
f6,-21.4180321247,21,4,8.23505191024e-06,8.89037061733e-06
f6,-21.4105329983,27,3,1.05879238846e-05,6.66777796299e-06
f6,-21.4030194366,19,1,7.45076125212e-06,2.22259265433e-06
f6,-21.395491384,13,1,5.09788927777e-06,2.22259265433e-06
f6,-21.3879487844,20,4,7.84290658118e-06,8.89037061733e-06
f6,-21.3803915814,23,6,9.01934256836e-06,1.3335555926e-05
f6,-21.3728197186,16,4,6.27432526494e-06,8.89037061733e-06
f6,-21.3652331388,19,2,7.45076125212e-06,4.44518530866e-06
f6,-21.3576317847,18,8,7.05861592306e-06,1.77807412347e-05
f6,-21.3500155987,31,5,1.21565052008e-05,1.11129632717e-05
f6,-21.3423845228,18,1,7.05861592306e-06,2.22259265433e-06
f6,-21.3347384986,14,1,5.49003460683e-06,2.22259265433e-06
f6,-21.3270774676,21,4,8.23505191024e-06,8.89037061733e-06
f6,-21.3194013705,23,1,9.01934256836e-06,2.22259265433e-06
f6,-21.3117101482,14,2,5.49003460683e-06,4.44518530866e-06
f6,-21.3040037408,21,6,8.23505191024e-06,1.3335555926e-05
f6,-21.2962820882,19,3,7.45076125212e-06,6.66777796299e-06
f6,-21.2885451301,31,3,1.21565052008e-05,6.66777796299e-06
f6,-21.2807928057,15,3,5.88217993588e-06,6.66777796299e-06
f6,-21.2730250537,14,1,5.49003460683e-06,2.22259265433e-06
f6,-21.2652418126,20,1,7.84290658118e-06,2.22259265433e-06
f6,-21.2574430207,22,2,8.6271972393e-06,4.44518530866e-06
f6,-21.2496286155,25,0,9.80363322647e-06,0
f6,-21.2417985345,21,3,8.23505191024e-06,6.66777796299e-06
f6,-21.2339527146,23,1,9.01934256836e-06,2.22259265433e-06
f6,-21.2260910924,18,2,7.05861592306e-06,4.44518530866e-06
f6,-21.2182136042,31,1,1.21565052008e-05,2.22259265433e-06
f6,-21.2103201858,17,1,6.666470594e-06,2.22259265433e-06
f6,-21.2024107726,25,2,9.80363322647e-06,4.44518530866e-06
f6,-21.1944852996,28,0,1.09800692137e-05,0
f6,-21.1865437016,17,1,6.666470594e-06,2.22259265433e-06
f6,-21.1785859127,21,2,8.23505191024e-06,4.44518530866e-06
f6,-21.1706118669,26,2,1.01957785555e-05,4.44518530866e-06
f6,-21.1626214975,24,3,9.41148789741e-06,6.66777796299e-06
f6,-21.1546147376,27,1,1.05879238846e-05,2.22259265433e-06
f6,-21.1465915198,28,2,1.09800692137e-05,4.44518530866e-06
f6,-21.1385517763,31,3,1.21565052008e-05,6.66777796299e-06
f6,-21.1304954389,26,5,1.01957785555e-05,1.11129632717e-05
f6,-21.122422439,28,7,1.09800692137e-05,1.55581485803e-05
f6,-21.1143327074,20,1,7.84290658118e-06,2.22259265433e-06
f6,-21.1062261747,25,3,9.80363322647e-06,6.66777796299e-06
f6,-21.098102771,28,1,1.09800692137e-05,2.22259265433e-06
f6,-21.0899624259,15,6,5.88217993588e-06,1.3335555926e-05
f6,-21.0818050685,27,5,1.05879238846e-05,1.11129632717e-05
f6,-21.0736306276,17,6,6.666470594e-06,1.3335555926e-05
f6,-21.0654390316,31,0,1.21565052008e-05,0
f6,-21.0572302082,26,7,1.01957785555e-05,1.55581485803e-05
f6,-21.0490040848,25,5,9.80363322647e-06,1.11129632717e-05
f6,-21.0407605885,25,4,9.80363322647e-06,8.89037061733e-06
f6,-21.0324996455,29,1,1.13722145427e-05,2.22259265433e-06
f6,-21.024221182,20,2,7.84290658118e-06,4.44518530866e-06
f6,-21.0159251234,30,3,1.17643598718e-05,6.66777796299e-06
f6,-21.0076113949,34,1,1.3332941188e-05,2.22259265433e-06
f6,-20.9992799209,32,3,1.25486505299e-05,6.66777796299e-06
f6,-20.9909306255,35,5,1.37250865171e-05,1.11129632717e-05
f6,-20.9825634325,32,3,1.25486505299e-05,6.66777796299e-06
f6,-20.9741782647,33,7,1.29407958589e-05,1.55581485803e-05
f6,-20.9657750449,23,5,9.01934256836e-06,1.11129632717e-05
f6,-20.9573536952,27,5,1.05879238846e-05,1.11129632717e-05
f6,-20.9489141371,25,5,9.80363322647e-06,1.11129632717e-05
f6,-20.9404562918,25,4,9.80363322647e-06,8.89037061733e-06
f6,-20.9319800798,25,2,9.80363322647e-06,4.44518530866e-06
f6,-20.9234854213,28,2,1.09800692137e-05,4.44518530866e-06
f6,-20.9149722356,24,2,9.41148789741e-06,4.44518530866e-06
f6,-20.9064404418,25,1,9.80363322647e-06,2.22259265433e-06
f6,-20.8978899585,25,3,9.80363322647e-06,6.66777796299e-06
f6,-20.8893207035,28,3,1.09800692137e-05,6.66777796299e-06
f6,-20.8807325942,27,5,1.05879238846e-05,1.11129632717e-05
f6,-20.8721255476,25,2,9.80363322647e-06,4.44518530866e-06
f6,-20.8634994798,30,4,1.17643598718e-05,8.89037061733e-06
f6,-20.8548543066,28,4,1.09800692137e-05,8.89037061733e-06
f6,-20.8461899433,28,3,1.09800692137e-05,6.66777796299e-06
f6,-20.8375063044,29,6,1.13722145427e-05,1.3335555926e-05
f6,-20.8288033039,27,3,1.05879238846e-05,6.66777796299e-06
f6,-20.8200808554,36,2,1.41172318461e-05,4.44518530866e-06
f6,-20.8113388717,33,6,1.29407958589e-05,1.3335555926e-05
f6,-20.8025772652,25,4,9.80363322647e-06,8.89037061733e-06
f6,-20.7937959475,26,3,1.01957785555e-05,6.66777796299e-06
f6,-20.7849948297,37,6,1.45093771752e-05,1.3335555926e-05
f6,-20.7761738223,23,7,9.01934256836e-06,1.55581485803e-05
f6,-20.7673328354,24,3,9.41148789741e-06,6.66777796299e-06
f6,-20.758471778,27,5,1.05879238846e-05,1.11129632717e-05
f6,-20.749590559,23,3,9.01934256836e-06,6.66777796299e-06
f6,-20.7406890863,39,6,1.52936678333e-05,1.3335555926e-05
f6,-20.7317672674,33,3,1.29407958589e-05,6.66777796299e-06
f6,-20.722825009,35,3,1.37250865171e-05,6.66777796299e-06
f6,-20.7138622172,31,5,1.21565052008e-05,1.11129632717e-05
f6,-20.7048787976,35,5,1.37250865171e-05,1.11129632717e-05
f6,-20.6958746551,29,2,1.13722145427e-05,4.44518530866e-06
f6,-20.6868496936,27,1,1.05879238846e-05,2.22259265433e-06
f6,-20.6778038168,25,0,9.80363322647e-06,0
f6,-20.6687369275,33,5,1.29407958589e-05,1.11129632717e-05
f6,-20.6596489279,34,2,1.3332941188e-05,4.44518530866e-06
f6,-20.6505397194,39,1,1.52936678333e-05,2.22259265433e-06
f6,-20.6414092027,28,5,1.09800692137e-05,1.11129632717e-05
f6,-20.6322572781,30,4,1.17643598718e-05,8.89037061733e-06
f6,-20.6230838447,33,1,1.29407958589e-05,2.22259265433e-06
f6,-20.6138888014,31,6,1.21565052008e-05,1.3335555926e-05
f6,-20.6046720461,41,2,1.60779584914e-05,4.44518530866e-06
f6,-20.5954334759,44,3,1.72543944786e-05,6.66777796299e-06
f6,-20.5861729873,30,3,1.17643598718e-05,6.66777796299e-06
f6,-20.5768904762,37,9,1.45093771752e-05,2.0003333889e-05
f6,-20.5675858375,37,3,1.45093771752e-05,6.66777796299e-06
f6,-20.5582589655,29,8,1.13722145427e-05,1.77807412347e-05
f6,-20.5489097537,52,5,2.03915571111e-05,1.11129632717e-05
f6,-20.5395380947,28,3,1.09800692137e-05,6.66777796299e-06
f6,-20.5301438806,32,2,1.25486505299e-05,4.44518530866e-06
f6,-20.5207270025,35,3,1.37250865171e-05,6.66777796299e-06
f6,-20.5112873507,32,6,1.25486505299e-05,1.3335555926e-05
f6,-20.501824815,29,2,1.13722145427e-05,4.44518530866e-06
f6,-20.492339284,43,6,1.68622491495e-05,1.3335555926e-05
f6,-20.4828306457,44,5,1.72543944786e-05,1.11129632717e-05
f6,-20.4732987873,31,6,1.21565052008e-05,1.3335555926e-05
f6,-20.4637435951,39,1,1.52936678333e-05,2.22259265433e-06
f6,-20.4541649545,35,6,1.37250865171e-05,1.3335555926e-05
f6,-20.4445627502,39,4,1.52936678333e-05,8.89037061733e-06
f6,-20.4349368659,33,7,1.29407958589e-05,1.55581485803e-05
f6,-20.4252871846,43,9,1.68622491495e-05,2.0003333889e-05
f6,-20.4156135884,39,3,1.52936678333e-05,6.66777796299e-06
f6,-20.4059159584,32,9,1.25486505299e-05,2.0003333889e-05
f6,-20.3961941748,46,4,1.80386851367e-05,8.89037061733e-06
f6,-20.3864481171,36,4,1.41172318461e-05,8.89037061733e-06
f6,-20.3766776637,37,7,1.45093771752e-05,1.55581485803e-05
f6,-20.3668826923,44,5,1.72543944786e-05,1.11129632717e-05
f6,-20.3570630793,30,6,1.17643598718e-05,1.3335555926e-05
f6,-20.3472187006,42,3,1.64701038205e-05,6.66777796299e-06
f6,-20.3373494309,48,4,1.88229757948e-05,8.89037061733e-06
f6,-20.3274551441,35,4,1.37250865171e-05,8.89037061733e-06
f6,-20.3175357128,44,7,1.72543944786e-05,1.55581485803e-05
f6,-20.3075910092,50,5,1.96072664529e-05,1.11129632717e-05
f6,-20.2976209039,40,4,1.56858131624e-05,8.89037061733e-06
f6,-20.287625267,46,8,1.80386851367e-05,1.77807412347e-05
f6,-20.2776039673,52,5,2.03915571111e-05,1.11129632717e-05
f6,-20.2675568727,39,6,1.52936678333e-05,1.3335555926e-05
f6,-20.2574838502,41,7,1.60779584914e-05,1.55581485803e-05
f6,-20.2473847654,41,7,1.60779584914e-05,1.55581485803e-05
f6,-20.2372594832,56,8,2.19601384273e-05,1.77807412347e-05
f6,-20.2271078674,45,6,1.76465398077e-05,1.3335555926e-05
f6,-20.2169297806,40,5,1.56858131624e-05,1.11129632717e-05
f6,-20.2067250844,38,5,1.49015225042e-05,1.11129632717e-05
f6,-20.1964936392,38,1,1.49015225042e-05,2.22259265433e-06
f6,-20.1862353046,52,5,2.03915571111e-05,1.11129632717e-05
f6,-20.1759499388,58,9,2.27444290854e-05,2.0003333889e-05
f6,-20.1656373988,46,4,1.80386851367e-05,8.89037061733e-06
f6,-20.1552975409,44,10,1.72543944786e-05,2.22259265433e-05
f6,-20.1449302199,39,4,1.52936678333e-05,8.89037061733e-06
f6,-20.1345352894,47,3,1.84308304658e-05,6.66777796299e-06
f6,-20.1241126021,61,6,2.39208650726e-05,1.3335555926e-05
f6,-20.1136620093,60,9,2.35287197435e-05,2.0003333889e-05
f6,-20.1031833611,55,7,2.15679930982e-05,1.55581485803e-05
f6,-20.0926765067,45,10,1.76465398077e-05,2.22259265433e-05
f6,-20.0821412936,48,7,1.88229757948e-05,1.55581485803e-05
f6,-20.0715775683,54,11,2.11758477692e-05,2.44485191976e-05
f6,-20.0609851763,57,6,2.23522837564e-05,1.3335555926e-05
f6,-20.0503639613,42,4,1.64701038205e-05,8.89037061733e-06
f6,-20.0397137662,60,6,2.35287197435e-05,1.3335555926e-05
f6,-20.0290344324,34,8,1.3332941188e-05,1.77807412347e-05
f6,-20.0183257999,45,9,1.76465398077e-05,2.0003333889e-05
f6,-20.0075877076,53,10,2.07837024401e-05,2.22259265433e-05
f6,-19.996819993,63,5,2.47051557307e-05,1.11129632717e-05
f6,-19.9860224921,57,5,2.23522837564e-05,1.11129632717e-05
f6,-19.9751950397,42,11,1.64701038205e-05,2.44485191976e-05
f6,-19.9643374692,43,8,1.68622491495e-05,1.77807412347e-05
f6,-19.9534496125,60,6,2.35287197435e-05,1.3335555926e-05
f6,-19.9425313003,54,7,2.11758477692e-05,1.55581485803e-05
f6,-19.9315823616,45,8,1.76465398077e-05,1.77807412347e-05
f6,-19.9206026242,51,5,1.9999411782e-05,1.11129632717e-05
f6,-19.9095919142,53,7,2.07837024401e-05,1.55581485803e-05
f6,-19.8985500566,59,7,2.31365744145e-05,1.55581485803e-05
f6,-19.8874768744,56,4,2.19601384273e-05,8.89037061733e-06
f6,-19.8763721896,55,9,2.15679930982e-05,2.0003333889e-05
f6,-19.8652358223,64,8,2.50973010598e-05,1.77807412347e-05
f6,-19.8540675913,53,10,2.07837024401e-05,2.22259265433e-05
f6,-19.8428673137,58,11,2.27444290854e-05,2.44485191976e-05
f6,-19.8316348049,47,10,1.84308304658e-05,2.22259265433e-05
f6,-19.8203698791,65,6,2.54894463888e-05,1.3335555926e-05
f6,-19.8090723486,72,9,2.82344636922e-05,2.0003333889e-05
f6,-19.797742024,69,8,2.70580277051e-05,1.77807412347e-05
f6,-19.7863787144,63,4,2.47051557307e-05,8.89037061733e-06
f6,-19.7749822272,72,4,2.82344636922e-05,8.89037061733e-06
f6,-19.7635523682,62,9,2.43130104017e-05,2.0003333889e-05
f6,-19.7520889412,48,6,1.88229757948e-05,1.3335555926e-05
f6,-19.7405917485,71,9,2.78423183632e-05,2.0003333889e-05
f6,-19.7290605907,60,6,2.35287197435e-05,1.3335555926e-05
f6,-19.7174952664,56,9,2.19601384273e-05,2.0003333889e-05
f6,-19.7058955727,74,9,2.90187543504e-05,2.0003333889e-05
f6,-19.6942613045,58,9,2.27444290854e-05,2.0003333889e-05
f6,-19.6825922552,59,11,2.31365744145e-05,2.44485191976e-05
f6,-19.6708882162,51,7,1.9999411782e-05,1.55581485803e-05
f6,-19.659148977,63,10,2.47051557307e-05,2.22259265433e-05
f6,-19.6473743253,63,8,2.47051557307e-05,1.77807412347e-05
f6,-19.6355640467,63,8,2.47051557307e-05,1.77807412347e-05
f6,-19.6237179251,60,12,2.35287197435e-05,2.6671111852e-05
f6,-19.6118357422,71,8,2.78423183632e-05,1.77807412347e-05
f6,-19.5999172777,79,11,3.09794809957e-05,2.44485191976e-05
f6,-19.5879623094,80,10,3.13716263247e-05,2.22259265433e-05
f6,-19.5759706131,74,17,2.90187543504e-05,3.77840751236e-05
f6,-19.5639419623,61,10,2.39208650726e-05,2.22259265433e-05
f6,-19.5518761287,83,5,3.25480623119e-05,1.11129632717e-05
f6,-19.5397728815,84,4,3.2940207641e-05,8.89037061733e-06
f6,-19.5276319881,81,13,3.17637716538e-05,2.88937045063e-05
f6,-19.5154532135,73,6,2.86266090213e-05,1.3335555926e-05
f6,-19.5032363207,69,13,2.70580277051e-05,2.88937045063e-05
f6,-19.4909810701,80,12,3.13716263247e-05,2.6671111852e-05
f6,-19.4786872204,73,8,2.86266090213e-05,1.77807412347e-05
f6,-19.4663545274,84,15,3.2940207641e-05,3.3338889815e-05
f6,-19.453982745,69,10,2.70580277051e-05,2.22259265433e-05
f6,-19.4415716245,72,11,2.82344636922e-05,2.44485191976e-05
f6,-19.4291209151,75,13,2.94108996794e-05,2.88937045063e-05
f6,-19.4166303634,85,8,3.333235297e-05,1.77807412347e-05
f6,-19.4040997135,87,5,3.41166436281e-05,1.11129632717e-05
f6,-19.3915287072,82,7,3.21559169828e-05,1.55581485803e-05
f6,-19.3789170837,90,14,3.52930796153e-05,3.11162971606e-05
f6,-19.3662645797,92,13,3.60773702734e-05,2.88937045063e-05
f6,-19.3535709292,84,12,3.2940207641e-05,2.6671111852e-05
f6,-19.3408358638,111,9,4.35281315255e-05,2.0003333889e-05
f6,-19.3280591123,74,14,2.90187543504e-05,3.11162971606e-05
f6,-19.315240401,85,12,3.333235297e-05,2.6671111852e-05
f6,-19.3023794534,73,10,2.86266090213e-05,2.22259265433e-05
f6,-19.2894759901,74,15,2.90187543504e-05,3.3338889815e-05
f6,-19.2765297292,76,14,2.98030450085e-05,3.11162971606e-05
f6,-19.2635403858,76,4,2.98030450085e-05,8.89037061733e-06
f6,-19.2505076723,84,14,3.2940207641e-05,3.11162971606e-05
f6,-19.237431298,89,13,3.49009342862e-05,2.88937045063e-05
f6,-19.2243109694,95,14,3.72538062606e-05,3.11162971606e-05
f6,-19.21114639,89,9,3.49009342862e-05,2.0003333889e-05
f6,-19.1979372603,88,11,3.45087889572e-05,2.44485191976e-05
f6,-19.1846832779,104,10,4.07831142221e-05,2.22259265433e-05
f6,-19.171384137,77,13,3.01951903375e-05,2.88937045063e-05
f6,-19.1580395288,101,14,3.9606678235e-05,3.11162971606e-05
f6,-19.1446491415,95,19,3.72538062606e-05,4.22292604323e-05
f6,-19.1312126598,95,18,3.72538062606e-05,4.0006667778e-05
f6,-19.1177297652,111,12,4.35281315255e-05,2.6671111852e-05
f6,-19.1042001361,95,13,3.72538062606e-05,2.88937045063e-05
f6,-19.0906234474,89,14,3.49009342862e-05,3.11162971606e-05
f6,-19.0769993704,101,16,3.9606678235e-05,3.55614824693e-05
f6,-19.0633275733,100,16,3.92145329059e-05,3.55614824693e-05
f6,-19.0496077206,94,12,3.68616609315e-05,2.6671111852e-05
f6,-19.0358394732,100,12,3.92145329059e-05,2.6671111852e-05
f6,-19.0220224886,109,8,4.27438408674e-05,1.77807412347e-05
f6,-19.0081564204,98,8,3.84302422478e-05,1.77807412347e-05
f6,-18.9942409188,103,9,4.03909688931e-05,2.0003333889e-05
f6,-18.9802756299,108,9,4.23516955384e-05,2.0003333889e-05
f6,-18.9662601962,113,16,4.43124221837e-05,3.55614824693e-05
f6,-18.9521942563,106,8,4.15674048802e-05,1.77807412347e-05
f6,-18.938077445,109,12,4.27438408674e-05,2.6671111852e-05
f6,-18.9239093928,105,8,4.11752595512e-05,1.77807412347e-05
f6,-18.9096897265,114,15,4.47045675127e-05,3.3338889815e-05
f6,-18.8954180687,113,16,4.43124221837e-05,3.55614824693e-05
f6,-18.8810940376,108,15,4.23516955384e-05,3.3338889815e-05
f6,-18.8667172476,99,16,3.88223875768e-05,3.55614824693e-05
f6,-18.8522873084,108,18,4.23516955384e-05,4.0006667778e-05
f6,-18.8378038258,105,17,4.11752595512e-05,3.77840751236e-05
f6,-18.8232664009,110,18,4.31359861965e-05,4.0006667778e-05
f6,-18.8086746303,118,18,4.6273148829e-05,4.0006667778e-05
f6,-18.7940281063,109,15,4.27438408674e-05,3.3338889815e-05
f6,-18.7793264163,106,12,4.15674048802e-05,2.6671111852e-05
f6,-18.7645691432,125,15,4.90181661324e-05,3.3338889815e-05
f6,-18.7497558651,122,12,4.78417301452e-05,2.6671111852e-05
f6,-18.7348861554,119,14,4.6665294158e-05,3.11162971606e-05
f6,-18.7199595824,139,20,5.45082007392e-05,4.44518530866e-05
f6,-18.7049757095,111,14,4.35281315255e-05,3.11162971606e-05
f6,-18.6899340952,109,15,4.27438408674e-05,3.3338889815e-05
f6,-18.6748342927,113,13,4.43124221837e-05,2.88937045063e-05
f6,-18.65967585,106,18,4.15674048802e-05,4.0006667778e-05
f6,-18.64445831,137,15,5.37239100811e-05,3.3338889815e-05
f6,-18.6291812099,122,15,4.78417301452e-05,3.3338889815e-05
f6,-18.6138440818,143,11,5.60767820554e-05,2.44485191976e-05
f6,-18.598446452,112,16,4.39202768546e-05,3.55614824693e-05
f6,-18.5829878414,129,22,5.05867474486e-05,4.88970383953e-05
f6,-18.5674677649,116,15,4.54888581708e-05,3.3338889815e-05
f6,-18.5518857319,149,22,5.84296540298e-05,4.88970383953e-05
f6,-18.5362412457,131,22,5.13710381067e-05,4.88970383953e-05
f6,-18.5205338037,126,22,4.94103114614e-05,4.88970383953e-05
f6,-18.504762897,149,21,5.84296540298e-05,4.6674445741e-05
f6,-18.4889280109,137,17,5.37239100811e-05,3.77840751236e-05
f6,-18.473028624,144,21,5.64689273845e-05,4.6674445741e-05
f6,-18.4570642088,176,23,6.90175779144e-05,5.11196310496e-05
f6,-18.4410342311,144,13,5.64689273845e-05,2.88937045063e-05
f6,-18.4249381502,142,25,5.56846367264e-05,5.55648163583e-05
f6,-18.4087754187,167,19,6.54882699528e-05,4.22292604323e-05
f6,-18.3925454823,156,24,6.11746713332e-05,5.3342223704e-05
f6,-18.3762477797,159,24,6.23511073204e-05,5.3342223704e-05
f6,-18.3598817428,149,27,5.84296540298e-05,6.00100016669e-05
f6,-18.3434467961,164,18,6.43118339657e-05,4.0006667778e-05
f6,-18.3269423568,157,22,6.15668166623e-05,4.88970383953e-05
f6,-18.3103678347,159,23,6.23511073204e-05,5.11196310496e-05
f6,-18.2937226321,147,14,5.76453633717e-05,3.11162971606e-05
f6,-18.2770061437,139,15,5.45082007392e-05,3.3338889815e-05
f6,-18.2602177562,139,21,5.45082007392e-05,4.6674445741e-05
f6,-18.2433568484,152,21,5.9606090017e-05,4.6674445741e-05
f6,-18.2264227911,170,19,6.666470594e-05,4.22292604323e-05
f6,-18.2094149468,173,32,6.78411419272e-05,7.11229649386e-05
f6,-18.1923326698,181,21,7.09783045597e-05,4.6674445741e-05
f6,-18.1751753055,153,25,5.9998235346e-05,5.55648163583e-05
f6,-18.157942191,201,22,7.88212111408e-05,4.88970383953e-05
f6,-18.1406326546,179,23,7.01940139016e-05,5.11196310496e-05
f6,-18.1232460152,178,21,6.98018685725e-05,4.6674445741e-05
f6,-18.105781583,171,19,6.70568512691e-05,4.22292604323e-05
f6,-18.0882386587,170,35,6.666470594e-05,7.77907429016e-05
f6,-18.0706165336,186,15,7.2939031205e-05,3.3338889815e-05
f6,-18.0529144893,192,19,7.52919031793e-05,4.22292604323e-05
f6,-18.0351317975,169,26,6.6272560611e-05,5.77874090126e-05
f6,-18.0172677202,188,28,7.37233218631e-05,6.22325943213e-05
f6,-17.9993215089,189,31,7.41154671921e-05,6.89003722843e-05
f6,-17.9812924049,192,23,7.52919031793e-05,5.11196310496e-05
f6,-17.9631796388,213,34,8.35269550896e-05,7.55681502473e-05
f6,-17.9449824306,179,25,7.01940139016e-05,5.55648163583e-05
f6,-17.9266999893,200,31,7.84290658118e-05,6.89003722843e-05
f6,-17.9083315127,196,26,7.68604844956e-05,5.77874090126e-05
f6,-17.8898761871,181,28,7.09783045597e-05,6.22325943213e-05
f6,-17.8713331875,201,23,7.88212111408e-05,5.11196310496e-05
f6,-17.8527016768,218,32,8.54876817349e-05,7.11229649386e-05
f6,-17.833980806,213,37,8.35269550896e-05,8.22359282103e-05
f6,-17.8151697137,227,30,8.90169896964e-05,6.66777796299e-05
f6,-17.7962675263,208,29,8.15662284443e-05,6.44551869756e-05
f6,-17.777273357,212,24,8.31348097605e-05,5.3342223704e-05
f6,-17.7581863063,191,29,7.48997578503e-05,6.44551869756e-05
f6,-17.7390054614,239,35,9.37227336451e-05,7.77907429016e-05
f6,-17.7197298959,235,40,9.21541523289e-05,8.89037061733e-05
f6,-17.7003586696,229,27,8.98012803545e-05,6.00100016669e-05
f6,-17.6808908284,249,39,9.76441869357e-05,8.66811135189e-05
f6,-17.6613254035,243,29,9.52913149613e-05,6.44551869756e-05
f6,-17.6416614119,261,29,0.000102349930884,6.44551869756e-05
f6,-17.6218978553,250,37,9.80363322647e-05,8.22359282103e-05
f6,-17.6020337204,245,31,9.60756056194e-05,6.89003722843e-05
f6,-17.5820679783,242,27,9.48991696323e-05,6.00100016669e-05
f6,-17.561999584,251,36,9.84284775938e-05,8.00133355559e-05
f6,-17.5418274767,261,30,0.000102349930884,6.66777796299e-05
f6,-17.5215505787,272,31,0.000106663529504,6.89003722843e-05
f6,-17.5011677956,239,39,9.37227336451e-05,8.66811135189e-05
f6,-17.4806780159,241,40,9.45070243032e-05,8.89037061733e-05
f6,-17.4600801101,258,33,0.000101173494897,7.33455575929e-05
f6,-17.4393729311,245,35,9.60756056194e-05,7.77907429016e-05
f6,-17.4185553133,249,38,9.76441869357e-05,8.44585208646e-05
f6,-17.3976260724,252,41,9.88206229229e-05,9.11262988276e-05
f6,-17.3765840048,272,40,0.000106663529504,8.89037061733e-05
f6,-17.3554278875,274,43,0.000107447820162,9.55714841362e-05
f6,-17.3341564775,274,34,0.000107447820162,7.55681502473e-05
f6,-17.3127685112,303,44,0.000118820034705,9.77940767906e-05
f6,-17.2912627043,320,37,0.000125486505299,8.22359282103e-05
f6,-17.269637751,292,33,0.000114506436085,7.33455575929e-05
f6,-17.2478923238,296,34,0.000116075017401,7.55681502473e-05
f6,-17.2260250729,310,36,0.000121565052008,8.00133355559e-05
f6,-17.2040346255,294,55,0.000115290726743,0.000122242595988
f6,-17.1819195857,275,43,0.000107839965491,9.55714841362e-05
f6,-17.1596785336,296,41,0.000116075017401,9.11262988276e-05
f6,-17.1373100249,286,46,0.000112153564111,0.000102239262099
f6,-17.1148125904,306,52,0.000119996470692,0.000115574818025
f6,-17.0921847352,358,44,0.000140388027803,9.77940767906e-05
f6,-17.0694249385,328,44,0.000128623667931,9.77940767906e-05
f6,-17.0465316524,345,43,0.000135290138525,9.55714841362e-05
f6,-17.023503302,359,55,0.000140780173132,0.000122242595988
f6,-17.0003382839,346,58,0.000135682283854,0.000128910373951
f6,-16.9770349664,354,51,0.000138819446487,0.000113352225371
f6,-16.9535916883,366,43,0.000143525190436,9.55714841362e-05
f6,-16.930006758,349,52,0.000136858719842,0.000115574818025
f6,-16.9062784534,348,64,0.000136466574513,0.000142245929877
f6,-16.8824050207,348,54,0.000136466574513,0.000120020003334
f6,-16.8583846736,354,50,0.000138819446487,0.000111129632717
f6,-16.8342155928,391,64,0.000153328823662,0.000142245929877
f6,-16.8098959248,412,56,0.000161563875572,0.000124465188643
f6,-16.7854237814,377,47,0.000147838789055,0.000104461854754
f6,-16.7607972386,385,67,0.000150975951688,0.00014891370784
f6,-16.7360143358,420,56,0.000164701038205,0.000124465188643
f6,-16.7110730747,387,50,0.000151760242346,0.000111129632717
f6,-16.6859714185,450,51,0.000176465398077,0.000113352225371
f6,-16.6607072909,374,56,0.000146662353068,0.000124465188643
f6,-16.635278575,437,61,0.000171367508799,0.000135578151914
f6,-16.6096831123,421,78,0.000165093183534,0.000173362227038
f6,-16.5839187014,443,61,0.000173720380773,0.000135578151914
f6,-16.5579830971,441,72,0.000172936090115,0.000160026671112
f6,-16.5318740092,409,77,0.000160387439585,0.000171139634384
f6,-16.5055891012,442,71,0.000173328235444,0.000157804078458
f6,-16.4791259891,457,94,0.00017921041538,0.000208923709507
f6,-16.4524822401,480,60,0.000188229757948,0.00013335555926
f6,-16.425655371,481,70,0.000188621903277,0.000155581485803
f6,-16.3986428474,497,80,0.000194896228542,0.000177807412347
f6,-16.3714420817,479,87,0.000187837612619,0.000193365560927
f6,-16.3440504319,534,57,0.000209405605717,0.000126687781297
f6,-16.3164651998,498,80,0.000195288373871,0.000177807412347
f6,-16.28868363,482,68,0.000189014048606,0.000151136300495
f6,-16.2607029074,513,62,0.000201170553807,0.000137800744569
f6,-16.2325201563,541,86,0.000212150623021,0.000191142968272
f6,-16.2041324378,497,73,0.000194896228542,0.000162249263766
f6,-16.1755367488,530,72,0.000207837024401,0.000160026671112
f6,-16.1467300197,566,98,0.000221954256247,0.000217814080124
f6,-16.1177091122,564,76,0.000221169965589,0.000168917041729
f6,-16.0884708175,582,82,0.000228228581512,0.000182252597655
f6,-16.0590118544,576,87,0.000225875709538,0.000193365560927
f6,-16.0293288666,578,76,0.000226660000196,0.000168917041729
f6,-15.9994184208,594,84,0.000232934325461,0.000186697782964
f6,-15.969277004,579,92,0.000227052145525,0.000204478524198
f6,-15.9389010212,614,104,0.000240777232042,0.00023114963605
f6,-15.908286793,591,95,0.000231757889474,0.000211146302161
f6,-15.8774305526,663,93,0.000259992353166,0.000206701116853
f6,-15.8463284432,663,72,0.000259992353166,0.000160026671112
f6,-15.8149765149,701,88,0.00027489387567,0.000195588153581
f6,-15.7833707221,664,95,0.000260384498495,0.000211146302161
f6,-15.75150692,714,100,0.000279991764948,0.000222259265433
f6,-15.7193808614,692,104,0.000271364567709,0.00023114963605
f6,-15.6869881935,693,97,0.000271756713038,0.00021559148747
f6,-15.6543244541,690,109,0.000270580277051,0.000242262599322
f6,-15.621385068,700,125,0.000274501730341,0.000277824081791
f6,-15.5881653434,705,132,0.000276462456987,0.000293382230372
f6,-15.5546604674,750,114,0.000294108996794,0.000253375562594
f6,-15.5208655024,754,111,0.00029567757811,0.000246707784631
f6,-15.486775381,852,116,0.000334107820358,0.000257820747902
f6,-15.4523849023,780,124,0.000305873356666,0.000275601489137
f6,-15.4176887264,855,128,0.000335284256345,0.000284491859754
f6,-15.38268137,857,119,0.000336068547004,0.000264488525865
f6,-15.3473572005,859,121,0.000336852837662,0.000268933711174
f6,-15.3117104315,888,138,0.000348225052204,0.000306717786298
f6,-15.2757351161,944,135,0.000370185190632,0.000300050008335
f6,-15.2394251419,879,145,0.000344695744243,0.000322275934878
f6,-15.2027742239,912,154,0.000357636540102,0.000342279268767
f6,-15.1657758987,963,125,0.000377635951884,0.000277824081791
f6,-15.1284235172,1019,149,0.000399596090311,0.000331166305495
f6,-15.0907102375,978,159,0.00038351813182,0.000353392232039
f6,-15.0526290176,1053,184,0.000412929031499,0.000408957048397
f6,-15.0141726072,1038,161,0.000407046851563,0.000357837417347
f6,-14.9753335396,976,166,0.000382733841162,0.000368950380619
f6,-14.9361041231,1031,150,0.00040430183426,0.00033338889815
f6,-14.8964764317,1014,175,0.000397635363666,0.000388953714508
f6,-14.8564422953,1100,175,0.000431359861965,0.000388953714508
f6,-14.8159932899,1091,184,0.000427830554003,0.000408957048397
f6,-14.7751207271,1113,173,0.000436457751243,0.000384508529199
f6,-14.7338156424,1147,195,0.000449790692431,0.000433405567595
f6,-14.6920687837,1150,200,0.000450967128418,0.000444518530866
f6,-14.6498705988,1197,194,0.000469397958884,0.00043118297494
f6,-14.6072112224,1234,208,0.000483907336059,0.000462299272101
f6,-14.5640804622,1249,188,0.000489789515995,0.000417847419014
f6,-14.5204677841,1295,192,0.000507828201131,0.000426737789632
f6,-14.476362297,1334,194,0.000523121868965,0.00043118297494
f6,-14.4317527362,1415,227,0.000554885640618,0.000504528532533
f6,-14.3866274465,1390,212,0.000545082007392,0.000471189642718
f6,-14.3409743637,1392,217,0.00054586629805,0.00048230260599
f6,-14.2947809952,1465,232,0.000574492907071,0.000515641495805
f6,-14.2480343995,1534,247,0.000601550934776,0.00054898038562
f6,-14.2007211647,1613,225,0.000632530415772,0.000500083347225
f6,-14.1528273849,1568,264,0.000614883875964,0.000586764460743
f6,-14.104338636,1636,245,0.00064154975834,0.000544535200311
f6,-14.0552399499,1746,261,0.000684685744537,0.00058009668278
f6,-14.0055157859,1855,280,0.000727429585404,0.000622325943213
f6,-13.9551500022,1756,280,0.000688607197828,0.000622325943213
f6,-13.9041258235,1807,285,0.00070860660961,0.000633438906484
f6,-13.8524258083,1910,279,0.000748997578503,0.000620103350558
f6,-13.8000318125,1898,349,0.000744291834554,0.000775684836362
f6,-13.7469249513,2011,289,0.000788604256738,0.000642329277102
f6,-13.6930855587,2078,310,0.000814877993784,0.000689003722843
f6,-13.6384931431,2095,346,0.000821544464378,0.000769017058399
f6,-13.5831263413,2112,353,0.000828210934973,0.000784575206979
f6,-13.5269628675,2189,355,0.00085840612531,0.000789020392288
f6,-13.4699794601,2374,342,0.000930953011186,0.000760126687781
f6,-13.4121518234,2380,384,0.00093330588316,0.000853475579263
f6,-13.3534545657,2476,409,0.00097095183475,0.000909040395621
f6,-13.293861132,2572,422,0.00100859778634,0.000937934100128
f6,-13.2333437325,2650,445,0.00103918512201,0.000989053731177
f6,-13.1718732639,2746,447,0.0010768310736,0.000993498916486
f6,-13.1094192262,2985,482,0.00117055380724,0.00107128965939
f6,-13.0459496313,3110,475,0.00121957197337,0.00105573151081
f6,-12.9814309048,3211,519,0.00125917865161,0.0011535255876
f6,-12.9158277793,3135,572,0.0012293756066,0.00127132299828
f6,-12.8491031787,3348,555,0.00131290256169,0.00123353892315
f6,-12.7812180923,3566,584,0.00139839024342,0.00129799411013
f6,-12.7121314377,3684,617,0.00144466339225,0.00137133966772
f6,-12.6417999118,4066,705,0.00159446290795,0.0015669278213
f6,-12.5701778274,4375,765,0.00171563581463,0.00170028338056
f6,-12.4972169352,4870,851,0.00190974775252,0.00189142634884
f6,-12.4228662285,5760,1003,0.00225875709538,0.00222926043229
f6,-12.3470717288,4323,710,0.00169524425752,0.00157804078458
f6,-12.2697762509,4110,716,0.00161171730243,0.0015913763405
f6,-12.1909191429,4106,682,0.00161014872112,0.00151580819025
f6,-12.1104360012,4322,714,0.00169485211219,0.00158693115519
f6,-12.0282583536,4383,725,0.00171877297727,0.00161137967439
f6,-11.94431331,4545,805,0.00178230052057,0.00178918708674
f6,-11.8585231735,4708,780,0.00184622020921,0.00173362227038
f6,-11.7708050082,4802,864,0.00188308187014,0.00192032005334
f6,-11.6810701577,4996,841,0.00195915806398,0.00186920042229
f6,-11.5892237064,5371,908,0.00210621256238,0.00201811413013
f6,-11.4951638759,5460,940,0.00214111349666,0.00208923709507
f6,-11.3987813473,5835,953,0.00228816799506,0.00211813079958
f6,-11.2999584972,5997,1040,0.00235169553837,0.0023114963605
f6,-11.1985685348,6039,963,0.00236816564219,0.00214035672612
f6,-11.0944745238,6401,1072,0.00251012225131,0.00238261932544
f6,-10.9875282699,6633,1105,0.00260109996765,0.00245596488304
f6,-10.8775690525,7138,1212,0.00279913335882,0.00269378229705
f6,-10.7644221714,7532,1296,0.00295363861847,0.00288048008001
f6,-10.6478972769,8121,1425,0.00318461221729,0.00316719453242
f6,-10.5277864437,8656,1507,0.00339440996833,0.00334944713008
f6,-10.4038619374,9890,1679,0.00387831730439,0.00373173306662
f6,-10.275873616,9355,1632,0.00366851955335,0.00362727121187
f6,-10.1435458899,9903,1718,0.00388341519367,0.00381841418014
f6,-10.006574149,11155,1885,0.00437438114565,0.00418958715341
f6,-9.86462053864,11187,1922,0.00438692979618,0.00427182308162
f6,-9.71730893972,11348,1998,0.00445006519416,0.00444074012335
f6,-9.56421896213,12075,2124,0.00473515484839,0.0047207867978
f6,-9.40487871245,13180,2290,0.005168475437,0.00508973717842
f6,-9.2387560213,14651,2632,0.00574532121604,0.0058498638662
f6,-9.06524771946,15253,2653,0.00598139270414,0.00589653831194
f6,-8.88366641768,16284,2871,0.0063856945384,0.00638106351059
f6,-8.69322405855,18135,3153,0.00711155554248,0.00700783463911
f6,-8.49301124606,18837,3262,0.00738684156348,0.00725009723843
f6,-8.28197098117,21485,3697,0.00842524239483,0.00821692504306
f6,-8.05886488262,21420,3685,0.00839975294844,0.00819025393121
f6,-7.82222915498,24437,4277,0.00958285540621,0.00950602878257
f6,-7.57031632728,25749,4440,0.0100973500779,0.00986831138523
f6,-7.30101686021,29279,5110,0.0114816230895,0.0113574484636
f6,-7.01175165098,33878,5952,0.0132850994579,0.0132288714786
f6,-6.6993214237,41230,7286,0.0161681519171,0.0161938100795
f6,-6.35969043072,45946,7949,0.0180175092889,0.0176673890093
f6,-5.98766676981,53315,9643,0.0209072282188,0.0214324609657
f6,-5.57641369243,61965,11010,0.0242992853151,0.0244707451242
f6,-5.11667186623,73366,12722,0.0287701342117,0.0282758237484
f6,-4.59545957147,87594,15421,0.0343495779536,0.0342746013224
f6,-3.99376413496,112610,20382,0.0441594855053,0.0453008834806
f6,-3.28210948106,147038,26086,0.0576602648942,0.0579785519809
f6,-2.41111457749,223649,39926,0.0877029106987,0.0887392343168
f6,-1.28820684621,407129,72708,0.159653735674,0.161600266711
f6,0.294442711256,672480,122379,0.263709890886,0.271998666444
f8,3.63624369109,1,0,3.92145329059e-07,0
f8,3.64050339504,0,1,0,2.22259265433e-06
f8,3.64404346269,0,1,0,2.22259265433e-06
f8,3.64468074369,0,1,0,2.22259265433e-06
f8,3.64633920104,1,0,3.92145329059e-07,0
f8,3.64716380761,1,0,3.92145329059e-07,0
f8,3.64823621427,0,1,0,2.22259265433e-06
f8,3.64972132278,1,0,3.92145329059e-07,0
f8,3.65073003302,1,0,3.92145329059e-07,0
f8,3.6518103551,1,0,3.92145329059e-07,0
f8,3.6518486537,1,0,3.92145329059e-07,0
f8,3.65258327658,1,0,3.92145329059e-07,0
f8,3.65282590102,1,0,3.92145329059e-07,0
f8,3.65416660008,0,1,0,2.22259265433e-06
f8,3.65503587908,1,0,3.92145329059e-07,0
f8,3.65508564457,1,0,3.92145329059e-07,0
f8,3.65527697938,1,0,3.92145329059e-07,0
f8,3.6556623755,1,0,3.92145329059e-07,0
f8,3.65567079444,0,1,0,2.22259265433e-06
f8,3.65639286156,1,0,3.92145329059e-07,0
f8,3.65653882889,1,0,3.92145329059e-07,0
f8,3.65657325055,1,0,3.92145329059e-07,0
f8,3.65676309307,0,1,0,2.22259265433e-06
f8,3.6568323474,1,0,3.92145329059e-07,0
f8,3.65687569142,1,0,3.92145329059e-07,0
f8,3.6572503726,1,0,3.92145329059e-07,0
f8,3.6574258281,1,0,3.92145329059e-07,0
f8,3.65760204513,0,1,0,2.22259265433e-06
f8,3.6576373805,0,1,0,2.22259265433e-06
f8,3.65781452013,1,0,3.92145329059e-07,0
f8,3.65806382124,0,1,0,2.22259265433e-06
f8,3.65808168718,1,0,3.92145329059e-07,0
f8,3.65816218132,1,0,3.92145329059e-07,0
f8,3.65866665176,1,0,3.92145329059e-07,0
f8,3.65867571737,1,0,3.92145329059e-07,0
f8,3.65909493896,0,1,0,2.22259265433e-06
f8,3.6594076045,1,0,3.92145329059e-07,0
f8,3.65956484488,0,1,0,2.22259265433e-06
f8,3.66011533476,1,0,3.92145329059e-07,0
f8,3.66014352617,1,0,3.92145329059e-07,0
f8,3.66042652225,0,1,0,2.22259265433e-06
f8,3.66053078371,1,0,3.92145329059e-07,0
f8,3.66054027532,1,0,3.92145329059e-07,0
f8,3.66057826394,1,0,3.92145329059e-07,0
f8,3.6606733913,1,0,3.92145329059e-07,0
f8,3.66110424437,1,0,3.92145329059e-07,0
f8,3.66121026312,1,0,3.92145329059e-07,0
f8,3.66168592107,1,0,3.92145329059e-07,0
f8,3.66192094539,0,1,0,2.22259265433e-06
f8,3.66208824796,1,0,3.92145329059e-07,0
f8,3.66215733814,1,0,3.92145329059e-07,0
f8,3.66232561968,0,1,0,2.22259265433e-06
f8,3.66237524729,0,1,0,2.22259265433e-06
f8,3.66238518009,1,0,3.92145329059e-07,0
f8,3.66256438737,1,0,3.92145329059e-07,0
f8,3.66283469022,1,0,3.92145329059e-07,0
f8,3.66287488858,1,0,3.92145329059e-07,0
f8,3.6630259879,1,0,3.92145329059e-07,0
f8,3.66329939189,0,1,0,2.22259265433e-06
f8,3.66332988407,1,0,3.92145329059e-07,0
f8,3.6638930046,1,0,3.92145329059e-07,0
f8,3.66396523803,1,0,3.92145329059e-07,0
f8,3.66401691214,2,0,7.84290658118e-07,0
f8,3.66412045807,1,0,3.92145329059e-07,0
f8,3.66426586748,1,0,3.92145329059e-07,0
f8,3.66429709451,1,0,3.92145329059e-07,0
f8,3.66443268986,0,1,0,2.22259265433e-06
f8,3.66449542539,1,0,3.92145329059e-07,0
f8,3.66461069292,1,0,3.92145329059e-07,0
f8,3.66513880051,1,0,3.92145329059e-07,0
f8,3.66516006837,1,0,3.92145329059e-07,0
f8,3.66533061349,2,0,7.84290658118e-07,0
f8,3.66534129639,1,0,3.92145329059e-07,0
f8,3.66546971085,1,0,3.92145329059e-07,0
f8,3.66557703404,1,0,3.92145329059e-07,0
f8,3.66571697967,2,0,7.84290658118e-07,0
f8,3.66608528837,1,0,3.92145329059e-07,0
f8,3.66609617172,1,0,3.92145329059e-07,0
f8,3.66630351162,1,0,3.92145329059e-07,0
f8,3.66641306468,0,1,0,2.22259265433e-06
f8,3.66652291415,1,0,3.92145329059e-07,0
f8,3.66669929386,1,0,3.92145329059e-07,0
f8,3.66673245052,0,1,0,2.22259265433e-06
f8,3.66674350877,1,0,3.92145329059e-07,0
f8,3.66679884521,1,0,3.92145329059e-07,0
f8,3.66680992155,1,0,3.92145329059e-07,0
f8,3.66684316873,1,0,3.92145329059e-07,0
f8,3.66689864126,1,0,3.92145329059e-07,0
f8,3.66706551506,2,0,7.84290658118e-07,0
f8,3.66709897228,1,0,3.92145329059e-07,0
f8,3.66726667322,1,0,3.92145329059e-07,0
f8,3.66727787795,1,0,3.92145329059e-07,0
f8,3.66734517135,0,1,0,2.22259265433e-06
f8,3.66739009566,1,0,3.92145329059e-07,0
f8,3.66757029163,1,0,3.92145329059e-07,0
f8,3.66760416759,1,0,3.92145329059e-07,0
f8,3.66764937956,0,1,0,2.22259265433e-06
f8,3.66770596541,1,0,3.92145329059e-07,0
f8,3.66776263023,1,0,3.92145329059e-07,0
f8,3.66778531832,1,0,3.92145329059e-07,0
f8,3.6678080191,1,0,3.92145329059e-07,0
f8,3.66785345877,1,0,3.92145329059e-07,0
f8,3.66808142309,0,1,0,2.22259265433e-06
f8,3.66809285497,1,0,3.92145329059e-07,0
f8,3.66810429008,1,0,3.92145329059e-07,0
f8,3.66811572841,1,0,3.92145329059e-07,0
f8,3.66812716995,2,0,7.84290658118e-07,0
f8,3.66823028926,1,0,3.92145329059e-07,0
f8,3.66829918125,1,0,3.92145329059e-07,0
f8,3.66831067463,1,0,3.92145329059e-07,0
f8,3.66832217125,1,0,3.92145329059e-07,0
f8,3.66846038531,1,0,3.92145329059e-07,0
f8,3.66849501246,1,0,3.92145329059e-07,0
f8,3.66850656142,0,1,0,2.22259265433e-06
f8,3.66854122799,1,0,3.92145329059e-07,0
f8,3.66859907149,1,0,3.92145329059e-07,0
f8,3.66862223198,1,0,3.92145329059e-07,0
f8,3.66864540569,1,0,3.92145329059e-07,0
f8,3.66879635807,0,1,0,2.22259265433e-06
f8,3.6688429181,1,0,3.92145329059e-07,0
f8,3.66890119332,2,0,7.84290658118e-07,0
f8,3.66895955231,1,0,3.92145329059e-07,0
f8,3.66898291941,1,0,3.92145329059e-07,0
f8,3.66900629997,1,0,3.92145329059e-07,0
f8,3.66912340515,1,0,3.92145329059e-07,0
f8,3.66917034196,1,0,3.92145329059e-07,0
f8,3.6692173331,1,0,3.92145329059e-07,0
f8,3.66924084908,0,1,0,2.22259265433e-06
f8,3.66926437869,2,0,7.84290658118e-07,0
f8,3.66929969869,0,1,0,2.22259265433e-06
f8,3.66933504945,1,0,3.92145329059e-07,0
f8,3.66942946888,1,0,3.92145329059e-07,0
f8,3.66971405187,1,0,3.92145329059e-07,0
f8,3.6697735919,1,0,3.92145329059e-07,0
f8,3.66992880585,0,1,0,2.22259265433e-06
f8,3.67003661033,1,0,3.92145329059e-07,0
f8,3.67007260886,1,0,3.92145329059e-07,0
f8,3.67010863933,1,0,3.92145329059e-07,0
f8,3.67030134377,0,1,0,2.22259265433e-06
f8,3.67036175196,1,0,3.92145329059e-07,0
f8,3.67038594043,1,0,3.92145329059e-07,0
f8,3.67041014331,1,0,3.92145329059e-07,0
f8,3.67049496721,1,0,3.92145329059e-07,0
f8,3.6705435177,1,0,3.92145329059e-07,0
f8,3.67061645246,1,0,3.92145329059e-07,0
f8,3.67068951848,0,1,0,2.22259265433e-06
f8,3.67076271622,1,0,3.92145329059e-07,0
f8,3.67077492869,1,0,3.92145329059e-07,0
f8,3.67104453652,1,0,3.92145329059e-07,0
f8,3.67108144033,1,0,3.92145329059e-07,0
f8,3.67115534873,2,0,7.84290658118e-07,0
f8,3.6711800148,1,0,3.92145329059e-07,0
f8,3.6712911979,1,0,3.92145329059e-07,0
f8,3.67131594666,1,0,3.92145329059e-07,0
f8,3.67134071052,1,0,3.92145329059e-07,0
f8,3.67146475687,0,1,0,2.22259265433e-06
f8,3.67157672356,1,0,3.92145329059e-07,0
f8,3.67171399239,1,0,3.92145329059e-07,0
f8,3.6717390003,1,0,3.92145329059e-07,0
f8,3.67175151004,0,1,0,2.22259265433e-06
f8,3.67181411658,1,0,3.92145329059e-07,0
f8,3.67182664949,1,0,3.92145329059e-07,0
f8,3.67187681982,1,0,3.92145329059e-07,0
f8,3.67190192826,1,0,3.92145329059e-07,0
f8,3.67201510877,1,0,3.92145329059e-07,0
f8,3.67202770388,1,0,3.92145329059e-07,0
f8,3.67206551268,1,0,3.92145329059e-07,0
f8,3.67215387036,1,0,3.92145329059e-07,0
f8,3.67220444693,1,1,3.92145329059e-07,2.22259265433e-06
f8,3.67226775638,1,0,3.92145329059e-07,0
f8,3.67230578949,1,0,3.92145329059e-07,0
f8,3.67243282444,1,0,3.92145329059e-07,0
f8,3.67256025813,1,0,3.92145329059e-07,0
f8,3.67259856636,1,0,3.92145329059e-07,0
f8,3.67261134381,1,0,3.92145329059e-07,0
f8,3.67272652216,1,1,3.92145329059e-07,2.22259265433e-06
f8,3.67286774087,1,0,3.92145329059e-07,0
f8,3.67290634047,1,0,3.92145329059e-07,0
f8,3.67293209393,0,1,0,2.22259265433e-06
f8,3.67295786375,1,0,3.92145329059e-07,0
f8,3.67309989084,1,0,3.92145329059e-07,0
f8,3.67317757008,1,0,3.92145329059e-07,0
f8,3.67322943893,0,1,0,2.22259265433e-06
f8,3.67328137414,1,0,3.92145329059e-07,0
f8,3.67329436832,0,1,0,2.22259265433e-06
f8,3.6733463867,1,0,3.92145329059e-07,0
f8,3.67347672498,2,0,7.84290658118e-07,0
f8,3.67348978185,1,0,3.92145329059e-07,0
f8,3.67355512927,1,0,3.92145329059e-07,0
f8,3.67358129771,1,0,3.92145329059e-07,0
f8,3.67362058203,1,0,3.92145329059e-07,0
f8,3.67364679271,1,0,3.92145329059e-07,0
f8,3.67376495061,0,1,0,2.22259265433e-06
f8,3.67379125468,1,0,3.92145329059e-07,0
f8,3.67389664174,2,0,7.84290658118e-07,0
f8,3.67400230306,1,0,3.92145329059e-07,0
f8,3.67405523701,1,0,3.92145329059e-07,0
f8,3.67413476758,1,0,3.92145329059e-07,0
f8,3.67418787463,1,0,3.92145329059e-07,0
f8,3.67422775056,1,0,3.92145329059e-07,0
f8,3.67424105125,0,1,0,2.22259265433e-06
f8,3.67428097946,2,1,7.84290658118e-07,2.22259265433e-06
f8,3.67430762011,1,0,3.92145329059e-07,0
f8,3.67444108617,1,0,3.92145329059e-07,0
f8,3.67450798409,1,0,3.92145329059e-07,0
f8,3.6745615819,0,1,0,2.22259265433e-06
f8,3.67462867883,1,0,3.92145329059e-07,0
f8,3.67464211153,1,0,3.92145329059e-07,0
f8,3.67474973343,1,0,3.92145329059e-07,0
f8,3.67484413719,1,0,3.92145329059e-07,0
f8,3.67503360578,0,1,0,2.22259265433e-06
f8,3.67512867268,2,0,7.84290658118e-07,0
f8,3.67514227186,1,0,3.92145329059e-07,0
f8,3.67515587559,1,0,3.92145329059e-07,0
f8,3.67519671416,1,0,3.92145329059e-07,0
f8,3.67525122956,1,0,3.92145329059e-07,0
f8,3.67527851474,2,0,7.84290658118e-07,0
f8,3.67536048045,1,0,3.92145329059e-07,0
f8,3.67545631674,1,0,3.92145329059e-07,0
f8,3.67548374014,3,1,1.17643598718e-06,2.22259265433e-06
f8,3.67552491,1,0,3.92145329059e-07,0
f8,3.67560737517,1,0,3.92145329059e-07,0
f8,3.67566244515,0,1,0,2.22259265433e-06
f8,3.67571758994,1,0,3.92145329059e-07,0
f8,3.67575899773,1,0,3.92145329059e-07,0
f8,3.67578662641,0,1,0,2.22259265433e-06
f8,3.6758142739,2,1,7.84290658118e-07,2.22259265433e-06
f8,3.67589732951,1,0,3.92145329059e-07,0
f8,3.67592505252,2,0,7.84290658118e-07,0
f8,3.67596667255,0,1,0,2.22259265433e-06
f8,3.67598055538,1,0,3.92145329059e-07,0
f8,3.67599444296,1,0,3.92145329059e-07,0
f8,3.6760083353,0,1,0,2.22259265433e-06
f8,3.67607786835,1,0,3.92145329059e-07,0
f8,3.67613358066,1,0,3.92145329059e-07,0
f8,3.67616146551,1,0,3.92145329059e-07,0
f8,3.67618936952,2,0,7.84290658118e-07,0
f8,3.67620332872,1,0,3.92145329059e-07,0
f8,3.67632917799,1,0,3.92145329059e-07,0
f8,3.67641329474,0,1,0,2.22259265433e-06
f8,3.67649758614,1,0,3.92145329059e-07,0
f8,3.67661024757,1,0,3.92145329059e-07,0
f8,3.67663846185,2,0,7.84290658118e-07,0
f8,3.67679399181,1,0,3.92145329059e-07,0
f8,3.6768506962,1,0,3.92145329059e-07,0
f8,3.67687907812,1,0,3.92145329059e-07,0
f8,3.67693590156,2,0,7.84290658118e-07,0
f8,3.67695011985,1,1,3.92145329059e-07,2.22259265433e-06
f8,3.67697857139,2,0,7.84290658118e-07,0
f8,3.67699280464,1,0,3.92145329059e-07,0
f8,3.67706404582,1,0,3.92145329059e-07,0
f8,3.67709257733,1,0,3.92145329059e-07,0
f8,3.67710685061,1,0,3.92145329059e-07,0
f8,3.67716399395,1,0,3.92145329059e-07,0
f8,3.67717829236,1,0,3.92145329059e-07,0
f8,3.67722121784,1,0,3.92145329059e-07,0
f8,3.67724986005,1,1,3.92145329059e-07,2.22259265433e-06
f8,3.67730720517,1,0,3.92145329059e-07,0
f8,3.67732155412,1,0,3.92145329059e-07,0
f8,3.67735026723,1,0,3.92145329059e-07,0
f8,3.67739337501,1,0,3.92145329059e-07,0
f8,3.67740775445,1,0,3.92145329059e-07,0
f8,3.67746532318,1,1,3.92145329059e-07,2.22259265433e-06
f8,3.67747972812,1,0,3.92145329059e-07,0
f8,3.67749413818,1,0,3.92145329059e-07,0
f8,3.67756626529,1,0,3.92145329059e-07,0
f8,3.67759515205,0,2,0,4.44518530866e-06
f8,3.67768193585,3,0,1.17643598718e-06,0
f8,3.67773989495,2,0,7.84290658118e-07,0
f8,3.67775439766,1,0,3.92145329059e-07,0
f8,3.67776890555,1,0,3.92145329059e-07,0
f8,3.6777979369,2,0,7.84290658118e-07,0
f8,3.67781246036,1,1,3.92145329059e-07,2.22259265433e-06
f8,3.67784152288,1,0,3.92145329059e-07,0
f8,3.67785606195,0,1,0,2.22259265433e-06
f8,3.67788515571,1,0,3.92145329059e-07,0
f8,3.67789971041,2,0,7.84290658118e-07,0
f8,3.67792883547,1,0,3.92145329059e-07,0
f8,3.67794340584,1,0,3.92145329059e-07,0
f8,3.67800173967,1,0,3.92145329059e-07,0
f8,3.67803093805,1,0,3.92145329059e-07,0
f8,3.67808939787,1,0,3.92145329059e-07,0
f8,3.67810402599,1,0,3.92145329059e-07,0
f8,3.67811865938,1,0,3.92145329059e-07,0
f8,3.67813329804,1,0,3.92145329059e-07,0
f8,3.67816259122,2,0,7.84290658118e-07,0
f8,3.67823591676,1,0,3.92145329059e-07,0
f8,3.67832408257,1,0,3.92145329059e-07,0
f8,3.67838296632,2,0,7.84290658118e-07,0
f8,3.67839770061,1,0,3.92145329059e-07,0
f8,3.67847145238,1,0,3.92145329059e-07,0
f8,3.67848621883,2,0,7.84290658118e-07,0
f8,3.67850099064,1,0,3.92145329059e-07,0
f8,3.67853055041,1,0,3.92145329059e-07,0
f8,3.67857493045,1,0,3.92145329059e-07,0
f8,3.67858973459,2,0,7.84290658118e-07,0
f8,3.67861935906,2,0,7.84290658118e-07,0
f8,3.67863417941,1,0,3.92145329059e-07,0
f8,3.67866383634,1,0,3.92145329059e-07,0
f8,3.67867867294,2,0,7.84290658118e-07,0
f8,3.67869351495,1,0,3.92145329059e-07,0
f8,3.6787083624,1,0,3.92145329059e-07,0
f8,3.67875293734,1,0,3.92145329059e-07,0
f8,3.67876780654,1,0,3.92145329059e-07,0
f8,3.67879756128,0,1,0,2.22259265433e-06
f8,3.67885713625,0,1,0,2.22259265433e-06
f8,3.67888695655,1,0,3.92145329059e-07,0
f8,3.67893172812,1,0,3.92145329059e-07,0
f8,3.67914131735,3,0,1.17643598718e-06,0
f8,3.67915632949,1,0,3.92145329059e-07,0
f8,3.67918637044,2,0,7.84290658118e-07,0
f8,3.67921643363,1,0,3.92145329059e-07,0
f8,3.6792465191,1,0,3.92145329059e-07,0
f8,3.67930675701,1,0,3.92145329059e-07,0
f8,3.67936708442,0,1,0,2.22259265433e-06
f8,3.67938218029,2,0,7.84290658118e-07,0
f8,3.67939728177,1,0,3.92145329059e-07,0
f8,3.67947287356,0,1,0,2.22259265433e-06
f8,3.67948800882,1,0,3.92145329059e-07,0
f8,3.67950314973,1,1,3.92145329059e-07,2.22259265433e-06
f8,3.67951829628,0,1,0,2.22259265433e-06
f8,3.67954860636,1,0,3.92145329059e-07,0
f8,3.67962448068,2,0,7.84290658118e-07,0
f8,3.67965487016,0,1,0,2.22259265433e-06
f8,3.67967007343,0,1,0,2.22259265433e-06
f8,3.6796852824,1,0,3.92145329059e-07,0
f8,3.67974617531,3,0,1.17643598718e-06,0
f8,3.67976141281,1,0,3.92145329059e-07,0
f8,3.67977665604,1,0,3.92145329059e-07,0
f8,3.679791905,1,0,3.92145329059e-07,0
f8,3.6798224201,1,0,3.92145329059e-07,0
f8,3.67985295815,1,0,3.92145329059e-07,0
f8,3.67986823579,1,0,3.92145329059e-07,0
f8,3.67991410325,2,0,7.84290658118e-07,0
f8,3.67994471037,1,0,3.92145329059e-07,0
f8,3.67999066435,0,1,0,2.22259265433e-06
f8,3.68000599391,1,0,3.92145329059e-07,0
f8,3.68002132926,1,0,3.92145329059e-07,0
f8,3.6800366704,1,0,3.92145329059e-07,0
f8,3.6800673701,2,0,7.84290658118e-07,0
f8,3.68012883921,1,0,3.92145329059e-07,0
f8,3.68015960869,1,0,3.92145329059e-07,0
f8,3.6802058067,2,0,7.84290658118e-07,0
f8,3.68023663459,1,0,3.92145329059e-07,0
f8,3.68026748592,1,0,3.92145329059e-07,0
f8,3.6802983607,1,1,3.92145329059e-07,2.22259265433e-06
f8,3.6803138069,1,0,3.92145329059e-07,0
f8,3.68034471694,1,0,3.92145329059e-07,0
f8,3.6803601808,0,1,0,2.22259265433e-06
f8,3.68037565054,0,1,0,2.22259265433e-06
f8,3.68039112618,1,0,3.92145329059e-07,0
f8,3.68040660772,1,0,3.92145329059e-07,0
f8,3.68045308779,3,0,1.17643598718e-06,0
f8,3.68048410409,2,0,7.84290658118e-07,0
f8,3.68057729543,0,1,0,2.22259265433e-06
f8,3.68059284813,0,2,0,4.44518530866e-06
f8,3.68062397143,1,0,3.92145329059e-07,0
f8,3.6806551186,1,0,3.92145329059e-07,0
f8,3.68067070116,2,0,7.84290658118e-07,0
f8,3.68068628969,1,0,3.92145329059e-07,0
f8,3.68070188421,1,0,3.92145329059e-07,0
f8,3.68071748473,2,0,7.84290658118e-07,0
f8,3.6807799468,0,1,0,2.22259265433e-06
f8,3.68084250512,0,1,0,2.22259265433e-06
f8,3.68085815977,0,1,0,2.22259265433e-06
f8,3.68087382046,1,0,3.92145329059e-07,0
f8,3.68088948719,1,0,3.92145329059e-07,0
f8,3.68098361476,1,0,3.92145329059e-07,0
f8,3.68104648793,1,1,3.92145329059e-07,2.22259265433e-06
f8,3.68106222144,1,0,3.92145329059e-07,0
f8,3.68109370678,1,0,3.92145329059e-07,0
f8,3.68112521655,1,0,3.92145329059e-07,0
f8,3.68114098061,2,0,7.84290658118e-07,0
f8,3.6811567508,1,0,3.92145329059e-07,0
f8,3.68121989286,1,0,3.92145329059e-07,0
f8,3.68134647235,2,0,7.84290658118e-07,0
f8,3.68136232257,2,0,7.84290658118e-07,0
f8,3.6814099104,1,0,3.92145329059e-07,0
f8,3.68142578541,1,0,3.92145329059e-07,0
f8,3.68144166663,1,0,3.92145329059e-07,0
f8,3.6815052537,1,0,3.92145329059e-07,0
f8,3.68153708463,1,0,3.92145329059e-07,0
f8,3.68158487785,1,0,3.92145329059e-07,0
f8,3.68166465846,0,1,0,2.22259265433e-06
f8,3.68169661465,1,0,3.92145329059e-07,0
f8,3.68176060259,1,0,3.92145329059e-07,0
f8,3.68177661534,1,1,3.92145329059e-07,2.22259265433e-06
f8,3.68182469154,1,0,3.92145329059e-07,0
f8,3.68185677399,1,0,3.92145329059e-07,0
f8,3.68192101504,1,1,3.92145329059e-07,2.22259265433e-06
f8,3.6819370912,2,0,7.84290658118e-07,0
f8,3.68196926263,1,0,3.92145329059e-07,0
f8,3.68198535791,1,0,3.92145329059e-07,0
f8,3.68200145957,2,0,7.84290658118e-07,0
f8,3.68203368206,2,0,7.84290658118e-07,0
f8,3.6820498029,2,0,7.84290658118e-07,0
f8,3.68206593015,1,0,3.92145329059e-07,0
f8,3.68209820387,1,0,3.92145329059e-07,0
f8,3.68211435036,1,0,3.92145329059e-07,0
f8,3.68216282838,2,0,7.84290658118e-07,0
f8,3.68219517925,1,0,3.92145329059e-07,0
f8,3.68222755592,1,0,3.92145329059e-07,0
f8,3.68224375394,1,0,3.92145329059e-07,0
f8,3.68229238681,1,1,3.92145329059e-07,2.22259265433e-06
f8,3.68232484112,1,0,3.92145329059e-07,0
f8,3.6823573214,1,0,3.92145329059e-07,0
f8,3.68240609058,1,0,3.92145329059e-07,0
f8,3.68242236,1,1,3.92145329059e-07,2.22259265433e-06
f8,3.68245491841,2,0,7.84290658118e-07,0
f8,3.68248750295,3,0,1.17643598718e-06,0
f8,3.68252011367,1,0,3.92145329059e-07,0
f8,3.68253642886,1,0,3.92145329059e-07,0
f8,3.6825527506,4,1,1.56858131624e-06,2.22259265433e-06
f8,3.68260175524,1,1,3.92145329059e-07,2.22259265433e-06
f8,3.6826508191,2,0,7.84290658118e-07,0
f8,3.68266718691,0,1,0,2.22259265433e-06
f8,3.68268356131,1,0,3.92145329059e-07,0
f8,3.68269994232,1,0,3.92145329059e-07,0
f8,3.68274912506,2,0,7.84290658118e-07,0
f8,3.68278194667,1,0,3.92145329059e-07,0
f8,3.68279836744,1,0,3.92145329059e-07,0
f8,3.68286411699,2,0,7.84290658118e-07,0
f8,3.68288057103,1,0,3.92145329059e-07,0
f8,3.68291349912,2,0,7.84290658118e-07,0
f8,3.68296294139,1,0,3.92145329059e-07,0
f8,3.68301244395,1,0,3.92145329059e-07,0
f8,3.68304547921,1,0,3.92145329059e-07,0
f8,3.68306200693,0,1,0,2.22259265433e-06
f8,3.68316131478,1,0,3.92145329059e-07,0
f8,3.68317788973,1,0,3.92145329059e-07,0
f8,3.68319447145,1,1,3.92145329059e-07,2.22259265433e-06
f8,3.68321105994,1,0,3.92145329059e-07,0
f8,3.68324425728,3,0,1.17643598718e-06,0
f8,3.68327748178,1,0,3.92145329059e-07,0
f8,3.68329410423,1,0,3.92145329059e-07,0
f8,3.68332736957,3,0,1.17643598718e-06,0
f8,3.68336066218,1,0,3.92145329059e-07,0
f8,3.68344401335,1,0,3.92145329059e-07,0
f8,3.68351081771,1,0,3.92145329059e-07,0
f8,3.68354426115,0,1,0,2.22259265433e-06
f8,3.68357773217,2,0,7.84290658118e-07,0
f8,3.68359447803,1,0,3.92145329059e-07,0
f8,3.6836112308,1,0,3.92145329059e-07,0
f8,3.68367831109,3,0,1.17643598718e-06,0
f8,3.6836950985,0,1,0,2.22259265433e-06
f8,3.68372869415,1,0,3.92145329059e-07,0
f8,3.6837455024,1,0,3.92145329059e-07,0
f8,3.68381280509,1,0,3.92145329059e-07,0
f8,3.68382964821,1,1,3.92145329059e-07,2.22259265433e-06
f8,3.68384649832,1,0,3.92145329059e-07,0
f8,3.68386335543,1,0,3.92145329059e-07,0
f8,3.68388021954,1,0,3.92145329059e-07,0
f8,3.68389709065,2,0,7.84290658118e-07,0
f8,3.68393085393,1,1,3.92145329059e-07,2.22259265433e-06
f8,3.68396464531,1,0,3.92145329059e-07,0
f8,3.68398155155,1,0,3.92145329059e-07,0
f8,3.68399846483,2,0,7.84290658118e-07,0
f8,3.68403231256,1,0,3.92145329059e-07,0
f8,3.684049247,1,1,3.92145329059e-07,2.22259265433e-06
f8,3.68411705552,1,0,3.92145329059e-07,0
f8,3.68413402536,1,1,3.92145329059e-07,2.22259265433e-06
f8,3.68415100229,1,1,3.92145329059e-07,2.22259265433e-06
f8,3.68416798633,3,0,1.17643598718e-06,0
f8,3.68420197573,3,0,1.17643598718e-06,0
f8,3.68423599361,1,0,3.92145329059e-07,0
f8,3.68425301325,1,0,3.92145329059e-07,0
f8,3.68427004002,0,1,0,2.22259265433e-06
f8,3.68428707394,1,0,3.92145329059e-07,0
f8,3.68432116323,1,0,3.92145329059e-07,0
f8,3.68433821861,2,0,7.84290658118e-07,0
f8,3.68437235089,1,3,3.92145329059e-07,6.66777796299e-06
f8,3.68440651188,2,0,7.84290658118e-07,0
f8,3.68444070164,1,0,3.92145329059e-07,0
f8,3.68445780732,2,0,7.84290658118e-07,0
f8,3.68449204033,2,1,7.84290658118e-07,2.22259265433e-06
f8,3.68452630222,1,1,3.92145329059e-07,2.22259265433e-06
f8,3.68454344401,1,0,3.92145329059e-07,0
f8,3.68459491286,4,0,1.56858131624e-06,0
f8,3.68464644704,1,0,3.92145329059e-07,0
f8,3.68468083954,1,1,3.92145329059e-07,2.22259265433e-06
f8,3.68469804672,0,1,0,2.22259265433e-06
f8,3.68476694846,2,0,7.84290658118e-07,0
f8,3.68480144322,2,0,7.84290658118e-07,0
f8,3.68483596732,3,0,1.17643598718e-06,0
f8,3.68485324039,1,0,3.92145329059e-07,0
f8,3.68487052081,1,0,3.92145329059e-07,0
f8,3.68488780858,2,0,7.84290658118e-07,0
f8,3.68490510372,2,0,7.84290658118e-07,0
f8,3.68492240623,2,0,7.84290658118e-07,0
f8,3.68497435805,1,0,3.92145329059e-07,0
f8,3.6849916901,4,0,1.56858131624e-06,0
f8,3.68502637643,1,0,3.92145329059e-07,0
f8,3.68504373071,1,0,3.92145329059e-07,0
f8,3.68506109241,1,0,3.92145329059e-07,0
f8,3.68507846154,1,0,3.92145329059e-07,0
f8,3.6850958381,1,0,3.92145329059e-07,0
f8,3.68513061356,1,0,3.92145329059e-07,0
f8,3.68514801246,3,1,1.17643598718e-06,2.22259265433e-06
f8,3.68516541882,2,1,7.84290658118e-07,2.22259265433e-06
f8,3.68523511899,2,1,7.84290658118e-07,2.22259265433e-06
f8,3.68525256275,2,0,7.84290658118e-07,0
f8,3.685270014,2,0,7.84290658118e-07,0
f8,3.68528747276,1,0,3.92145329059e-07,0
f8,3.68530493902,2,0,7.84290658118e-07,0
f8,3.68533989412,1,2,3.92145329059e-07,4.44518530866e-06
f8,3.68535738296,1,0,3.92145329059e-07,0
f8,3.68539238325,1,0,3.92145329059e-07,0
f8,3.68542741374,1,0,3.92145329059e-07,0
f8,3.68546247449,0,1,0,2.22259265433e-06
f8,3.68549756554,0,1,0,2.22259265433e-06
f8,3.68553268694,1,0,3.92145329059e-07,0
f8,3.68555025904,2,0,7.84290658118e-07,0
f8,3.68556783875,1,0,3.92145329059e-07,0
f8,3.68558542608,1,0,3.92145329059e-07,0
f8,3.68560302102,2,0,7.84290658118e-07,0
f8,3.6856206236,3,1,1.17643598718e-06,2.22259265433e-06
f8,3.68565585166,2,1,7.84290658118e-07,2.22259265433e-06
f8,3.68567347716,1,0,3.92145329059e-07,0
f8,3.68570875113,1,0,3.92145329059e-07,0
f8,3.68572639962,3,1,1.17643598718e-06,2.22259265433e-06
f8,3.68574405578,1,0,3.92145329059e-07,0
f8,3.68576171962,1,0,3.92145329059e-07,0
f8,3.68577939115,1,0,3.92145329059e-07,0
f8,3.68579707037,1,0,3.92145329059e-07,0
f8,3.68583245193,1,0,3.92145329059e-07,0
f8,3.68585015428,1,1,3.92145329059e-07,2.22259265433e-06
f8,3.68588558216,1,0,3.92145329059e-07,0
f8,3.68590330769,3,0,1.17643598718e-06,0
f8,3.685938782,1,0,3.92145329059e-07,0
f8,3.68595653078,1,1,3.92145329059e-07,2.22259265433e-06
f8,3.68599205164,1,0,3.92145329059e-07,0
f8,3.6860276036,2,0,7.84290658118e-07,0
f8,3.68604539126,1,0,3.92145329059e-07,0
f8,3.68609880106,1,0,3.92145329059e-07,0
f8,3.68611661995,0,1,0,2.22259265433e-06
f8,3.68613444666,1,0,3.92145329059e-07,0
f8,3.68617012359,0,1,0,2.22259265433e-06
f8,3.68618797381,0,1,0,2.22259265433e-06
f8,3.68624157163,1,0,3.92145329059e-07,0
f8,3.6862594533,2,0,7.84290658118e-07,0
f8,3.68629524029,1,0,3.92145329059e-07,0
f8,3.68631314563,1,1,3.92145329059e-07,2.22259265433e-06
f8,3.68633105886,1,0,3.92145329059e-07,0
f8,3.68636690905,2,0,7.84290658118e-07,0
f8,3.68638484602,3,0,1.17643598718e-06,0
f8,3.68640279092,2,0,7.84290658118e-07,0
f8,3.68642074376,1,1,3.92145329059e-07,2.22259265433e-06
f8,3.68643870454,2,0,7.84290658118e-07,0
f8,3.68645667327,1,0,3.92145329059e-07,0
f8,3.68647464995,2,1,7.84290658118e-07,2.22259265433e-06
f8,3.6864926346,1,0,3.92145329059e-07,0
f8,3.68651062721,0,1,0,2.22259265433e-06
f8,3.68652862781,2,0,7.84290658118e-07,0
f8,3.68658267752,1,0,3.92145329059e-07,0
f8,3.6866007101,1,1,3.92145329059e-07,2.22259265433e-06
f8,3.68663679929,1,0,3.92145329059e-07,0
f8,3.68665485592,1,0,3.92145329059e-07,0
f8,3.68667292059,2,0,7.84290658118e-07,0
f8,3.6866909933,2,0,7.84290658118e-07,0
f8,3.68670907406,1,0,3.92145329059e-07,0
f8,3.68674525975,1,0,3.92145329059e-07,0
f8,3.68676336469,2,0,7.84290658118e-07,0
f8,3.68678147771,1,0,3.92145329059e-07,0
f8,3.68681772802,1,0,3.92145329059e-07,0
f8,3.68683586532,1,0,3.92145329059e-07,0
f8,3.68687216424,2,0,7.84290658118e-07,0
f8,3.68690849564,1,0,3.92145329059e-07,0
f8,3.68692667354,2,0,7.84290658118e-07,0
f8,3.68694485958,2,0,7.84290658118e-07,0
f8,3.68696305377,2,0,7.84290658118e-07,0
f8,3.68698125612,2,0,7.84290658118e-07,0
f8,3.68701768532,1,0,3.92145329059e-07,0
f8,3.68705414724,1,1,3.92145329059e-07,2.22259265433e-06
f8,3.68707239048,4,0,1.56858131624e-06,0
f8,3.68710890158,1,0,3.92145329059e-07,0
f8,3.68712716945,3,0,1.17643598718e-06,0
f8,3.68714544554,0,1,0,2.22259265433e-06
f8,3.68716372986,2,1,7.84290658118e-07,2.22259265433e-06
f8,3.68718202242,2,1,7.84290658118e-07,2.22259265433e-06
f8,3.68720032323,2,0,7.84290658118e-07,0
f8,3.68721863229,1,0,3.92145329059e-07,0
f8,3.68723694961,0,1,0,2.22259265433e-06
f8,3.6872552752,2,0,7.84290658118e-07,0
f8,3.68727360906,2,0,7.84290658118e-07,0
f8,3.68729195121,1,0,3.92145329059e-07,0
f8,3.68731030164,1,0,3.92145329059e-07,0
f8,3.68732866038,2,0,7.84290658118e-07,0
f8,3.68734702742,2,0,7.84290658118e-07,0
f8,3.68736540277,1,0,3.92145329059e-07,0
f8,3.68738378644,1,1,3.92145329059e-07,2.22259265433e-06
f8,3.68740217844,1,0,3.92145329059e-07,0
f8,3.68742057878,2,0,7.84290658118e-07,0
f8,3.68743898745,1,0,3.92145329059e-07,0
f8,3.68747582987,2,0,7.84290658118e-07,0
f8,3.68749426362,1,0,3.92145329059e-07,0
f8,3.68751270575,1,1,3.92145329059e-07,2.22259265433e-06
f8,3.68753115626,3,1,1.17643598718e-06,2.22259265433e-06
f8,3.68754961515,2,0,7.84290658118e-07,0
f8,3.68756808244,2,0,7.84290658118e-07,0
f8,3.68758655814,1,0,3.92145329059e-07,0
f8,3.68760504224,1,0,3.92145329059e-07,0
f8,3.68762353477,3,0,1.17643598718e-06,0
f8,3.68766054511,1,0,3.92145329059e-07,0
f8,3.68767906294,3,0,1.17643598718e-06,0
f8,3.68769758922,2,0,7.84290658118e-07,0
f8,3.68771612395,3,0,1.17643598718e-06,0
f8,3.68773466715,1,1,3.92145329059e-07,2.22259265433e-06
f8,3.68777177898,1,0,3.92145329059e-07,0
f8,3.68780892477,1,0,3.92145329059e-07,0
f8,3.68786470724,1,0,3.92145329059e-07,0
f8,3.68788331845,3,0,1.17643598718e-06,0
f8,3.68790193819,2,0,7.84290658118e-07,0
f8,3.6879392033,1,0,3.92145329059e-07,0
f8,3.68795784869,1,1,3.92145329059e-07,2.22259265433e-06
f8,3.68797650265,2,0,7.84290658118e-07,0
f8,3.6880138363,1,0,3.92145329059e-07,0
f8,3.68805120431,3,0,1.17643598718e-06,0
f8,3.68806990122,0,1,0,2.22259265433e-06
f8,3.68808860674,1,1,3.92145329059e-07,2.22259265433e-06
f8,3.68814477508,1,0,3.92145329059e-07,0
f8,3.68816351514,1,0,3.92145329059e-07,0
f8,3.68818226385,2,0,7.84290658118e-07,0
f8,3.68820102123,1,0,3.92145329059e-07,0
f8,3.688238562,2,0,7.84290658118e-07,0
f8,3.68825734541,1,0,3.92145329059e-07,0
f8,3.68827613751,2,0,7.84290658118e-07,0
f8,3.68829493832,1,0,3.92145329059e-07,0
f8,3.68831374783,1,0,3.92145329059e-07,0
f8,3.68833256606,1,0,3.92145329059e-07,0
f8,3.68835139303,2,0,7.84290658118e-07,0
f8,3.68837022872,1,0,3.92145329059e-07,0
f8,3.68842678829,2,0,7.84290658118e-07,0
f8,3.688445659,2,0,7.84290658118e-07,0
f8,3.68846453849,2,0,7.84290658118e-07,0
f8,3.68848342677,1,0,3.92145329059e-07,0
f8,3.68855906785,2,1,7.84290658118e-07,2.22259265433e-06
f8,3.68861589128,1,0,3.92145329059e-07,0
f8,3.68863485012,1,0,3.92145329059e-07,0
f8,3.68867279436,1,0,3.92145329059e-07,0
f8,3.68869177979,1,0,3.92145329059e-07,0
f8,3.6887107741,2,0,7.84290658118e-07,0
f8,3.6887297773,3,0,1.17643598718e-06,0
f8,3.68876781041,1,0,3.92145329059e-07,0
f8,3.68878684033,1,0,3.92145329059e-07,0
f8,3.68880587918,3,0,1.17643598718e-06,0
f8,3.68882492696,0,1,0,2.22259265433e-06
f8,3.68884398368,3,0,1.17643598718e-06,0
f8,3.68886304935,2,0,7.84290658118e-07,0
f8,3.68888212397,2,1,7.84290658118e-07,2.22259265433e-06
f8,3.68890120756,2,1,7.84290658118e-07,2.22259265433e-06
f8,3.68897763175,1,0,3.92145329059e-07,0
f8,3.6889967603,1,0,3.92145329059e-07,0
f8,3.68905420007,1,0,3.92145329059e-07,0
f8,3.68909253845,1,0,3.92145329059e-07,0
f8,3.68911172122,2,0,7.84290658118e-07,0
f8,3.68915011398,2,0,7.84290658118e-07,0
f8,3.68916932398,1,0,3.92145329059e-07,0
f8,3.68918854308,2,0,7.84290658118e-07,0
f8,3.68922700859,1,0,3.92145329059e-07,0
f8,3.68924625501,5,0,1.96072664529e-06,0
f8,3.68926551057,2,0,7.84290658118e-07,0
f8,3.68928477526,1,0,3.92145329059e-07,0
f8,3.6893040491,1,0,3.92145329059e-07,0
f8,3.68932333209,1,1,3.92145329059e-07,2.22259265433e-06
f8,3.68934262425,2,0,7.84290658118e-07,0
f8,3.68936192557,0,1,0,2.22259265433e-06
f8,3.68938123608,2,2,7.84290658118e-07,4.44518530866e-06
f8,3.68940055578,0,1,0,2.22259265433e-06
f8,3.68941988467,1,0,3.92145329059e-07,0
f8,3.68943922277,2,1,7.84290658118e-07,2.22259265433e-06
f8,3.68945857008,1,0,3.92145329059e-07,0
f8,3.68947792662,1,0,3.92145329059e-07,0
f8,3.68949729239,1,0,3.92145329059e-07,0
f8,3.68951666741,1,0,3.92145329059e-07,0
f8,3.68953605167,2,0,7.84290658118e-07,0
f8,3.68955544519,1,0,3.92145329059e-07,0
f8,3.68957484798,1,0,3.92145329059e-07,0
f8,3.68959426005,1,0,3.92145329059e-07,0
f8,3.68961368141,1,0,3.92145329059e-07,0
f8,3.68963311205,1,0,3.92145329059e-07,0
f8,3.68965255201,2,0,7.84290658118e-07,0
f8,3.68967200127,1,0,3.92145329059e-07,0
f8,3.68969145986,1,0,3.92145329059e-07,0
f8,3.68971092777,2,0,7.84290658118e-07,0
f8,3.68973040503,3,0,1.17643598718e-06,0
f8,3.68974989163,3,0,1.17643598718e-06,0
f8,3.6897693876,1,0,3.92145329059e-07,0
f8,3.68978889292,3,1,1.17643598718e-06,2.22259265433e-06
f8,3.68980840763,1,0,3.92145329059e-07,0
f8,3.68982793171,1,0,3.92145329059e-07,0
f8,3.6898474652,1,0,3.92145329059e-07,0
f8,3.68986700808,4,0,1.56858131624e-06,0
f8,3.68988656037,1,0,3.92145329059e-07,0
f8,3.68992569323,1,0,3.92145329059e-07,0
f8,3.68994527382,1,0,3.92145329059e-07,0
f8,3.68996486385,2,0,7.84290658118e-07,0
f8,3.68998446334,1,0,3.92145329059e-07,0
f8,3.69000407229,1,0,3.92145329059e-07,0
f8,3.69002369072,6,0,2.35287197435e-06,0
f8,3.69004331863,2,0,7.84290658118e-07,0
f8,3.69006295604,1,1,3.92145329059e-07,2.22259265433e-06
f8,3.69008260295,2,0,7.84290658118e-07,0
f8,3.69012192532,3,2,1.17643598718e-06,4.44518530866e-06
f8,3.69014160079,3,1,1.17643598718e-06,2.22259265433e-06
f8,3.6901612858,3,0,1.17643598718e-06,0
f8,3.69020068449,1,0,3.92145329059e-07,0
f8,3.69022039818,1,1,3.92145329059e-07,2.22259265433e-06
f8,3.69024012144,2,0,7.84290658118e-07,0
f8,3.69025985429,2,0,7.84290658118e-07,0
f8,3.69027959674,1,1,3.92145329059e-07,2.22259265433e-06
f8,3.69029934879,5,0,1.96072664529e-06,0
f8,3.69031911045,1,0,3.92145329059e-07,0
f8,3.69033888174,1,0,3.92145329059e-07,0
f8,3.69035866266,1,0,3.92145329059e-07,0
f8,3.69037845322,4,0,1.56858131624e-06,0
f8,3.69041806331,0,2,0,4.44518530866e-06
f8,3.69043788286,2,0,7.84290658118e-07,0
f8,3.69045771209,4,0,1.56858131624e-06,0
f8,3.690477551,1,0,3.92145329059e-07,0
f8,3.69049739961,1,0,3.92145329059e-07,0
f8,3.69055700374,2,0,7.84290658118e-07,0
f8,3.69057689125,0,1,0,2.22259265433e-06
f8,3.6905967885,2,0,7.84290658118e-07,0
f8,3.69061669551,1,0,3.92145329059e-07,0
f8,3.69063661228,1,0,3.92145329059e-07,0
f8,3.69065653883,4,0,1.56858131624e-06,0
f8,3.69067647516,1,0,3.92145329059e-07,0
f8,3.69071637721,1,0,3.92145329059e-07,0
f8,3.69073634296,1,0,3.92145329059e-07,0
f8,3.69075631852,1,0,3.92145329059e-07,0
f8,3.69077630392,1,0,3.92145329059e-07,0
f8,3.69079629917,0,1,0,2.22259265433e-06
f8,3.69081630426,4,1,1.56858131624e-06,2.22259265433e-06
f8,3.69083631922,1,0,3.92145329059e-07,0
f8,3.69085634405,3,0,1.17643598718e-06,0
f8,3.69087637876,2,0,7.84290658118e-07,0
f8,3.69089642336,1,0,3.92145329059e-07,0
f8,3.69091647786,3,0,1.17643598718e-06,0
f8,3.69093654227,2,0,7.84290658118e-07,0
f8,3.69097670087,2,0,7.84290658118e-07,0
f8,3.69099679508,1,0,3.92145329059e-07,0
f8,3.69101689923,2,0,7.84290658118e-07,0
f8,3.69103701335,2,0,7.84290658118e-07,0
f8,3.69105713743,2,0,7.84290658118e-07,0
f8,3.69107727149,2,0,7.84290658118e-07,0
f8,3.69109741555,2,0,7.84290658118e-07,0
f8,3.6911175696,1,0,3.92145329059e-07,0
f8,3.69115790775,2,0,7.84290658118e-07,0
f8,3.69117809186,3,0,1.17643598718e-06,0
f8,3.69119828601,1,0,3.92145329059e-07,0
f8,3.69121849021,3,0,1.17643598718e-06,0
f8,3.69123870447,1,0,3.92145329059e-07,0
f8,3.6912589288,2,0,7.84290658118e-07,0
f8,3.6912791632,1,0,3.92145329059e-07,0
f8,3.6913196623,1,1,3.92145329059e-07,2.22259265433e-06
f8,3.69133992701,2,0,7.84290658118e-07,0
f8,3.69136020183,3,0,1.17643598718e-06,0
f8,3.69138048679,3,0,1.17643598718e-06,0
f8,3.69142108713,2,1,7.84290658118e-07,2.22259265433e-06
f8,3.69144140254,2,1,7.84290658118e-07,2.22259265433e-06
f8,3.69146172811,2,0,7.84290658118e-07,0
f8,3.69148206387,4,0,1.56858131624e-06,0
f8,3.69150240982,2,0,7.84290658118e-07,0
f8,3.69154313233,3,0,1.17643598718e-06,0
f8,3.69158389573,1,0,3.92145329059e-07,0
f8,3.69160429278,2,0,7.84290658118e-07,0
f8,3.69162470009,4,0,1.56858131624e-06,0
f8,3.69164511766,1,0,3.92145329059e-07,0
f8,3.69166554551,1,0,3.92145329059e-07,0
f8,3.69168598363,1,0,3.92145329059e-07,0
f8,3.69170643206,1,0,3.92145329059e-07,0
f8,3.69176783918,3,0,1.17643598718e-06,0
f8,3.69180882893,1,0,3.92145329059e-07,0
f8,3.6918498601,1,0,3.92145329059e-07,0
f8,3.69189093278,3,1,1.17643598718e-06,2.22259265433e-06
f8,3.69191148471,3,2,1.17643598718e-06,4.44518530866e-06
f8,3.69193204705,4,2,1.56858131624e-06,4.44518530866e-06
f8,3.69195261981,2,0,7.84290658118e-07,0
f8,3.691973203,3,1,1.17643598718e-06,2.22259265433e-06
f8,3.69199379663,1,0,3.92145329059e-07,0
f8,3.69201440071,2,0,7.84290658118e-07,0
f8,3.69203501525,1,0,3.92145329059e-07,0
f8,3.69205564026,2,0,7.84290658118e-07,0
f8,3.69207627576,1,0,3.92145329059e-07,0
f8,3.69211757824,1,0,3.92145329059e-07,0
f8,3.69213824525,2,0,7.84290658118e-07,0
f8,3.69215892279,1,0,3.92145329059e-07,0
f8,3.69217961086,2,0,7.84290658118e-07,0
f8,3.69220030948,2,0,7.84290658118e-07,0
f8,3.69222101865,4,1,1.56858131624e-06,2.22259265433e-06
f8,3.6922417384,3,0,1.17643598718e-06,0
f8,3.69226246872,1,0,3.92145329059e-07,0
f8,3.69228320964,5,1,1.96072664529e-06,2.22259265433e-06
f8,3.69230396115,2,0,7.84290658118e-07,0
f8,3.69232472328,2,0,7.84290658118e-07,0
f8,3.69234549603,2,0,7.84290658118e-07,0
f8,3.69236627942,3,1,1.17643598718e-06,2.22259265433e-06
f8,3.69238707344,0,1,0,2.22259265433e-06
f8,3.69240787813,1,0,3.92145329059e-07,0
f8,3.69242869348,2,1,7.84290658118e-07,2.22259265433e-06
f8,3.6924495195,1,1,3.92145329059e-07,2.22259265433e-06
f8,3.69247035622,1,0,3.92145329059e-07,0
f8,3.69249120363,3,0,1.17643598718e-06,0
f8,3.69251206176,2,1,7.84290658118e-07,2.22259265433e-06
f8,3.69253293061,4,0,1.56858131624e-06,0
f8,3.69255381018,3,0,1.17643598718e-06,0
f8,3.69257470051,4,0,1.56858131624e-06,0
f8,3.69259560158,1,0,3.92145329059e-07,0
f8,3.69261651342,2,0,7.84290658118e-07,0
f8,3.69263743604,2,0,7.84290658118e-07,0
f8,3.69265836945,0,2,0,4.44518530866e-06
f8,3.69267931365,1,0,3.92145329059e-07,0
f8,3.69270026866,2,1,7.84290658118e-07,2.22259265433e-06
f8,3.6927212345,4,0,1.56858131624e-06,0
f8,3.69274221117,3,0,1.17643598718e-06,0
f8,3.69278419704,1,0,3.92145329059e-07,0
f8,3.69280520628,3,0,1.17643598718e-06,0
f8,3.69282622639,2,0,7.84290658118e-07,0
f8,3.69284725738,4,1,1.56858131624e-06,2.22259265433e-06
f8,3.69286829928,3,0,1.17643598718e-06,0
f8,3.69288935209,2,0,7.84290658118e-07,0
f8,3.69291041582,1,2,3.92145329059e-07,4.44518530866e-06
f8,3.69293149048,3,0,1.17643598718e-06,0
f8,3.69295257609,2,0,7.84290658118e-07,0
f8,3.69297367266,2,0,7.84290658118e-07,0
f8,3.69299478019,1,0,3.92145329059e-07,0
f8,3.6930158987,4,0,1.56858131624e-06,0
f8,3.6930370282,4,1,1.56858131624e-06,2.22259265433e-06
f8,3.69305816871,2,0,7.84290658118e-07,0
f8,3.69310048277,4,0,1.56858131624e-06,0
f8,3.69312165635,6,0,2.35287197435e-06,0
f8,3.69314284098,1,0,3.92145329059e-07,0
f8,3.69316403667,1,0,3.92145329059e-07,0
f8,3.69318524343,3,0,1.17643598718e-06,0
f8,3.69320646127,1,0,3.92145329059e-07,0
f8,3.69322769021,1,0,3.92145329059e-07,0
f8,3.69324893025,1,0,3.92145329059e-07,0
f8,3.69327018141,2,0,7.84290658118e-07,0
f8,3.6932914437,2,0,7.84290658118e-07,0
f8,3.69331271712,2,1,7.84290658118e-07,2.22259265433e-06
f8,3.69333400171,2,0,7.84290658118e-07,0
f8,3.69335529745,1,0,3.92145329059e-07,0
f8,3.69337660437,3,0,1.17643598718e-06,0
f8,3.69339792248,3,0,1.17643598718e-06,0
f8,3.69341925179,2,0,7.84290658118e-07,0
f8,3.69344059231,1,0,3.92145329059e-07,0
f8,3.69346194406,2,0,7.84290658118e-07,0
f8,3.69348330704,2,1,7.84290658118e-07,2.22259265433e-06
f8,3.69350468126,2,1,7.84290658118e-07,2.22259265433e-06
f8,3.69352606674,3,0,1.17643598718e-06,0
f8,3.6935474635,3,0,1.17643598718e-06,0
f8,3.69356887153,3,1,1.17643598718e-06,2.22259265433e-06
f8,3.69359029086,1,1,3.92145329059e-07,2.22259265433e-06
f8,3.6936117215,4,0,1.56858131624e-06,0
f8,3.69363316345,2,0,7.84290658118e-07,0
f8,3.69365461674,1,1,3.92145329059e-07,2.22259265433e-06
f8,3.69367608136,0,2,0,4.44518530866e-06
f8,3.69369755734,2,0,7.84290658118e-07,0
f8,3.69371904469,3,1,1.17643598718e-06,2.22259265433e-06
f8,3.69374054341,4,0,1.56858131624e-06,0
f8,3.69376205353,3,0,1.17643598718e-06,0
f8,3.69378357504,1,0,3.92145329059e-07,0
f8,3.69380510797,1,0,3.92145329059e-07,0
f8,3.69382665233,2,0,7.84290658118e-07,0
f8,3.69384820813,5,0,1.96072664529e-06,0
f8,3.69386977537,2,1,7.84290658118e-07,2.22259265433e-06
f8,3.69389135408,1,1,3.92145329059e-07,2.22259265433e-06
f8,3.69391294426,2,0,7.84290658118e-07,0
f8,3.69395615911,1,0,3.92145329059e-07,0
f8,3.69397778379,2,1,7.84290658118e-07,2.22259265433e-06
f8,3.69399941999,2,0,7.84290658118e-07,0
f8,3.69402106773,4,1,1.56858131624e-06,2.22259265433e-06
f8,3.69404272703,3,0,1.17643598718e-06,0
f8,3.6940860803,1,0,3.92145329059e-07,0
f8,3.69410777431,2,0,7.84290658118e-07,0
f8,3.69412947992,2,0,7.84290658118e-07,0
f8,3.69415119714,1,1,3.92145329059e-07,2.22259265433e-06
f8,3.69417292598,2,0,7.84290658118e-07,0
f8,3.69419466646,2,0,7.84290658118e-07,0
f8,3.69423818237,1,1,3.92145329059e-07,2.22259265433e-06
f8,3.69425995782,2,2,7.84290658118e-07,4.44518530866e-06
f8,3.69428174497,3,0,1.17643598718e-06,0
f8,3.69430354381,3,0,1.17643598718e-06,0
f8,3.69432535436,3,0,1.17643598718e-06,0
f8,3.69434717663,1,1,3.92145329059e-07,2.22259265433e-06
f8,3.69436901064,3,0,1.17643598718e-06,0
f8,3.6943908564,1,0,3.92145329059e-07,0
f8,3.69441271392,2,1,7.84290658118e-07,2.22259265433e-06
f8,3.69443458321,4,0,1.56858131624e-06,0
f8,3.69445646429,2,0,7.84290658118e-07,0
f8,3.69447835716,4,1,1.56858131624e-06,2.22259265433e-06
f8,3.69450026185,1,0,3.92145329059e-07,0
f8,3.69452217836,1,0,3.92145329059e-07,0
f8,3.69454410671,3,2,1.17643598718e-06,4.44518530866e-06
f8,3.69456604691,1,0,3.92145329059e-07,0
f8,3.69458799898,4,0,1.56858131624e-06,0
f8,3.69460996291,1,0,3.92145329059e-07,0
f8,3.69463193874,1,0,3.92145329059e-07,0
f8,3.69465392647,3,0,1.17643598718e-06,0
f8,3.69467592611,1,0,3.92145329059e-07,0
f8,3.69469793768,4,0,1.56858131624e-06,0
f8,3.69471996119,4,0,1.56858131624e-06,0
f8,3.69474199665,1,0,3.92145329059e-07,0
f8,3.69476404408,1,1,3.92145329059e-07,2.22259265433e-06
f8,3.69478610349,1,0,3.92145329059e-07,0
f8,3.69480817489,3,1,1.17643598718e-06,2.22259265433e-06
f8,3.6948302583,2,0,7.84290658118e-07,0
f8,3.69485235372,4,0,1.56858131624e-06,0
f8,3.69487446117,1,0,3.92145329059e-07,0
f8,3.69489658067,4,0,1.56858131624e-06,0
f8,3.69491871223,3,0,1.17643598718e-06,0
f8,3.69494085586,3,0,1.17643598718e-06,0
f8,3.69496301157,1,0,3.92145329059e-07,0
f8,3.69498517938,1,1,3.92145329059e-07,2.22259265433e-06
f8,3.69500735929,2,1,7.84290658118e-07,2.22259265433e-06
f8,3.69505175551,1,2,3.92145329059e-07,4.44518530866e-06
f8,3.69507397184,4,0,1.56858131624e-06,0
f8,3.69509620033,1,1,3.92145329059e-07,2.22259265433e-06
f8,3.69514069386,2,0,7.84290658118e-07,0
f8,3.69516295892,2,0,7.84290658118e-07,0
f8,3.69520752571,3,0,1.17643598718e-06,0
f8,3.69522982746,4,0,1.56858131624e-06,0
f8,3.69525214147,2,1,7.84290658118e-07,2.22259265433e-06
f8,3.69527446775,7,0,2.74501730341e-06,0
f8,3.69529680632,2,0,7.84290658118e-07,0
f8,3.69531915718,3,1,1.17643598718e-06,2.22259265433e-06
f8,3.69534152035,3,0,1.17643598718e-06,0
f8,3.69536389585,1,0,3.92145329059e-07,0
f8,3.69538628368,2,1,7.84290658118e-07,2.22259265433e-06
f8,3.69540868387,1,0,3.92145329059e-07,0
f8,3.69543109642,3,2,1.17643598718e-06,4.44518530866e-06
f8,3.69545352136,1,0,3.92145329059e-07,0
f8,3.69547595868,1,0,3.92145329059e-07,0
f8,3.69549840841,3,1,1.17643598718e-06,2.22259265433e-06
f8,3.69552087057,4,0,1.56858131624e-06,0
f8,3.69554334515,1,0,3.92145329059e-07,0
f8,3.69556583219,2,0,7.84290658118e-07,0
f8,3.69558833168,1,0,3.92145329059e-07,0
f8,3.69561084365,4,1,1.56858131624e-06,2.22259265433e-06
f8,3.69565590508,4,1,1.56858131624e-06,2.22259265433e-06
f8,3.69567845456,1,0,3.92145329059e-07,0
f8,3.69570101657,2,1,7.84290658118e-07,2.22259265433e-06
f8,3.69572359113,2,0,7.84290658118e-07,0
f8,3.69574617824,2,1,7.84290658118e-07,2.22259265433e-06
f8,3.69576877793,3,2,1.17643598718e-06,4.44518530866e-06
f8,3.69579139021,5,0,1.96072664529e-06,0
f8,3.69583665257,1,0,3.92145329059e-07,0
f8,3.69585930269,2,0,7.84290658118e-07,0
f8,3.69588196546,2,0,7.84290658118e-07,0
f8,3.69592732897,3,0,1.17643598718e-06,0
f8,3.69595002975,3,0,1.17643598718e-06,0
f8,3.69597274322,2,0,7.84290658118e-07,0
f8,3.69599546942,3,0,1.17643598718e-06,0
f8,3.69601820833,4,1,1.56858131624e-06,2.22259265433e-06
f8,3.69604096,3,1,1.17643598718e-06,2.22259265433e-06
f8,3.69606372441,2,0,7.84290658118e-07,0
f8,3.6960865016,2,0,7.84290658118e-07,0
f8,3.69610929158,1,0,3.92145329059e-07,0
f8,3.69613209435,2,0,7.84290658118e-07,0
f8,3.69615490994,1,0,3.92145329059e-07,0
f8,3.69617773836,4,2,1.56858131624e-06,4.44518530866e-06
f8,3.69620057962,1,0,3.92145329059e-07,0
f8,3.69622343374,2,0,7.84290658118e-07,0
f8,3.69624630073,4,1,1.56858131624e-06,2.22259265433e-06
f8,3.6962691806,3,0,1.17643598718e-06,0
f8,3.69629207338,3,0,1.17643598718e-06,0
f8,3.69631497907,3,0,1.17643598718e-06,0
f8,3.6963378977,0,1,0,2.22259265433e-06
f8,3.69636082926,4,0,1.56858131624e-06,0
f8,3.69638377379,3,1,1.17643598718e-06,2.22259265433e-06
f8,3.69640673129,1,0,3.92145329059e-07,0
f8,3.69642970178,3,0,1.17643598718e-06,0
f8,3.69645268527,3,0,1.17643598718e-06,0
f8,3.69647568179,5,0,1.96072664529e-06,0
f8,3.69649869133,1,0,3.92145329059e-07,0
f8,3.69652171392,4,2,1.56858131624e-06,4.44518530866e-06
f8,3.69654474958,3,1,1.17643598718e-06,2.22259265433e-06
f8,3.69656779831,4,0,1.56858131624e-06,0
f8,3.69661393506,3,0,1.17643598718e-06,0
f8,3.69663702311,2,2,7.84290658118e-07,4.44518530866e-06
f8,3.6966601243,1,1,3.92145329059e-07,2.22259265433e-06
f8,3.69668323864,3,1,1.17643598718e-06,2.22259265433e-06
f8,3.69670636615,3,1,1.17643598718e-06,2.22259265433e-06
f8,3.69672950684,2,1,7.84290658118e-07,2.22259265433e-06
f8,3.69675266073,2,1,7.84290658118e-07,2.22259265433e-06
f8,3.69677582783,2,1,7.84290658118e-07,2.22259265433e-06
f8,3.69679900815,0,1,0,2.22259265433e-06
f8,3.69682220172,3,0,1.17643598718e-06,0
f8,3.69684540854,2,0,7.84290658118e-07,0
f8,3.69686862864,1,1,3.92145329059e-07,2.22259265433e-06
f8,3.69689186203,1,0,3.92145329059e-07,0
f8,3.69691510872,2,0,7.84290658118e-07,0
f8,3.69693836872,2,0,7.84290658118e-07,0
f8,3.69696164206,5,1,1.96072664529e-06,2.22259265433e-06
f8,3.69698492875,2,0,7.84290658118e-07,0
f8,3.6970082288,1,0,3.92145329059e-07,0
f8,3.69703154223,2,0,7.84290658118e-07,0
f8,3.69707820929,3,2,1.17643598718e-06,4.44518530866e-06
f8,3.69710156295,1,1,3.92145329059e-07,2.22259265433e-06
f8,3.69712493006,4,1,1.56858131624e-06,2.22259265433e-06
f8,3.69714831062,1,1,3.92145329059e-07,2.22259265433e-06
f8,3.69717170465,2,2,7.84290658118e-07,4.44518530866e-06
f8,3.69719511216,0,1,0,2.22259265433e-06
f8,3.69721853319,4,1,1.56858131624e-06,2.22259265433e-06
f8,3.69724196773,3,0,1.17643598718e-06,0
f8,3.6972654158,6,0,2.35287197435e-06,0
f8,3.69728887742,2,1,7.84290658118e-07,2.22259265433e-06
f8,3.69731235261,1,2,3.92145329059e-07,4.44518530866e-06
f8,3.69733584138,2,0,7.84290658118e-07,0
f8,3.69735934375,5,0,1.96072664529e-06,0
f8,3.69738285973,2,1,7.84290658118e-07,2.22259265433e-06
f8,3.69740638934,3,1,1.17643598718e-06,2.22259265433e-06
f8,3.69742993259,4,0,1.56858131624e-06,0
f8,3.69745348951,2,0,7.84290658118e-07,0
f8,3.6974770601,1,0,3.92145329059e-07,0
f8,3.69752424237,1,0,3.92145329059e-07,0
f8,3.69754785408,3,1,1.17643598718e-06,2.22259265433e-06
f8,3.69757147953,4,0,1.56858131624e-06,0
f8,3.69759511874,1,1,3.92145329059e-07,2.22259265433e-06
f8,3.69761877172,2,0,7.84290658118e-07,0
f8,3.69764243849,1,0,3.92145329059e-07,0
f8,3.69766611906,4,1,1.56858131624e-06,2.22259265433e-06
f8,3.69768981345,1,0,3.92145329059e-07,0
f8,3.69771352168,3,1,1.17643598718e-06,2.22259265433e-06
f8,3.69773724376,3,0,1.17643598718e-06,0
f8,3.69776097971,4,1,1.56858131624e-06,2.22259265433e-06
f8,3.69778472954,1,1,3.92145329059e-07,2.22259265433e-06
f8,3.69780849328,1,0,3.92145329059e-07,0
f8,3.69783227093,5,0,1.96072664529e-06,0
f8,3.69785606252,3,0,1.17643598718e-06,0
f8,3.69787986805,2,1,7.84290658118e-07,2.22259265433e-06
f8,3.69790368755,6,0,2.35287197435e-06,0
f8,3.69792752104,1,0,3.92145329059e-07,0
f8,3.69795136852,3,1,1.17643598718e-06,2.22259265433e-06
f8,3.69797523002,1,1,3.92145329059e-07,2.22259265433e-06
f8,3.69799910555,1,1,3.92145329059e-07,2.22259265433e-06
f8,3.69802299513,1,0,3.92145329059e-07,0
f8,3.69804689877,1,0,3.92145329059e-07,0
f8,3.69809474832,2,1,7.84290658118e-07,2.22259265433e-06
f8,3.69811869426,2,0,7.84290658118e-07,0
f8,3.69814265434,4,0,1.56858131624e-06,0
f8,3.69819061694,6,0,2.35287197435e-06,0
f8,3.6982146195,3,0,1.17643598718e-06,0
f8,3.69823863627,4,1,1.56858131624e-06,2.22259265433e-06
f8,3.69826266725,3,0,1.17643598718e-06,0
f8,3.69828671246,3,2,1.17643598718e-06,4.44518530866e-06
f8,3.69831077192,6,2,2.35287197435e-06,4.44518530866e-06
f8,3.69833484565,7,1,2.74501730341e-06,2.22259265433e-06
f8,3.69835893366,6,0,2.35287197435e-06,0
f8,3.69838303597,3,0,1.17643598718e-06,0
f8,3.69840715259,7,0,2.74501730341e-06,0
f8,3.69843128355,2,0,7.84290658118e-07,0
f8,3.69845542887,2,0,7.84290658118e-07,0
f8,3.69847958854,2,0,7.84290658118e-07,0
f8,3.69850376261,3,0,1.17643598718e-06,0
f8,3.69852795107,1,1,3.92145329059e-07,2.22259265433e-06
f8,3.69855215396,1,0,3.92145329059e-07,0
f8,3.69857637128,3,0,1.17643598718e-06,0
f8,3.69860060306,1,0,3.92145329059e-07,0
f8,3.6986248493,0,2,0,4.44518530866e-06
f8,3.69864911004,2,1,7.84290658118e-07,2.22259265433e-06
f8,3.69867338528,3,1,1.17643598718e-06,2.22259265433e-06
f8,3.69869767504,5,0,1.96072664529e-06,0
f8,3.69872197935,7,0,2.74501730341e-06,0
f8,3.69874629821,4,0,1.56858131624e-06,0
f8,3.69877063165,1,0,3.92145329059e-07,0
f8,3.69879497968,2,1,7.84290658118e-07,2.22259265433e-06
f8,3.69881934232,4,0,1.56858131624e-06,0
f8,3.69884371959,3,0,1.17643598718e-06,0
f8,3.6988681115,5,0,1.96072664529e-06,0
f8,3.69889251808,2,0,7.84290658118e-07,0
f8,3.69891693934,4,0,1.56858131624e-06,0
f8,3.69894137529,3,0,1.17643598718e-06,0
f8,3.69896582596,4,0,1.56858131624e-06,0
f8,3.69899029137,2,0,7.84290658118e-07,0
f8,3.69901477153,1,0,3.92145329059e-07,0
f8,3.69903926645,4,0,1.56858131624e-06,0
f8,3.69906377617,4,0,1.56858131624e-06,0
f8,3.69908830068,3,1,1.17643598718e-06,2.22259265433e-06
f8,3.69911284003,5,0,1.96072664529e-06,0
f8,3.69913739421,5,1,1.96072664529e-06,2.22259265433e-06
f8,3.69916196325,1,0,3.92145329059e-07,0
f8,3.69918654717,3,0,1.17643598718e-06,0
f8,3.69921114598,3,0,1.17643598718e-06,0
f8,3.69923575971,1,0,3.92145329059e-07,0
f8,3.69926038836,4,0,1.56858131624e-06,0
f8,3.69928503197,3,1,1.17643598718e-06,2.22259265433e-06
f8,3.69930969054,3,2,1.17643598718e-06,4.44518530866e-06
f8,3.6993343641,5,0,1.96072664529e-06,0
f8,3.69935905266,1,1,3.92145329059e-07,2.22259265433e-06
f8,3.69938375625,1,2,3.92145329059e-07,4.44518530866e-06
f8,3.69940847487,6,0,2.35287197435e-06,0
f8,3.69945795731,2,0,7.84290658118e-07,0
f8,3.69948272117,3,1,1.17643598718e-06,2.22259265433e-06
f8,3.69950750014,3,0,1.17643598718e-06,0
f8,3.69953229424,5,0,1.96072664529e-06,0
f8,3.69955710349,3,0,1.17643598718e-06,0
f8,3.69958192791,3,0,1.17643598718e-06,0
f8,3.69960676752,3,0,1.17643598718e-06,0
f8,3.69963162233,4,0,1.56858131624e-06,0
f8,3.69965649237,3,1,1.17643598718e-06,2.22259265433e-06
f8,3.69968137766,2,1,7.84290658118e-07,2.22259265433e-06
f8,3.6997062782,4,1,1.56858131624e-06,2.22259265433e-06
f8,3.69975612516,2,0,7.84290658118e-07,0
f8,3.6997810716,4,1,1.56858131624e-06,2.22259265433e-06
f8,3.69980603339,1,0,3.92145329059e-07,0
f8,3.69983101053,4,0,1.56858131624e-06,0
f8,3.69985600304,1,0,3.92145329059e-07,0
f8,3.69988101095,4,0,1.56858131624e-06,0
f8,3.69990603427,1,0,3.92145329059e-07,0
f8,3.69993107303,3,1,1.17643598718e-06,2.22259265433e-06
f8,3.69995612723,4,2,1.56858131624e-06,4.44518530866e-06
f8,3.69998119691,5,2,1.96072664529e-06,4.44518530866e-06
f8,3.70000628208,3,0,1.17643598718e-06,0
f8,3.70003138275,4,0,1.56858131624e-06,0
f8,3.70005649895,5,2,1.96072664529e-06,4.44518530866e-06
f8,3.7000816307,3,0,1.17643598718e-06,0
f8,3.70010677802,4,0,1.56858131624e-06,0
f8,3.70013194092,3,0,1.17643598718e-06,0
f8,3.70015711942,5,1,1.96072664529e-06,2.22259265433e-06
f8,3.70018231355,5,0,1.96072664529e-06,0
f8,3.70020752333,3,0,1.17643598718e-06,0
f8,3.70023274876,2,1,7.84290658118e-07,2.22259265433e-06
f8,3.70025798988,2,2,7.84290658118e-07,4.44518530866e-06
f8,3.70030851925,4,1,1.56858131624e-06,2.22259265433e-06
f8,3.70033380753,3,0,1.17643598718e-06,0
f8,3.70035911158,4,1,1.56858131624e-06,2.22259265433e-06
f8,3.7003844314,5,0,1.96072664529e-06,0
f8,3.70040976703,2,1,7.84290658118e-07,2.22259265433e-06
f8,3.70043511847,4,1,1.56858131624e-06,2.22259265433e-06
f8,3.70046048576,1,1,3.92145329059e-07,2.22259265433e-06
f8,3.7004858689,2,1,7.84290658118e-07,2.22259265433e-06
f8,3.70051126793,4,0,1.56858131624e-06,0
f8,3.70053668285,2,1,7.84290658118e-07,2.22259265433e-06
f8,3.7005621137,5,0,1.96072664529e-06,0
f8,3.70058756048,3,0,1.17643598718e-06,0
f8,3.70061302322,4,0,1.56858131624e-06,0
f8,3.70063850194,1,0,3.92145329059e-07,0
f8,3.70066399666,1,0,3.92145329059e-07,0
f8,3.7006895074,4,0,1.56858131624e-06,0
f8,3.70071503417,5,0,1.96072664529e-06,0
f8,3.70074057701,3,0,1.17643598718e-06,0
f8,3.70076613593,3,0,1.17643598718e-06,0
f8,3.70079171095,5,1,1.96072664529e-06,2.22259265433e-06
f8,3.70081730209,7,1,2.74501730341e-06,2.22259265433e-06
f8,3.70084290936,3,0,1.17643598718e-06,0
f8,3.7008685328,1,1,3.92145329059e-07,2.22259265433e-06
f8,3.70089417243,2,0,7.84290658118e-07,0
f8,3.70091982825,5,0,1.96072664529e-06,0
f8,3.7009455003,3,1,1.17643598718e-06,2.22259265433e-06
f8,3.70097118858,4,0,1.56858131624e-06,0
f8,3.70099689314,4,1,1.56858131624e-06,2.22259265433e-06
f8,3.70102261397,3,1,1.17643598718e-06,2.22259265433e-06
f8,3.70104835111,5,0,1.96072664529e-06,0
f8,3.70107410458,7,0,2.74501730341e-06,0
f8,3.70109987439,3,0,1.17643598718e-06,0
f8,3.70112566057,3,1,1.17643598718e-06,2.22259265433e-06
f8,3.70115146314,3,1,1.17643598718e-06,2.22259265433e-06
f8,3.70120311752,7,1,2.74501730341e-06,2.22259265433e-06
f8,3.70122896938,6,0,2.35287197435e-06,0
f8,3.70125483771,4,1,1.56858131624e-06,2.22259265433e-06
f8,3.70128072253,6,0,2.35287197435e-06,0
f8,3.70130662386,3,0,1.17643598718e-06,0
f8,3.70133254173,2,0,7.84290658118e-07,0
f8,3.70135847616,6,2,2.35287197435e-06,4.44518530866e-06
f8,3.70138442716,2,0,7.84290658118e-07,0
f8,3.70141039475,3,0,1.17643598718e-06,0
f8,3.70143637897,2,0,7.84290658118e-07,0
f8,3.70146237983,2,0,7.84290658118e-07,0
f8,3.70148839735,1,1,3.92145329059e-07,2.22259265433e-06
f8,3.70151443156,1,1,3.92145329059e-07,2.22259265433e-06
f8,3.70154048246,3,0,1.17643598718e-06,0
f8,3.7015665501,4,0,1.56858131624e-06,0
f8,3.70159263448,5,2,1.96072664529e-06,4.44518530866e-06
f8,3.70161873563,3,0,1.17643598718e-06,0
f8,3.70164485357,3,0,1.17643598718e-06,0
f8,3.70167098833,3,1,1.17643598718e-06,2.22259265433e-06
f8,3.70169713992,2,3,7.84290658118e-07,6.66777796299e-06
f8,3.70172330836,1,3,3.92145329059e-07,6.66777796299e-06
f8,3.70174949368,2,1,7.84290658118e-07,2.22259265433e-06
f8,3.7017756959,5,0,1.96072664529e-06,0
f8,3.70180191504,3,0,1.17643598718e-06,0
f8,3.70182815113,6,0,2.35287197435e-06,0
f8,3.70185440418,3,1,1.17643598718e-06,2.22259265433e-06
f8,3.70188067421,4,1,1.56858131624e-06,2.22259265433e-06
f8,3.70190696126,1,0,3.92145329059e-07,0
f8,3.70193326533,3,0,1.17643598718e-06,0
f8,3.70195958646,7,0,2.74501730341e-06,0
f8,3.70198592466,3,0,1.17643598718e-06,0
f8,3.70201227996,4,0,1.56858131624e-06,0
f8,3.70203865238,4,1,1.56858131624e-06,2.22259265433e-06
f8,3.70206504195,1,1,3.92145329059e-07,2.22259265433e-06
f8,3.70209144867,2,0,7.84290658118e-07,0
f8,3.70211787258,1,0,3.92145329059e-07,0
f8,3.7021443137,6,0,2.35287197435e-06,0
f8,3.70217077206,3,1,1.17643598718e-06,2.22259265433e-06
f8,3.70219724766,5,2,1.96072664529e-06,4.44518530866e-06
f8,3.70222374054,6,0,2.35287197435e-06,0
f8,3.70225025072,1,0,3.92145329059e-07,0
f8,3.70227677822,6,0,2.35287197435e-06,0
f8,3.70230332307,2,2,7.84290658118e-07,4.44518530866e-06
f8,3.70232988528,6,0,2.35287197435e-06,0
f8,3.70235646488,5,0,1.96072664529e-06,0
f8,3.7023830619,4,0,1.56858131624e-06,0
f8,3.70240967634,7,0,2.74501730341e-06,0
f8,3.70243630825,1,0,3.92145329059e-07,0
f8,3.70246295764,5,0,1.96072664529e-06,0
f8,3.70248962453,4,2,1.56858131624e-06,4.44518530866e-06
f8,3.70251630894,5,0,1.96072664529e-06,0
f8,3.70254301091,5,0,1.96072664529e-06,0
f8,3.70256973045,3,0,1.17643598718e-06,0
f8,3.70259646759,8,1,3.13716263247e-06,2.22259265433e-06
f8,3.70262322234,3,0,1.17643598718e-06,0
f8,3.70264999474,5,1,1.96072664529e-06,2.22259265433e-06
f8,3.7026767848,2,0,7.84290658118e-07,0
f8,3.70270359255,1,1,3.92145329059e-07,2.22259265433e-06
f8,3.70273041802,4,0,1.56858131624e-06,0
f8,3.70275726122,7,0,2.74501730341e-06,0
f8,3.70278412218,3,0,1.17643598718e-06,0
f8,3.70281100092,2,0,7.84290658118e-07,0
f8,3.70283789747,3,0,1.17643598718e-06,0
f8,3.70286481185,2,0,7.84290658118e-07,0
f8,3.70289174408,2,1,7.84290658118e-07,2.22259265433e-06
f8,3.70291869419,3,0,1.17643598718e-06,0
f8,3.7029456622,2,1,7.84290658118e-07,2.22259265433e-06
f8,3.70297264814,3,1,1.17643598718e-06,2.22259265433e-06
f8,3.70299965202,8,2,3.13716263247e-06,4.44518530866e-06
f8,3.70302667388,2,0,7.84290658118e-07,0
f8,3.70305371374,3,2,1.17643598718e-06,4.44518530866e-06
f8,3.70308077161,4,0,1.56858131624e-06,0
f8,3.70310784753,6,2,2.35287197435e-06,4.44518530866e-06
f8,3.7031620536,1,0,3.92145329059e-07,0
f8,3.70318918379,3,0,1.17643598718e-06,0
f8,3.70321633213,7,2,2.74501730341e-06,4.44518530866e-06
f8,3.70324349864,1,1,3.92145329059e-07,2.22259265433e-06
f8,3.70327068333,3,1,1.17643598718e-06,2.22259265433e-06
f8,3.70329788624,3,0,1.17643598718e-06,0
f8,3.70332510739,2,1,7.84290658118e-07,2.22259265433e-06
f8,3.7033523468,3,1,1.17643598718e-06,2.22259265433e-06
f8,3.7033796045,2,0,7.84290658118e-07,0
f8,3.7034068805,4,2,1.56858131624e-06,4.44518530866e-06
f8,3.70343417485,4,0,1.56858131624e-06,0
f8,3.70346148756,3,0,1.17643598718e-06,0
f8,3.70348881865,3,0,1.17643598718e-06,0
f8,3.70351616816,4,0,1.56858131624e-06,0
f8,3.7035435361,4,1,1.56858131624e-06,2.22259265433e-06
f8,3.7035709225,6,0,2.35287197435e-06,0
f8,3.70359832739,7,0,2.74501730341e-06,0
f8,3.70362575079,3,0,1.17643598718e-06,0
f8,3.70365319272,8,0,3.13716263247e-06,0
f8,3.70368065322,4,1,1.56858131624e-06,2.22259265433e-06
f8,3.7037081323,3,2,1.17643598718e-06,4.44518530866e-06
f8,3.70373562999,3,0,1.17643598718e-06,0
f8,3.70376314631,5,0,1.96072664529e-06,0
f8,3.7037906813,2,0,7.84290658118e-07,0
f8,3.70381823498,5,0,1.96072664529e-06,0
f8,3.70384580737,5,0,1.96072664529e-06,0
f8,3.70387339849,3,0,1.17643598718e-06,0
f8,3.70390100838,7,0,2.74501730341e-06,0
f8,3.70392863706,3,1,1.17643598718e-06,2.22259265433e-06
f8,3.70395628455,3,2,1.17643598718e-06,4.44518530866e-06
f8,3.70398395088,1,0,3.92145329059e-07,0
f8,3.70401163608,2,0,7.84290658118e-07,0
f8,3.70403934016,2,1,7.84290658118e-07,2.22259265433e-06
f8,3.70406706317,4,1,1.56858131624e-06,2.22259265433e-06
f8,3.70409480512,4,0,1.56858131624e-06,0
f8,3.70412256603,3,0,1.17643598718e-06,0
f8,3.70415034594,1,1,3.92145329059e-07,2.22259265433e-06
f8,3.70417814488,4,2,1.56858131624e-06,4.44518530866e-06
f8,3.70420596286,5,0,1.96072664529e-06,0
f8,3.70423379991,4,0,1.56858131624e-06,0
f8,3.70426165606,4,0,1.56858131624e-06,0
f8,3.70428953134,4,1,1.56858131624e-06,2.22259265433e-06
f8,3.70431742577,6,1,2.35287197435e-06,2.22259265433e-06
f8,3.70434533937,4,1,1.56858131624e-06,2.22259265433e-06
f8,3.70437327218,4,0,1.56858131624e-06,0
f8,3.70440122422,7,0,2.74501730341e-06,0
f8,3.70442919552,5,0,1.96072664529e-06,0
f8,3.70445718611,5,2,1.96072664529e-06,4.44518530866e-06
f8,3.704485196,4,0,1.56858131624e-06,0
f8,3.70451322523,6,0,2.35287197435e-06,0
f8,3.70454127383,7,0,2.74501730341e-06,0
f8,3.70456934181,5,0,1.96072664529e-06,0
f8,3.70459742921,3,0,1.17643598718e-06,0
f8,3.70462553606,3,1,1.17643598718e-06,2.22259265433e-06
f8,3.70465366238,5,0,1.96072664529e-06,0
f8,3.7046818082,3,0,1.17643598718e-06,0
f8,3.70470997354,3,1,1.17643598718e-06,2.22259265433e-06
f8,3.70473815843,4,1,1.56858131624e-06,2.22259265433e-06
f8,3.70476636291,4,0,1.56858131624e-06,0
f8,3.70479458699,6,0,2.35287197435e-06,0
f8,3.7048228307,6,1,2.35287197435e-06,2.22259265433e-06
f8,3.70485109408,7,0,2.74501730341e-06,0
f8,3.70487937715,2,2,7.84290658118e-07,4.44518530866e-06
f8,3.70490767993,4,1,1.56858131624e-06,2.22259265433e-06
f8,3.70493600246,3,0,1.17643598718e-06,0
f8,3.70496434475,7,0,2.74501730341e-06,0
f8,3.70499270685,1,1,3.92145329059e-07,2.22259265433e-06
f8,3.70502108877,5,1,1.96072664529e-06,2.22259265433e-06
f8,3.70504949055,7,2,2.74501730341e-06,4.44518530866e-06
f8,3.70507791221,2,0,7.84290658118e-07,0
f8,3.70510635378,3,1,1.17643598718e-06,2.22259265433e-06
f8,3.70513481529,9,0,3.52930796153e-06,0
f8,3.70516329676,8,0,3.13716263247e-06,0
f8,3.70519179823,3,1,1.17643598718e-06,2.22259265433e-06
f8,3.70522031972,5,1,1.96072664529e-06,2.22259265433e-06
f8,3.70524886126,6,1,2.35287197435e-06,2.22259265433e-06
f8,3.70527742288,3,0,1.17643598718e-06,0
f8,3.7053060046,5,1,1.96072664529e-06,2.22259265433e-06
f8,3.70533460646,4,1,1.56858131624e-06,2.22259265433e-06
f8,3.70536322849,2,1,7.84290658118e-07,2.22259265433e-06
f8,3.7053918707,3,0,1.17643598718e-06,0
f8,3.70542053314,8,2,3.13716263247e-06,4.44518530866e-06
f8,3.70544921582,3,3,1.17643598718e-06,6.66777796299e-06
f8,3.70547791879,6,1,2.35287197435e-06,2.22259265433e-06
f8,3.70550664206,6,1,2.35287197435e-06,2.22259265433e-06
f8,3.70553538566,6,1,2.35287197435e-06,2.22259265433e-06
f8,3.70556414963,4,0,1.56858131624e-06,0
f8,3.70559293399,4,0,1.56858131624e-06,0
f8,3.70562173877,3,0,1.17643598718e-06,0
f8,3.705650564,3,0,1.17643598718e-06,0
f8,3.70567940972,3,0,1.17643598718e-06,0
f8,3.70570827594,1,0,3.92145329059e-07,0
f8,3.7057371627,6,0,2.35287197435e-06,0
f8,3.70576607003,3,0,1.17643598718e-06,0
f8,3.70579499795,4,0,1.56858131624e-06,0
f8,3.7058239465,6,0,2.35287197435e-06,0
f8,3.7058529157,8,0,3.13716263247e-06,0
f8,3.70588190559,3,2,1.17643598718e-06,4.44518530866e-06
f8,3.7059109162,6,0,2.35287197435e-06,0
f8,3.70593994755,3,0,1.17643598718e-06,0
f8,3.70596899967,4,0,1.56858131624e-06,0
f8,3.7059980726,3,1,1.17643598718e-06,2.22259265433e-06
f8,3.70602716635,5,3,1.96072664529e-06,6.66777796299e-06
f8,3.70605628098,5,0,1.96072664529e-06,0
f8,3.70608541649,7,0,2.74501730341e-06,0
f8,3.70611457293,2,0,7.84290658118e-07,0
f8,3.70614375032,8,0,3.13716263247e-06,0
f8,3.7061729487,3,2,1.17643598718e-06,4.44518530866e-06
f8,3.70620216809,5,0,1.96072664529e-06,0
f8,3.70623140852,6,0,2.35287197435e-06,0
f8,3.70626067003,4,0,1.56858131624e-06,0
f8,3.70628995264,3,0,1.17643598718e-06,0
f8,3.70631925639,9,1,3.52930796153e-06,2.22259265433e-06
f8,3.7063485813,2,0,7.84290658118e-07,0
f8,3.70637792741,4,0,1.56858131624e-06,0
f8,3.70640729474,5,2,1.96072664529e-06,4.44518530866e-06
f8,3.70643668333,6,1,2.35287197435e-06,2.22259265433e-06
f8,3.70646609322,4,0,1.56858131624e-06,0
f8,3.70649552442,4,1,1.56858131624e-06,2.22259265433e-06
f8,3.70652497697,2,0,7.84290658118e-07,0
f8,3.7065544509,6,0,2.35287197435e-06,0
f8,3.70658394624,4,1,1.56858131624e-06,2.22259265433e-06
f8,3.70661346303,4,1,1.56858131624e-06,2.22259265433e-06
f8,3.70664300129,7,1,2.74501730341e-06,2.22259265433e-06
f8,3.70667256106,3,0,1.17643598718e-06,0
f8,3.70670214236,4,1,1.56858131624e-06,2.22259265433e-06
f8,3.70673174524,0,2,0,4.44518530866e-06
f8,3.70676136971,6,0,2.35287197435e-06,0
f8,3.70679101582,6,0,2.35287197435e-06,0
f8,3.70682068359,2,0,7.84290658118e-07,0
f8,3.70685037305,3,0,1.17643598718e-06,0
f8,3.70688008424,7,1,2.74501730341e-06,2.22259265433e-06
f8,3.70690981719,6,1,2.35287197435e-06,2.22259265433e-06
f8,3.70693957193,7,0,2.74501730341e-06,0
f8,3.70696934849,5,4,1.96072664529e-06,8.89037061733e-06
f8,3.7069991469,5,0,1.96072664529e-06,0
f8,3.7070289672,7,3,2.74501730341e-06,6.66777796299e-06
f8,3.70705880942,9,0,3.52930796153e-06,0
f8,3.7070886736,8,0,3.13716263247e-06,0
f8,3.70711855975,6,1,2.35287197435e-06,2.22259265433e-06
f8,3.70714846792,4,2,1.56858131624e-06,4.44518530866e-06
f8,3.70717839814,2,0,7.84290658118e-07,0
f8,3.70720835044,6,1,2.35287197435e-06,2.22259265433e-06
f8,3.70723832485,5,0,1.96072664529e-06,0
f8,3.70726832141,5,1,1.96072664529e-06,2.22259265433e-06
f8,3.70729834014,6,1,2.35287197435e-06,2.22259265433e-06
f8,3.70732838109,3,0,1.17643598718e-06,0
f8,3.70735844428,5,0,1.96072664529e-06,0
f8,3.70738852975,12,1,4.70574394871e-06,2.22259265433e-06
f8,3.70741863753,11,1,4.31359861965e-06,2.22259265433e-06
f8,3.70744876766,9,4,3.52930796153e-06,8.89037061733e-06
f8,3.70747892016,8,1,3.13716263247e-06,2.22259265433e-06
f8,3.70750909507,3,1,1.17643598718e-06,2.22259265433e-06
f8,3.70753929242,8,1,3.13716263247e-06,2.22259265433e-06
f8,3.70756951225,5,2,1.96072664529e-06,4.44518530866e-06
f8,3.70759975459,2,1,7.84290658118e-07,2.22259265433e-06
f8,3.70763001947,9,1,3.52930796153e-06,2.22259265433e-06
f8,3.70766030693,6,2,2.35287197435e-06,4.44518530866e-06
f8,3.707690617,4,0,1.56858131624e-06,0
f8,3.70772094972,13,2,5.09788927777e-06,4.44518530866e-06
f8,3.70775130512,7,3,2.74501730341e-06,6.66777796299e-06
f8,3.70778168322,6,2,2.35287197435e-06,4.44518530866e-06
f8,3.70781208408,4,0,1.56858131624e-06,0
f8,3.70784250771,6,0,2.35287197435e-06,0
f8,3.70787295416,6,1,2.35287197435e-06,2.22259265433e-06
f8,3.70790342346,6,1,2.35287197435e-06,2.22259265433e-06
f8,3.70793391565,2,3,7.84290658118e-07,6.66777796299e-06
f8,3.70796443075,6,2,2.35287197435e-06,4.44518530866e-06
f8,3.7079949688,9,1,3.52930796153e-06,2.22259265433e-06
f8,3.70802552984,5,2,1.96072664529e-06,4.44518530866e-06
f8,3.7080561139,3,1,1.17643598718e-06,2.22259265433e-06
f8,3.70808672102,9,0,3.52930796153e-06,0
f8,3.70811735122,6,1,2.35287197435e-06,2.22259265433e-06
f8,3.70814800456,3,0,1.17643598718e-06,0
f8,3.70817868105,4,1,1.56858131624e-06,2.22259265433e-06
f8,3.70820938074,9,2,3.52930796153e-06,4.44518530866e-06
f8,3.70824010367,4,0,1.56858131624e-06,0
f8,3.70827084985,8,0,3.13716263247e-06,0
f8,3.70830161934,8,1,3.13716263247e-06,2.22259265433e-06
f8,3.70833241217,7,0,2.74501730341e-06,0
f8,3.70836322837,5,1,1.96072664529e-06,2.22259265433e-06
f8,3.70839406797,12,1,4.70574394871e-06,2.22259265433e-06
f8,3.70842493102,9,1,3.52930796153e-06,2.22259265433e-06
f8,3.70845581755,5,1,1.96072664529e-06,2.22259265433e-06
f8,3.70848672759,5,1,1.96072664529e-06,2.22259265433e-06
f8,3.70851766119,3,0,1.17643598718e-06,0
f8,3.70854861837,2,1,7.84290658118e-07,2.22259265433e-06
f8,3.70857959917,8,0,3.13716263247e-06,0
f8,3.70861060363,5,2,1.96072664529e-06,4.44518530866e-06
f8,3.70864163178,4,1,1.56858131624e-06,2.22259265433e-06
f8,3.70867268367,7,1,2.74501730341e-06,2.22259265433e-06
f8,3.70870375932,5,0,1.96072664529e-06,0
f8,3.70873485878,6,1,2.35287197435e-06,2.22259265433e-06
f8,3.70876598208,5,0,1.96072664529e-06,0
f8,3.70879712925,4,0,1.56858131624e-06,0
f8,3.70882830034,4,2,1.56858131624e-06,4.44518530866e-06
f8,3.70885949538,4,1,1.56858131624e-06,2.22259265433e-06
f8,3.7088907144,10,0,3.92145329059e-06,0
f8,3.70892195745,9,0,3.52930796153e-06,0
f8,3.70895322456,6,0,2.35287197435e-06,0
f8,3.70898451577,12,0,4.70574394871e-06,0
f8,3.70901583111,7,0,2.74501730341e-06,0
f8,3.70904717062,3,2,1.17643598718e-06,4.44518530866e-06
f8,3.70907853435,6,0,2.35287197435e-06,0
f8,3.70910992232,9,1,3.52930796153e-06,2.22259265433e-06
f8,3.70914133458,3,0,1.17643598718e-06,0
f8,3.70917277115,9,2,3.52930796153e-06,4.44518530866e-06
f8,3.70920423209,4,0,1.56858131624e-06,0
f8,3.70923571743,6,0,2.35287197435e-06,0
f8,3.7092672272,5,0,1.96072664529e-06,0
f8,3.70929876145,6,0,2.35287197435e-06,0
f8,3.7093303202,5,3,1.96072664529e-06,6.66777796299e-06
f8,3.70936190351,4,3,1.56858131624e-06,6.66777796299e-06
f8,3.70939351141,7,0,2.74501730341e-06,0
f8,3.70942514393,4,0,1.56858131624e-06,0
f8,3.70945680111,11,2,4.31359861965e-06,4.44518530866e-06
f8,3.709488483,3,1,1.17643598718e-06,2.22259265433e-06
f8,3.70952018963,7,1,2.74501730341e-06,2.22259265433e-06
f8,3.70955192105,9,1,3.52930796153e-06,2.22259265433e-06
f8,3.70958367728,7,1,2.74501730341e-06,2.22259265433e-06
f8,3.70961545837,7,2,2.74501730341e-06,4.44518530866e-06
f8,3.70964726435,7,1,2.74501730341e-06,2.22259265433e-06
f8,3.70967909527,1,6,3.92145329059e-07,1.3335555926e-05
f8,3.70971095117,8,0,3.13716263247e-06,0
f8,3.70974283208,7,3,2.74501730341e-06,6.66777796299e-06
f8,3.70977473805,9,0,3.52930796153e-06,0
f8,3.70980666911,6,1,2.35287197435e-06,2.22259265433e-06
f8,3.7098386253,11,0,4.31359861965e-06,0
f8,3.70987060666,10,0,3.92145329059e-06,0
f8,3.70990261324,5,1,1.96072664529e-06,2.22259265433e-06
f8,3.70993464507,14,2,5.49003460683e-06,4.44518530866e-06
f8,3.70996670219,9,3,3.52930796153e-06,6.66777796299e-06
f8,3.70999878464,8,0,3.13716263247e-06,0
f8,3.71003089246,10,1,3.92145329059e-06,2.22259265433e-06
f8,3.71006302569,8,1,3.13716263247e-06,2.22259265433e-06
f8,3.71009518438,6,2,2.35287197435e-06,4.44518530866e-06
f8,3.71012736856,11,0,4.31359861965e-06,0
f8,3.71015957827,9,3,3.52930796153e-06,6.66777796299e-06
f8,3.71019181355,2,1,7.84290658118e-07,2.22259265433e-06
f8,3.71022407445,1,3,3.92145329059e-07,6.66777796299e-06
f8,3.71025636101,7,1,2.74501730341e-06,2.22259265433e-06
f8,3.71028867326,4,1,1.56858131624e-06,2.22259265433e-06
f8,3.71032101124,5,1,1.96072664529e-06,2.22259265433e-06
f8,3.71035337501,4,2,1.56858131624e-06,4.44518530866e-06
f8,3.71038576459,6,2,2.35287197435e-06,4.44518530866e-06
f8,3.71041818003,5,2,1.96072664529e-06,4.44518530866e-06
f8,3.71045062137,6,1,2.35287197435e-06,2.22259265433e-06
f8,3.71048308866,8,2,3.13716263247e-06,4.44518530866e-06
f8,3.71051558193,9,2,3.52930796153e-06,4.44518530866e-06
f8,3.71054810123,8,3,3.13716263247e-06,6.66777796299e-06
f8,3.71058064659,6,2,2.35287197435e-06,4.44518530866e-06
f8,3.71061321806,8,2,3.13716263247e-06,4.44518530866e-06
f8,3.71064581569,12,3,4.70574394871e-06,6.66777796299e-06
f8,3.71067843951,7,1,2.74501730341e-06,2.22259265433e-06
f8,3.71071108956,5,1,1.96072664529e-06,2.22259265433e-06
f8,3.71074376589,9,1,3.52930796153e-06,2.22259265433e-06
f8,3.71077646854,6,1,2.35287197435e-06,2.22259265433e-06
f8,3.71080919756,5,1,1.96072664529e-06,2.22259265433e-06
f8,3.71084195297,4,0,1.56858131624e-06,0
f8,3.71087473484,6,1,2.35287197435e-06,2.22259265433e-06
f8,3.7109075432,9,0,3.52930796153e-06,0
f8,3.71094037809,9,0,3.52930796153e-06,0
f8,3.71097323955,6,2,2.35287197435e-06,4.44518530866e-06
f8,3.71100612764,9,1,3.52930796153e-06,2.22259265433e-06
f8,3.71103904239,5,0,1.96072664529e-06,0
f8,3.71107198384,11,2,4.31359861965e-06,4.44518530866e-06
f8,3.71110495204,8,2,3.13716263247e-06,4.44518530866e-06
f8,3.71113794704,14,0,5.49003460683e-06,0
f8,3.71117096887,13,3,5.09788927777e-06,6.66777796299e-06
f8,3.71120401758,14,1,5.49003460683e-06,2.22259265433e-06
f8,3.71123709321,4,1,1.56858131624e-06,2.22259265433e-06
f8,3.71127019582,2,0,7.84290658118e-07,0
f8,3.71130332543,6,0,2.35287197435e-06,0
f8,3.7113364821,6,3,2.35287197435e-06,6.66777796299e-06
f8,3.71136966587,8,2,3.13716263247e-06,4.44518530866e-06
f8,3.71140287678,8,0,3.13716263247e-06,0
f8,3.71143611488,8,1,3.13716263247e-06,2.22259265433e-06
f8,3.71146938022,8,0,3.13716263247e-06,0
f8,3.71150267283,9,1,3.52930796153e-06,2.22259265433e-06
f8,3.71153599277,3,1,1.17643598718e-06,2.22259265433e-06
f8,3.71156934007,11,1,4.31359861965e-06,2.22259265433e-06
f8,3.71160271479,9,0,3.52930796153e-06,0
f8,3.71163611696,10,2,3.92145329059e-06,4.44518530866e-06
f8,3.71166954663,7,4,2.74501730341e-06,8.89037061733e-06
f8,3.71170300386,9,1,3.52930796153e-06,2.22259265433e-06
f8,3.71173648868,10,4,3.92145329059e-06,8.89037061733e-06
f8,3.71177000113,3,0,1.17643598718e-06,0
f8,3.71180354127,11,1,4.31359861965e-06,2.22259265433e-06
f8,3.71183710915,12,0,4.70574394871e-06,0
f8,3.7118707048,7,2,2.74501730341e-06,4.44518530866e-06
f8,3.71190432827,12,1,4.70574394871e-06,2.22259265433e-06
f8,3.71193797961,10,1,3.92145329059e-06,2.22259265433e-06
f8,3.71197165886,8,2,3.13716263247e-06,4.44518530866e-06
f8,3.71200536608,11,0,4.31359861965e-06,0
f8,3.7120391013,6,1,2.35287197435e-06,2.22259265433e-06
f8,3.71207286458,7,0,2.74501730341e-06,0
f8,3.71210665596,11,2,4.31359861965e-06,4.44518530866e-06
f8,3.71214047548,7,0,2.74501730341e-06,0
f8,3.71217432321,8,1,3.13716263247e-06,2.22259265433e-06
f8,3.71220819917,11,0,4.31359861965e-06,0
f8,3.71224210342,4,1,1.56858131624e-06,2.22259265433e-06
f8,3.71227603601,4,0,1.56858131624e-06,0
f8,3.71230999698,6,2,2.35287197435e-06,4.44518530866e-06
f8,3.71234398638,7,2,2.74501730341e-06,4.44518530866e-06
f8,3.71237800426,9,0,3.52930796153e-06,0
f8,3.71241205067,10,2,3.92145329059e-06,4.44518530866e-06
f8,3.71244612565,7,2,2.74501730341e-06,4.44518530866e-06
f8,3.71248022926,4,1,1.56858131624e-06,2.22259265433e-06
f8,3.71251436153,11,0,4.31359861965e-06,0
f8,3.71254852253,9,1,3.52930796153e-06,2.22259265433e-06
f8,3.71258271229,3,1,1.17643598718e-06,2.22259265433e-06
f8,3.71261693087,10,0,3.92145329059e-06,0
f8,3.71265117831,11,0,4.31359861965e-06,0
f8,3.71268545466,8,2,3.13716263247e-06,4.44518530866e-06
f8,3.71271975998,8,1,3.13716263247e-06,2.22259265433e-06
f8,3.71275409431,5,1,1.96072664529e-06,2.22259265433e-06
f8,3.71278845769,8,2,3.13716263247e-06,4.44518530866e-06
f8,3.71282285019,9,3,3.52930796153e-06,6.66777796299e-06
f8,3.71285727184,8,0,3.13716263247e-06,0
f8,3.71289172271,2,2,7.84290658118e-07,4.44518530866e-06
f8,3.71292620283,8,1,3.13716263247e-06,2.22259265433e-06
f8,3.71296071225,9,1,3.52930796153e-06,2.22259265433e-06
f8,3.71299525104,12,3,4.70574394871e-06,6.66777796299e-06
f8,3.71302981923,8,0,3.13716263247e-06,0
f8,3.71306441688,9,0,3.52930796153e-06,0
f8,3.71309904404,5,1,1.96072664529e-06,2.22259265433e-06
f8,3.71313370075,9,0,3.52930796153e-06,0
f8,3.71316838708,9,1,3.52930796153e-06,2.22259265433e-06
f8,3.71320310306,10,1,3.92145329059e-06,2.22259265433e-06
f8,3.71323784875,9,1,3.52930796153e-06,2.22259265433e-06
f8,3.7132726242,15,0,5.88217993588e-06,0
f8,3.71330742947,9,1,3.52930796153e-06,2.22259265433e-06
f8,3.7133422646,8,3,3.13716263247e-06,6.66777796299e-06
f8,3.71337712964,6,0,2.35287197435e-06,0
f8,3.71341202465,12,1,4.70574394871e-06,2.22259265433e-06
f8,3.71344694967,12,2,4.70574394871e-06,4.44518530866e-06
f8,3.71348190477,10,3,3.92145329059e-06,6.66777796299e-06
f8,3.71351688998,14,2,5.49003460683e-06,4.44518530866e-06
f8,3.71355190537,9,1,3.52930796153e-06,2.22259265433e-06
f8,3.71358695098,13,0,5.09788927777e-06,0
f8,3.71362202687,11,0,4.31359861965e-06,0
f8,3.71365713309,15,3,5.88217993588e-06,6.66777796299e-06
f8,3.71369226969,7,2,2.74501730341e-06,4.44518530866e-06
f8,3.71372743672,6,0,2.35287197435e-06,0
f8,3.71376263425,14,0,5.49003460683e-06,0
f8,3.71379786231,4,0,1.56858131624e-06,0
f8,3.71383312096,8,1,3.13716263247e-06,2.22259265433e-06
f8,3.71386841027,9,3,3.52930796153e-06,6.66777796299e-06
f8,3.71390373027,9,1,3.52930796153e-06,2.22259265433e-06
f8,3.71393908102,12,1,4.70574394871e-06,2.22259265433e-06
f8,3.71397446258,10,3,3.92145329059e-06,6.66777796299e-06
f8,3.71400987501,13,1,5.09788927777e-06,2.22259265433e-06
f8,3.71404531834,9,2,3.52930796153e-06,4.44518530866e-06
f8,3.71408079265,11,0,4.31359861965e-06,0
f8,3.71411629797,12,1,4.70574394871e-06,2.22259265433e-06
f8,3.71415183438,13,2,5.09788927777e-06,4.44518530866e-06
f8,3.71418740191,9,1,3.52930796153e-06,2.22259265433e-06
f8,3.71422300064,7,3,2.74501730341e-06,6.66777796299e-06
f8,3.7142586306,9,1,3.52930796153e-06,2.22259265433e-06
f8,3.71429429185,15,1,5.88217993588e-06,2.22259265433e-06
f8,3.71432998446,8,3,3.13716263247e-06,6.66777796299e-06
f8,3.71436570848,12,2,4.70574394871e-06,4.44518530866e-06
f8,3.71440146395,5,0,1.96072664529e-06,0
f8,3.71443725094,9,3,3.52930796153e-06,6.66777796299e-06
f8,3.71447306951,12,1,4.70574394871e-06,2.22259265433e-06
f8,3.7145089197,8,3,3.13716263247e-06,6.66777796299e-06
f8,3.71454480157,9,1,3.52930796153e-06,2.22259265433e-06
f8,3.71458071519,3,2,1.17643598718e-06,4.44518530866e-06
f8,3.7146166606,11,2,4.31359861965e-06,4.44518530866e-06
f8,3.71465263786,9,1,3.52930796153e-06,2.22259265433e-06
f8,3.71468864704,9,1,3.52930796153e-06,2.22259265433e-06
f8,3.71472468817,5,0,1.96072664529e-06,0
f8,3.71476076133,12,1,4.70574394871e-06,2.22259265433e-06
f8,3.71479686657,13,1,5.09788927777e-06,2.22259265433e-06
f8,3.71483300395,6,1,2.35287197435e-06,2.22259265433e-06
f8,3.71486917352,2,1,7.84290658118e-07,2.22259265433e-06
f8,3.71490537534,10,1,3.92145329059e-06,2.22259265433e-06
f8,3.71494160947,7,0,2.74501730341e-06,0
f8,3.71497787596,5,2,1.96072664529e-06,4.44518530866e-06
f8,3.71501417488,10,1,3.92145329059e-06,2.22259265433e-06
f8,3.71505050629,10,0,3.92145329059e-06,0
f8,3.71508687023,10,2,3.92145329059e-06,4.44518530866e-06
f8,3.71512326677,8,4,3.13716263247e-06,8.89037061733e-06
f8,3.71515969597,6,4,2.35287197435e-06,8.89037061733e-06
f8,3.71519615788,11,0,4.31359861965e-06,0
f8,3.71523265257,6,1,2.35287197435e-06,2.22259265433e-06
f8,3.7152691801,8,2,3.13716263247e-06,4.44518530866e-06
f8,3.71530574051,7,0,2.74501730341e-06,0
f8,3.71534233388,14,3,5.49003460683e-06,6.66777796299e-06
f8,3.71537896026,9,1,3.52930796153e-06,2.22259265433e-06
f8,3.71541561971,10,1,3.92145329059e-06,2.22259265433e-06
f8,3.71545231229,13,2,5.09788927777e-06,4.44518530866e-06
f8,3.71548903807,10,2,3.92145329059e-06,4.44518530866e-06
f8,3.71552579709,5,1,1.96072664529e-06,2.22259265433e-06
f8,3.71556258943,10,1,3.92145329059e-06,2.22259265433e-06
f8,3.71559941513,11,0,4.31359861965e-06,0
f8,3.71563627427,8,3,3.13716263247e-06,6.66777796299e-06
f8,3.7156731669,11,1,4.31359861965e-06,2.22259265433e-06
f8,3.71571009309,9,6,3.52930796153e-06,1.3335555926e-05
f8,3.71574705289,10,2,3.92145329059e-06,4.44518530866e-06
f8,3.71578404637,8,2,3.13716263247e-06,4.44518530866e-06
f8,3.71582107359,11,2,4.31359861965e-06,4.44518530866e-06
f8,3.7158581346,9,3,3.52930796153e-06,6.66777796299e-06
f8,3.71589522948,11,0,4.31359861965e-06,0
f8,3.71593235828,3,0,1.17643598718e-06,0
f8,3.71596952106,17,1,6.666470594e-06,2.22259265433e-06
f8,3.71600671789,10,2,3.92145329059e-06,4.44518530866e-06
f8,3.71604394883,10,2,3.92145329059e-06,4.44518530866e-06
f8,3.71608121395,9,4,3.52930796153e-06,8.89037061733e-06
f8,3.7161185133,8,1,3.13716263247e-06,2.22259265433e-06
f8,3.71615584695,9,2,3.52930796153e-06,4.44518530866e-06
f8,3.71619321496,15,1,5.88217993588e-06,2.22259265433e-06
f8,3.71623061739,9,2,3.52930796153e-06,4.44518530866e-06
f8,3.71626805431,11,2,4.31359861965e-06,4.44518530866e-06
f8,3.71630552579,11,1,4.31359861965e-06,2.22259265433e-06
f8,3.71634303188,11,3,4.31359861965e-06,6.66777796299e-06
f8,3.71638057265,12,2,4.70574394871e-06,4.44518530866e-06
f8,3.71641814816,12,2,4.70574394871e-06,4.44518530866e-06
f8,3.71645575848,12,2,4.70574394871e-06,4.44518530866e-06
f8,3.71649340367,12,1,4.70574394871e-06,2.22259265433e-06
f8,3.71653108381,11,2,4.31359861965e-06,4.44518530866e-06
f8,3.71656879894,7,1,2.74501730341e-06,2.22259265433e-06
f8,3.71660654914,13,3,5.09788927777e-06,6.66777796299e-06
f8,3.71664433448,14,0,5.49003460683e-06,0
f8,3.71668215501,9,1,3.52930796153e-06,2.22259265433e-06
f8,3.71672001081,5,3,1.96072664529e-06,6.66777796299e-06
f8,3.71675790193,13,1,5.09788927777e-06,2.22259265433e-06
f8,3.71679582846,15,2,5.88217993588e-06,4.44518530866e-06
f8,3.71683379044,10,2,3.92145329059e-06,4.44518530866e-06
f8,3.71687178795,6,1,2.35287197435e-06,2.22259265433e-06
f8,3.71690982106,13,2,5.09788927777e-06,4.44518530866e-06
f8,3.71694788983,11,2,4.31359861965e-06,4.44518530866e-06
f8,3.71698599433,15,0,5.88217993588e-06,0
f8,3.71702413462,12,1,4.70574394871e-06,2.22259265433e-06
f8,3.71706231078,7,2,2.74501730341e-06,4.44518530866e-06
f8,3.71710052286,11,1,4.31359861965e-06,2.22259265433e-06
f8,3.71713877095,10,5,3.92145329059e-06,1.11129632717e-05
f8,3.7171770551,9,2,3.52930796153e-06,4.44518530866e-06
f8,3.71721537538,15,1,5.88217993588e-06,2.22259265433e-06
f8,3.71725373187,12,1,4.70574394871e-06,2.22259265433e-06
f8,3.71729212463,16,1,6.27432526494e-06,2.22259265433e-06
f8,3.71733055373,12,3,4.70574394871e-06,6.66777796299e-06
f8,3.71736901924,8,2,3.13716263247e-06,4.44518530866e-06
f8,3.71740752122,14,2,5.49003460683e-06,4.44518530866e-06
f8,3.71744605975,10,0,3.92145329059e-06,0
f8,3.7174846349,12,0,4.70574394871e-06,0
f8,3.71752324673,13,5,5.09788927777e-06,1.11129632717e-05
f8,3.71756189532,15,0,5.88217993588e-06,0
f8,3.71760058073,16,1,6.27432526494e-06,2.22259265433e-06
f8,3.71763930304,4,2,1.56858131624e-06,4.44518530866e-06
f8,3.71767806232,10,3,3.92145329059e-06,6.66777796299e-06
f8,3.71771685863,5,3,1.96072664529e-06,6.66777796299e-06
f8,3.71775569206,8,2,3.13716263247e-06,4.44518530866e-06
f8,3.71779456266,8,2,3.13716263247e-06,4.44518530866e-06
f8,3.71783347051,12,1,4.70574394871e-06,2.22259265433e-06
f8,3.71787241568,7,3,2.74501730341e-06,6.66777796299e-06
f8,3.71791139825,13,0,5.09788927777e-06,0
f8,3.71795041828,12,0,4.70574394871e-06,0
f8,3.71798947584,15,2,5.88217993588e-06,4.44518530866e-06
f8,3.71802857102,8,1,3.13716263247e-06,2.22259265433e-06
f8,3.71806770388,13,0,5.09788927777e-06,0
f8,3.7181068745,18,2,7.05861592306e-06,4.44518530866e-06
f8,3.71814608294,10,3,3.92145329059e-06,6.66777796299e-06
f8,3.71818532928,13,4,5.09788927777e-06,8.89037061733e-06
f8,3.7182246136,7,0,2.74501730341e-06,0
f8,3.71826393597,9,3,3.52930796153e-06,6.66777796299e-06
f8,3.71830329645,13,3,5.09788927777e-06,6.66777796299e-06
f8,3.71834269514,9,4,3.52930796153e-06,8.89037061733e-06
f8,3.71838213209,11,0,4.31359861965e-06,0
f8,3.71842160739,7,1,2.74501730341e-06,2.22259265433e-06
f8,3.7184611211,11,2,4.31359861965e-06,4.44518530866e-06
f8,3.71850067331,16,3,6.27432526494e-06,6.66777796299e-06
f8,3.71854026409,9,1,3.52930796153e-06,2.22259265433e-06
f8,3.71857989351,6,0,2.35287197435e-06,0
f8,3.71861956165,13,0,5.09788927777e-06,0
f8,3.71865926859,13,1,5.09788927777e-06,2.22259265433e-06
f8,3.71869901439,10,2,3.92145329059e-06,4.44518530866e-06
f8,3.71873879915,14,1,5.49003460683e-06,2.22259265433e-06
f8,3.71877862293,14,1,5.49003460683e-06,2.22259265433e-06
f8,3.71881848581,17,1,6.666470594e-06,2.22259265433e-06
f8,3.71885838786,11,2,4.31359861965e-06,4.44518530866e-06
f8,3.71889832917,15,1,5.88217993588e-06,2.22259265433e-06
f8,3.71893830982,10,1,3.92145329059e-06,2.22259265433e-06
f8,3.71897832987,11,0,4.31359861965e-06,0
f8,3.71901838941,15,1,5.88217993588e-06,2.22259265433e-06
f8,3.71905848851,12,4,4.70574394871e-06,8.89037061733e-06
f8,3.71909862726,12,1,4.70574394871e-06,2.22259265433e-06
f8,3.71913880573,10,0,3.92145329059e-06,0
f8,3.719179024,17,1,6.666470594e-06,2.22259265433e-06
f8,3.71921928214,10,3,3.92145329059e-06,6.66777796299e-06
f8,3.71925958025,10,0,3.92145329059e-06,0
f8,3.71929991839,19,2,7.45076125212e-06,4.44518530866e-06
f8,3.71934029666,13,0,5.09788927777e-06,0
f8,3.71938071512,20,4,7.84290658118e-06,8.89037061733e-06
f8,3.71942117385,20,2,7.84290658118e-06,4.44518530866e-06
f8,3.71946167295,12,3,4.70574394871e-06,6.66777796299e-06
f8,3.71950221248,9,2,3.52930796153e-06,4.44518530866e-06
f8,3.71954279253,12,1,4.70574394871e-06,2.22259265433e-06
f8,3.71958341319,12,0,4.70574394871e-06,0
f8,3.71962407452,15,2,5.88217993588e-06,4.44518530866e-06
f8,3.71966477662,7,1,2.74501730341e-06,2.22259265433e-06
f8,3.71970551956,17,2,6.666470594e-06,4.44518530866e-06
f8,3.71974630343,19,5,7.45076125212e-06,1.11129632717e-05
f8,3.71978712831,11,3,4.31359861965e-06,6.66777796299e-06
f8,3.71982799428,16,1,6.27432526494e-06,2.22259265433e-06
f8,3.71986890143,14,2,5.49003460683e-06,4.44518530866e-06
f8,3.71990984983,14,3,5.49003460683e-06,6.66777796299e-06
f8,3.71995083958,20,4,7.84290658118e-06,8.89037061733e-06
f8,3.71999187075,19,4,7.45076125212e-06,8.89037061733e-06
f8,3.72003294343,12,1,4.70574394871e-06,2.22259265433e-06
f8,3.7200740577,18,1,7.05861592306e-06,2.22259265433e-06
f8,3.72011521365,7,2,2.74501730341e-06,4.44518530866e-06
f8,3.72015641136,11,4,4.31359861965e-06,8.89037061733e-06
f8,3.72019765091,21,1,8.23505191024e-06,2.22259265433e-06
f8,3.7202389324,15,2,5.88217993588e-06,4.44518530866e-06
f8,3.7202802559,16,1,6.27432526494e-06,2.22259265433e-06
f8,3.72032162151,15,2,5.88217993588e-06,4.44518530866e-06
f8,3.7203630293,14,0,5.49003460683e-06,0
f8,3.72040447937,12,0,4.70574394871e-06,0
f8,3.7204459718,11,2,4.31359861965e-06,4.44518530866e-06
f8,3.72048750668,16,1,6.27432526494e-06,2.22259265433e-06
f8,3.72052908409,16,2,6.27432526494e-06,4.44518530866e-06
f8,3.72057070413,19,0,7.45076125212e-06,0
f8,3.72061236687,14,3,5.49003460683e-06,6.66777796299e-06
f8,3.72065407241,11,1,4.31359861965e-06,2.22259265433e-06
f8,3.72069582083,11,3,4.31359861965e-06,6.66777796299e-06
f8,3.72073761223,13,4,5.09788927777e-06,8.89037061733e-06
f8,3.72077944669,13,3,5.09788927777e-06,6.66777796299e-06
f8,3.7208213243,12,2,4.70574394871e-06,4.44518530866e-06
f8,3.72086324515,15,1,5.88217993588e-06,2.22259265433e-06
f8,3.72090520933,22,0,8.6271972393e-06,0
f8,3.72094721693,15,4,5.88217993588e-06,8.89037061733e-06
f8,3.72098926803,21,2,8.23505191024e-06,4.44518530866e-06
f8,3.72103136274,16,3,6.27432526494e-06,6.66777796299e-06
f8,3.72107350113,10,0,3.92145329059e-06,0
f8,3.7211156833,11,4,4.31359861965e-06,8.89037061733e-06
f8,3.72115790935,8,3,3.13716263247e-06,6.66777796299e-06
f8,3.72120017936,14,2,5.49003460683e-06,4.44518530866e-06
f8,3.72124249342,12,2,4.70574394871e-06,4.44518530866e-06
f8,3.72128485163,12,0,4.70574394871e-06,0
f8,3.72132725408,13,1,5.09788927777e-06,2.22259265433e-06
f8,3.72136970085,15,0,5.88217993588e-06,0
f8,3.72141219206,12,1,4.70574394871e-06,2.22259265433e-06
f8,3.72145472777,19,5,7.45076125212e-06,1.11129632717e-05
f8,3.7214973081,23,4,9.01934256836e-06,8.89037061733e-06
f8,3.72153993313,22,1,8.6271972393e-06,2.22259265433e-06
f8,3.72158260296,20,3,7.84290658118e-06,6.66777796299e-06
f8,3.72162531769,20,2,7.84290658118e-06,4.44518530866e-06
f8,3.72166807739,15,0,5.88217993588e-06,0
f8,3.72171088218,15,1,5.88217993588e-06,2.22259265433e-06
f8,3.72175373215,21,3,8.23505191024e-06,6.66777796299e-06
f8,3.72179662739,16,1,6.27432526494e-06,2.22259265433e-06
f8,3.72183956799,14,3,5.49003460683e-06,6.66777796299e-06
f8,3.72188255406,14,1,5.49003460683e-06,2.22259265433e-06
f8,3.72192558569,19,1,7.45076125212e-06,2.22259265433e-06
f8,3.72196866298,19,1,7.45076125212e-06,2.22259265433e-06
f8,3.72201178602,17,2,6.666470594e-06,4.44518530866e-06
f8,3.72205495491,22,4,8.6271972393e-06,8.89037061733e-06
f8,3.72209816975,14,2,5.49003460683e-06,4.44518530866e-06
f8,3.72214143064,20,4,7.84290658118e-06,8.89037061733e-06
f8,3.72218473767,13,2,5.09788927777e-06,4.44518530866e-06
f8,3.72222809095,17,2,6.666470594e-06,4.44518530866e-06
f8,3.72227149057,20,5,7.84290658118e-06,1.11129632717e-05
f8,3.72231493663,18,2,7.05861592306e-06,4.44518530866e-06
f8,3.72235842923,14,3,5.49003460683e-06,6.66777796299e-06
f8,3.72240196847,16,7,6.27432526494e-06,1.55581485803e-05
f8,3.72244555446,8,4,3.13716263247e-06,8.89037061733e-06
f8,3.72248918728,17,1,6.666470594e-06,2.22259265433e-06
f8,3.72253286705,13,1,5.09788927777e-06,2.22259265433e-06
f8,3.72257659386,18,2,7.05861592306e-06,4.44518530866e-06
f8,3.72262036781,14,0,5.49003460683e-06,0
f8,3.72266418901,12,0,4.70574394871e-06,0
f8,3.72270805756,5,4,1.96072664529e-06,8.89037061733e-06
f8,3.72275197356,14,1,5.49003460683e-06,2.22259265433e-06
f8,3.72279593712,6,4,2.35287197435e-06,8.89037061733e-06
f8,3.72283994833,13,3,5.09788927777e-06,6.66777796299e-06
f8,3.7228840073,15,2,5.88217993588e-06,4.44518530866e-06
f8,3.72292811414,6,1,2.35287197435e-06,2.22259265433e-06
f8,3.72297226895,18,4,7.05861592306e-06,8.89037061733e-06
f8,3.72301647182,14,3,5.49003460683e-06,6.66777796299e-06
f8,3.72306072288,16,2,6.27432526494e-06,4.44518530866e-06
f8,3.72310502222,21,1,8.23505191024e-06,2.22259265433e-06
f8,3.72314936994,15,2,5.88217993588e-06,4.44518530866e-06
f8,3.72319376616,10,3,3.92145329059e-06,6.66777796299e-06
f8,3.72323821098,15,2,5.88217993588e-06,4.44518530866e-06
f8,3.72328270451,12,4,4.70574394871e-06,8.89037061733e-06
f8,3.72332724685,11,2,4.31359861965e-06,4.44518530866e-06
f8,3.72337183811,16,1,6.27432526494e-06,2.22259265433e-06
f8,3.7234164784,14,2,5.49003460683e-06,4.44518530866e-06
f8,3.72346116783,23,1,9.01934256836e-06,2.22259265433e-06
f8,3.7235059065,26,2,1.01957785555e-05,4.44518530866e-06
f8,3.72355069452,20,2,7.84290658118e-06,4.44518530866e-06
f8,3.72359553201,10,3,3.92145329059e-06,6.66777796299e-06
f8,3.72364041906,14,6,5.49003460683e-06,1.3335555926e-05
f8,3.7236853558,21,4,8.23505191024e-06,8.89037061733e-06
f8,3.72373034233,18,3,7.05861592306e-06,6.66777796299e-06
f8,3.72377537876,14,3,5.49003460683e-06,6.66777796299e-06
f8,3.72382046521,18,2,7.05861592306e-06,4.44518530866e-06
f8,3.72386560178,17,2,6.666470594e-06,4.44518530866e-06
f8,3.72391078858,18,2,7.05861592306e-06,4.44518530866e-06
f8,3.72395602573,18,1,7.05861592306e-06,2.22259265433e-06
f8,3.72400131334,22,1,8.6271972393e-06,2.22259265433e-06
f8,3.72404665153,17,3,6.666470594e-06,6.66777796299e-06
f8,3.7240920404,26,5,1.01957785555e-05,1.11129632717e-05
f8,3.72413748006,16,5,6.27432526494e-06,1.11129632717e-05
f8,3.72418297065,20,6,7.84290658118e-06,1.3335555926e-05
f8,3.72422851225,14,3,5.49003460683e-06,6.66777796299e-06
f8,3.724274105,24,1,9.41148789741e-06,2.22259265433e-06
f8,3.72431974901,19,3,7.45076125212e-06,6.66777796299e-06
f8,3.72436544439,16,2,6.27432526494e-06,4.44518530866e-06
f8,3.72441119125,19,6,7.45076125212e-06,1.3335555926e-05
f8,3.72445698972,18,0,7.05861592306e-06,0
f8,3.72450283991,19,5,7.45076125212e-06,1.11129632717e-05
f8,3.72454874194,26,2,1.01957785555e-05,4.44518530866e-06
f8,3.72459469592,16,5,6.27432526494e-06,1.11129632717e-05
f8,3.72464070198,17,4,6.666470594e-06,8.89037061733e-06
f8,3.72468676022,20,6,7.84290658118e-06,1.3335555926e-05
f8,3.72473287078,24,4,9.41148789741e-06,8.89037061733e-06
f8,3.72477903376,14,5,5.49003460683e-06,1.11129632717e-05
f8,3.72482524929,14,3,5.49003460683e-06,6.66777796299e-06
f8,3.72487151749,16,4,6.27432526494e-06,8.89037061733e-06
f8,3.72491783848,20,4,7.84290658118e-06,8.89037061733e-06
f8,3.72496421237,22,5,8.6271972393e-06,1.11129632717e-05
f8,3.72501063929,20,3,7.84290658118e-06,6.66777796299e-06
f8,3.72505711936,15,1,5.88217993588e-06,2.22259265433e-06
f8,3.72510365271,16,3,6.27432526494e-06,6.66777796299e-06
f8,3.72515023945,17,2,6.666470594e-06,4.44518530866e-06
f8,3.72519687971,15,1,5.88217993588e-06,2.22259265433e-06
f8,3.7252435736,19,3,7.45076125212e-06,6.66777796299e-06
f8,3.72529032126,30,7,1.17643598718e-05,1.55581485803e-05
f8,3.72533712281,25,3,9.80363322647e-06,6.66777796299e-06
f8,3.72538397837,21,3,8.23505191024e-06,6.66777796299e-06
f8,3.72543088807,18,4,7.05861592306e-06,8.89037061733e-06
f8,3.72547785203,18,2,7.05861592306e-06,4.44518530866e-06
f8,3.72552487038,20,5,7.84290658118e-06,1.11129632717e-05
f8,3.72557194324,20,4,7.84290658118e-06,8.89037061733e-06
f8,3.72561907075,23,2,9.01934256836e-06,4.44518530866e-06
f8,3.72566625302,13,3,5.09788927777e-06,6.66777796299e-06
f8,3.72571349018,17,4,6.666470594e-06,8.89037061733e-06
f8,3.72576078237,18,4,7.05861592306e-06,8.89037061733e-06
f8,3.72580812971,17,4,6.666470594e-06,8.89037061733e-06
f8,3.72585553233,29,4,1.13722145427e-05,8.89037061733e-06
f8,3.72590299036,26,1,1.01957785555e-05,2.22259265433e-06
f8,3.72595050393,21,3,8.23505191024e-06,6.66777796299e-06
f8,3.72599807316,22,2,8.6271972393e-06,4.44518530866e-06
f8,3.7260456982,24,6,9.41148789741e-06,1.3335555926e-05
f8,3.72609337917,25,4,9.80363322647e-06,8.89037061733e-06
f8,3.7261411162,16,2,6.27432526494e-06,4.44518530866e-06
f8,3.72618890942,13,3,5.09788927777e-06,6.66777796299e-06
f8,3.72623675897,24,1,9.41148789741e-06,2.22259265433e-06
f8,3.72628466498,21,1,8.23505191024e-06,2.22259265433e-06
f8,3.72633262759,22,3,8.6271972393e-06,6.66777796299e-06
f8,3.72638064692,26,3,1.01957785555e-05,6.66777796299e-06
f8,3.72642872311,23,2,9.01934256836e-06,4.44518530866e-06
f8,3.7264768563,20,1,7.84290658118e-06,2.22259265433e-06
f8,3.72652504662,19,4,7.45076125212e-06,8.89037061733e-06
f8,3.7265732942,21,4,8.23505191024e-06,8.89037061733e-06
f8,3.72662159919,27,3,1.05879238846e-05,6.66777796299e-06
f8,3.72666996172,20,3,7.84290658118e-06,6.66777796299e-06
f8,3.72671838193,17,3,6.666470594e-06,6.66777796299e-06
f8,3.72676685995,18,0,7.05861592306e-06,0
f8,3.72681539593,18,2,7.05861592306e-06,4.44518530866e-06
f8,3.72686399,23,8,9.01934256836e-06,1.77807412347e-05
f8,3.7269126423,21,2,8.23505191024e-06,4.44518530866e-06
f8,3.72696135297,13,6,5.09788927777e-06,1.3335555926e-05
f8,3.72701012215,21,5,8.23505191024e-06,1.11129632717e-05
f8,3.72705894999,21,4,8.23505191024e-06,8.89037061733e-06
f8,3.72710783661,25,1,9.80363322647e-06,2.22259265433e-06
f8,3.72715678218,19,2,7.45076125212e-06,4.44518530866e-06
f8,3.72720578681,14,0,5.49003460683e-06,0
f8,3.72725485067,24,7,9.41148789741e-06,1.55581485803e-05
f8,3.7273039739,21,1,8.23505191024e-06,2.22259265433e-06
f8,3.72735315663,16,2,6.27432526494e-06,4.44518530866e-06
f8,3.72740239901,19,3,7.45076125212e-06,6.66777796299e-06
f8,3.72745170119,28,7,1.09800692137e-05,1.55581485803e-05
f8,3.72750106331,20,3,7.84290658118e-06,6.66777796299e-06
f8,3.72755048552,19,5,7.45076125212e-06,1.11129632717e-05
f8,3.72759996796,22,2,8.6271972393e-06,4.44518530866e-06
f8,3.72764951079,12,2,4.70574394871e-06,4.44518530866e-06
f8,3.72769911414,24,6,9.41148789741e-06,1.3335555926e-05
f8,3.72774877817,18,8,7.05861592306e-06,1.77807412347e-05
f8,3.72779850302,22,6,8.6271972393e-06,1.3335555926e-05
f8,3.72784828885,23,2,9.01934256836e-06,4.44518530866e-06
f8,3.72789813581,26,1,1.01957785555e-05,2.22259265433e-06
f8,3.72794804404,12,4,4.70574394871e-06,8.89037061733e-06
f8,3.72799801369,25,5,9.80363322647e-06,1.11129632717e-05
f8,3.72804804492,23,4,9.01934256836e-06,8.89037061733e-06
f8,3.72809813788,30,5,1.17643598718e-05,1.11129632717e-05
f8,3.72814829272,23,3,9.01934256836e-06,6.66777796299e-06
f8,3.7281985096,24,1,9.41148789741e-06,2.22259265433e-06
f8,3.72824878867,18,4,7.05861592306e-06,8.89037061733e-06
f8,3.72829913007,28,7,1.09800692137e-05,1.55581485803e-05
f8,3.72834953398,25,7,9.80363322647e-06,1.55581485803e-05
f8,3.72840000053,19,7,7.45076125212e-06,1.55581485803e-05
f8,3.7284505299,19,2,7.45076125212e-06,4.44518530866e-06
f8,3.72850112223,24,4,9.41148789741e-06,8.89037061733e-06
f8,3.72855177768,24,3,9.41148789741e-06,6.66777796299e-06
f8,3.72860249641,30,5,1.17643598718e-05,1.11129632717e-05
f8,3.72865327858,37,5,1.45093771752e-05,1.11129632717e-05
f8,3.72870412434,31,2,1.21565052008e-05,4.44518530866e-06
f8,3.72875503387,27,2,1.05879238846e-05,4.44518530866e-06
f8,3.72880600731,34,5,1.3332941188e-05,1.11129632717e-05
f8,3.72885704482,30,0,1.17643598718e-05,0
f8,3.72890814658,26,0,1.01957785555e-05,0
f8,3.72895931273,29,3,1.13722145427e-05,6.66777796299e-06
f8,3.72901054345,19,3,7.45076125212e-06,6.66777796299e-06
f8,3.7290618389,22,0,8.6271972393e-06,0
f8,3.72911319923,29,5,1.13722145427e-05,1.11129632717e-05
f8,3.72916462462,27,5,1.05879238846e-05,1.11129632717e-05
f8,3.72921611523,28,2,1.09800692137e-05,4.44518530866e-06
f8,3.72926767122,28,3,1.09800692137e-05,6.66777796299e-06
f8,3.72931929277,21,3,8.23505191024e-06,6.66777796299e-06
f8,3.72937098003,23,6,9.01934256836e-06,1.3335555926e-05
f8,3.72942273318,22,6,8.6271972393e-06,1.3335555926e-05
f8,3.72947455238,15,1,5.88217993588e-06,2.22259265433e-06
f8,3.72952643781,27,8,1.05879238846e-05,1.77807412347e-05
f8,3.72957838962,32,4,1.25486505299e-05,8.89037061733e-06
f8,3.729630408,33,2,1.29407958589e-05,4.44518530866e-06
f8,3.72968249311,33,5,1.29407958589e-05,1.11129632717e-05
f8,3.72973464513,32,1,1.25486505299e-05,2.22259265433e-06
f8,3.72978686422,28,5,1.09800692137e-05,1.11129632717e-05
f8,3.72983915056,24,1,9.41148789741e-06,2.22259265433e-06
f8,3.72989150433,30,2,1.17643598718e-05,4.44518530866e-06
f8,3.72994392569,22,6,8.6271972393e-06,1.3335555926e-05
f8,3.72999641483,37,3,1.45093771752e-05,6.66777796299e-06
f8,3.73004897191,28,7,1.09800692137e-05,1.55581485803e-05
f8,3.73010159711,16,3,6.27432526494e-06,6.66777796299e-06
f8,3.73015429061,31,4,1.21565052008e-05,8.89037061733e-06
f8,3.7302070526,28,2,1.09800692137e-05,4.44518530866e-06
f8,3.73025988323,27,6,1.05879238846e-05,1.3335555926e-05
f8,3.73031278271,27,6,1.05879238846e-05,1.3335555926e-05
f8,3.73036575119,34,8,1.3332941188e-05,1.77807412347e-05
f8,3.73041878887,25,2,9.80363322647e-06,4.44518530866e-06
f8,3.73047189593,24,5,9.41148789741e-06,1.11129632717e-05
f8,3.73052507254,20,2,7.84290658118e-06,4.44518530866e-06
f8,3.7305783189,30,3,1.17643598718e-05,6.66777796299e-06
f8,3.73063163518,16,7,6.27432526494e-06,1.55581485803e-05
f8,3.73068502156,25,6,9.80363322647e-06,1.3335555926e-05
f8,3.73073847824,19,6,7.45076125212e-06,1.3335555926e-05
f8,3.73079200539,24,2,9.41148789741e-06,4.44518530866e-06
f8,3.7308456032,27,5,1.05879238846e-05,1.11129632717e-05
f8,3.73089927187,19,3,7.45076125212e-06,6.66777796299e-06
f8,3.73095301157,23,8,9.01934256836e-06,1.77807412347e-05
f8,3.7310068225,30,4,1.17643598718e-05,8.89037061733e-06
f8,3.73106070484,29,3,1.13722145427e-05,6.66777796299e-06
f8,3.73111465879,25,4,9.80363322647e-06,8.89037061733e-06
f8,3.73116868453,28,3,1.09800692137e-05,6.66777796299e-06
f8,3.73122278226,25,3,9.80363322647e-06,6.66777796299e-06
f8,3.73127695217,21,5,8.23505191024e-06,1.11129632717e-05
f8,3.73133119444,17,7,6.666470594e-06,1.55581485803e-05
f8,3.73138550929,18,4,7.05861592306e-06,8.89037061733e-06
f8,3.73143989689,26,5,1.01957785555e-05,1.11129632717e-05
f8,3.73149435745,22,3,8.6271972393e-06,6.66777796299e-06
f8,3.73154889115,31,6,1.21565052008e-05,1.3335555926e-05
f8,3.73160349821,31,7,1.21565052008e-05,1.55581485803e-05
f8,3.73165817881,32,7,1.25486505299e-05,1.55581485803e-05
f8,3.73171293315,25,3,9.80363322647e-06,6.66777796299e-06
f8,3.73176776144,19,4,7.45076125212e-06,8.89037061733e-06
f8,3.73182266387,34,2,1.3332941188e-05,4.44518530866e-06
f8,3.73187764064,26,3,1.01957785555e-05,6.66777796299e-06
f8,3.73193269195,35,9,1.37250865171e-05,2.0003333889e-05
f8,3.73198781802,27,3,1.05879238846e-05,6.66777796299e-06
f8,3.73204301903,22,6,8.6271972393e-06,1.3335555926e-05
f8,3.7320982952,32,8,1.25486505299e-05,1.77807412347e-05
f8,3.73215364672,35,6,1.37250865171e-05,1.3335555926e-05
f8,3.73220907382,33,4,1.29407958589e-05,8.89037061733e-06
f8,3.73226457668,37,6,1.45093771752e-05,1.3335555926e-05
f8,3.73232015553,19,8,7.45076125212e-06,1.77807412347e-05
f8,3.73237581056,36,5,1.41172318461e-05,1.11129632717e-05
f8,3.73243154199,37,4,1.45093771752e-05,8.89037061733e-06
f8,3.73248735002,27,5,1.05879238846e-05,1.11129632717e-05
f8,3.73254323487,27,3,1.05879238846e-05,6.66777796299e-06
f8,3.73259919676,37,5,1.45093771752e-05,1.11129632717e-05
f8,3.73265523588,28,4,1.09800692137e-05,8.89037061733e-06
f8,3.73271135246,30,6,1.17643598718e-05,1.3335555926e-05
f8,3.73276754671,21,8,8.23505191024e-06,1.77807412347e-05
f8,3.73282381885,36,5,1.41172318461e-05,1.11129632717e-05
f8,3.73288016908,36,3,1.41172318461e-05,6.66777796299e-06
f8,3.73293659764,21,6,8.23505191024e-06,1.3335555926e-05
f8,3.73299310473,40,5,1.56858131624e-05,1.11129632717e-05
f8,3.73304969058,27,2,1.05879238846e-05,4.44518530866e-06
f8,3.7331063554,22,4,8.6271972393e-06,8.89037061733e-06
f8,3.73316309942,33,3,1.29407958589e-05,6.66777796299e-06
f8,3.73321992286,26,5,1.01957785555e-05,1.11129632717e-05
f8,3.73327682594,43,4,1.68622491495e-05,8.89037061733e-06
f8,3.73333380888,33,7,1.29407958589e-05,1.55581485803e-05
f8,3.73339087191,33,3,1.29407958589e-05,6.66777796299e-06
f8,3.73344801525,25,4,9.80363322647e-06,8.89037061733e-06
f8,3.73350523914,30,4,1.17643598718e-05,8.89037061733e-06
f8,3.73356254379,30,4,1.17643598718e-05,8.89037061733e-06
f8,3.73361992944,33,14,1.29407958589e-05,3.11162971606e-05
f8,3.73367739631,25,5,9.80363322647e-06,1.11129632717e-05
f8,3.73373494464,38,4,1.49015225042e-05,8.89037061733e-06
f8,3.73379257465,35,6,1.37250865171e-05,1.3335555926e-05
f8,3.73385028659,32,5,1.25486505299e-05,1.11129632717e-05
f8,3.73390808068,30,4,1.17643598718e-05,8.89037061733e-06
f8,3.73396595715,29,12,1.13722145427e-05,2.6671111852e-05
f8,3.73402391624,34,5,1.3332941188e-05,1.11129632717e-05
f8,3.7340819582,35,5,1.37250865171e-05,1.11129632717e-05
f8,3.73414008324,27,2,1.05879238846e-05,4.44518530866e-06
f8,3.73419829163,36,1,1.41172318461e-05,2.22259265433e-06
f8,3.73425658358,41,2,1.60779584914e-05,4.44518530866e-06
f8,3.73431495935,34,3,1.3332941188e-05,6.66777796299e-06
f8,3.73437341917,38,6,1.49015225042e-05,1.3335555926e-05
f8,3.73443196329,37,10,1.45093771752e-05,2.22259265433e-05
f8,3.73449059195,28,9,1.09800692137e-05,2.0003333889e-05
f8,3.73454930539,31,3,1.21565052008e-05,6.66777796299e-06
f8,3.73460810386,32,6,1.25486505299e-05,1.3335555926e-05
f8,3.73466698762,34,9,1.3332941188e-05,2.0003333889e-05
f8,3.73472595689,37,5,1.45093771752e-05,1.11129632717e-05
f8,3.73478501194,33,5,1.29407958589e-05,1.11129632717e-05
f8,3.73484415301,28,9,1.09800692137e-05,2.0003333889e-05
f8,3.73490338036,34,4,1.3332941188e-05,8.89037061733e-06
f8,3.73496269423,30,8,1.17643598718e-05,1.77807412347e-05
f8,3.73502209489,27,7,1.05879238846e-05,1.55581485803e-05
f8,3.73508158257,40,9,1.56858131624e-05,2.0003333889e-05
f8,3.73514115755,36,7,1.41172318461e-05,1.55581485803e-05
f8,3.73520082007,27,7,1.05879238846e-05,1.55581485803e-05
f8,3.7352605704,39,11,1.52936678333e-05,2.44485191976e-05
f8,3.73532040879,40,8,1.56858131624e-05,1.77807412347e-05
f8,3.7353803355,30,2,1.17643598718e-05,4.44518530866e-06
f8,3.73544035079,30,4,1.17643598718e-05,8.89037061733e-06
f8,3.73550045493,37,2,1.45093771752e-05,4.44518530866e-06
f8,3.73556064818,40,7,1.56858131624e-05,1.55581485803e-05
f8,3.73562093081,26,0,1.01957785555e-05,0
f8,3.73568130307,38,4,1.49015225042e-05,8.89037061733e-06
f8,3.73574176524,39,7,1.52936678333e-05,1.55581485803e-05
f8,3.73580231758,32,7,1.25486505299e-05,1.55581485803e-05
f8,3.73586296037,31,6,1.21565052008e-05,1.3335555926e-05
f8,3.73592369387,45,3,1.76465398077e-05,6.66777796299e-06
f8,3.73598451836,28,8,1.09800692137e-05,1.77807412347e-05
f8,3.73604543411,28,4,1.09800692137e-05,8.89037061733e-06
f8,3.73610644139,41,6,1.60779584914e-05,1.3335555926e-05
f8,3.73616754049,46,2,1.80386851367e-05,4.44518530866e-06
f8,3.73622873167,53,6,2.07837024401e-05,1.3335555926e-05
f8,3.73629001521,43,5,1.68622491495e-05,1.11129632717e-05
f8,3.73635139139,33,9,1.29407958589e-05,2.0003333889e-05
f8,3.7364128605,43,5,1.68622491495e-05,1.11129632717e-05
f8,3.73647442282,32,9,1.25486505299e-05,2.0003333889e-05
f8,3.73653607862,42,7,1.64701038205e-05,1.55581485803e-05
f8,3.7365978282,39,5,1.52936678333e-05,1.11129632717e-05
f8,3.73665967184,43,6,1.68622491495e-05,1.3335555926e-05
f8,3.73672160982,36,6,1.41172318461e-05,1.3335555926e-05
f8,3.73678364243,41,4,1.60779584914e-05,8.89037061733e-06
f8,3.73684576997,55,6,2.15679930982e-05,1.3335555926e-05
f8,3.73690799273,40,5,1.56858131624e-05,1.11129632717e-05
f8,3.73697031099,28,5,1.09800692137e-05,1.11129632717e-05
f8,3.73703272505,45,15,1.76465398077e-05,3.3338889815e-05
f8,3.73709523521,37,3,1.45093771752e-05,6.66777796299e-06
f8,3.73715784176,36,5,1.41172318461e-05,1.11129632717e-05
f8,3.737220545,37,4,1.45093771752e-05,8.89037061733e-06
f8,3.73728334522,45,9,1.76465398077e-05,2.0003333889e-05
f8,3.73734624274,41,5,1.60779584914e-05,1.11129632717e-05
f8,3.73740923785,32,7,1.25486505299e-05,1.55581485803e-05
f8,3.73747233085,53,7,2.07837024401e-05,1.55581485803e-05
f8,3.73753552206,35,7,1.37250865171e-05,1.55581485803e-05
f8,3.73759881176,38,9,1.49015225042e-05,2.0003333889e-05
f8,3.73766220028,41,3,1.60779584914e-05,6.66777796299e-06
f8,3.73772568793,41,4,1.60779584914e-05,8.89037061733e-06
f8,3.737789275,39,7,1.52936678333e-05,1.55581485803e-05
f8,3.73785296182,46,6,1.80386851367e-05,1.3335555926e-05
f8,3.7379167487,40,5,1.56858131624e-05,1.11129632717e-05
f8,3.73798063595,51,8,1.9999411782e-05,1.77807412347e-05
f8,3.73804462389,42,8,1.64701038205e-05,1.77807412347e-05
f8,3.73810871283,38,6,1.49015225042e-05,1.3335555926e-05
f8,3.73817290311,40,7,1.56858131624e-05,1.55581485803e-05
f8,3.73823719503,43,4,1.68622491495e-05,8.89037061733e-06
f8,3.73830158892,38,5,1.49015225042e-05,1.11129632717e-05
f8,3.7383660851,47,4,1.84308304658e-05,8.89037061733e-06
f8,3.73843068391,37,3,1.45093771752e-05,6.66777796299e-06
f8,3.73849538565,38,4,1.49015225042e-05,8.89037061733e-06
f8,3.73856019068,46,5,1.80386851367e-05,1.11129632717e-05
f8,3.73862509931,49,6,1.92151211239e-05,1.3335555926e-05
f8,3.73869011188,37,7,1.45093771752e-05,1.55581485803e-05
f8,3.73875522871,38,10,1.49015225042e-05,2.22259265433e-05
f8,3.73882045015,45,12,1.76465398077e-05,2.6671111852e-05
f8,3.73888577654,51,8,1.9999411782e-05,1.77807412347e-05
f8,3.7389512082,38,10,1.49015225042e-05,2.22259265433e-05
f8,3.73901674549,41,11,1.60779584914e-05,2.44485191976e-05
f8,3.73908238874,45,3,1.76465398077e-05,6.66777796299e-06
f8,3.73914813829,36,4,1.41172318461e-05,8.89037061733e-06
f8,3.73921399449,64,4,2.50973010598e-05,8.89037061733e-06
f8,3.73927995769,40,7,1.56858131624e-05,1.55581485803e-05
f8,3.73934602823,35,10,1.37250865171e-05,2.22259265433e-05
f8,3.73941220647,62,9,2.43130104017e-05,2.0003333889e-05
f8,3.73947849275,52,11,2.03915571111e-05,2.44485191976e-05
f8,3.73954488743,49,8,1.92151211239e-05,1.77807412347e-05
f8,3.73961139087,55,2,2.15679930982e-05,4.44518530866e-06
f8,3.73967800342,41,6,1.60779584914e-05,1.3335555926e-05
f8,3.73974472543,45,7,1.76465398077e-05,1.55581485803e-05
f8,3.73981155728,45,10,1.76465398077e-05,2.22259265433e-05
f8,3.73987849933,45,9,1.76465398077e-05,2.0003333889e-05
f8,3.73994555192,54,8,2.11758477692e-05,1.77807412347e-05
f8,3.74001271544,46,6,1.80386851367e-05,1.3335555926e-05
f8,3.74007999026,52,11,2.03915571111e-05,2.44485191976e-05
f8,3.74014737673,54,6,2.11758477692e-05,1.3335555926e-05
f8,3.74021487523,54,7,2.11758477692e-05,1.55581485803e-05
f8,3.74028248613,40,4,1.56858131624e-05,8.89037061733e-06
f8,3.74035020982,50,8,1.96072664529e-05,1.77807412347e-05
f8,3.74041804666,35,9,1.37250865171e-05,2.0003333889e-05
f8,3.74048599703,41,9,1.60779584914e-05,2.0003333889e-05
f8,3.74055406132,41,6,1.60779584914e-05,1.3335555926e-05
f8,3.74062223991,37,10,1.45093771752e-05,2.22259265433e-05
f8,3.74069053318,50,10,1.96072664529e-05,2.22259265433e-05
f8,3.74075894152,41,8,1.60779584914e-05,1.77807412347e-05
f8,3.74082746531,40,10,1.56858131624e-05,2.22259265433e-05
f8,3.74089610495,59,7,2.31365744145e-05,1.55581485803e-05
f8,3.74096486084,65,14,2.54894463888e-05,3.11162971606e-05
f8,3.74103373336,56,8,2.19601384273e-05,1.77807412347e-05
f8,3.7411027229,47,3,1.84308304658e-05,6.66777796299e-06
f8,3.74117182988,42,3,1.64701038205e-05,6.66777796299e-06
f8,3.74124105469,41,9,1.60779584914e-05,2.0003333889e-05
f8,3.74131039773,58,8,2.27444290854e-05,1.77807412347e-05
f8,3.7413798594,37,5,1.45093771752e-05,1.11129632717e-05
f8,3.74144944012,54,6,2.11758477692e-05,1.3335555926e-05
f8,3.74151914029,53,13,2.07837024401e-05,2.88937045063e-05
f8,3.74158896032,50,6,1.96072664529e-05,1.3335555926e-05
f8,3.74165890063,54,3,2.11758477692e-05,6.66777796299e-06
f8,3.74172896163,59,5,2.31365744145e-05,1.11129632717e-05
f8,3.74179914374,54,9,2.11758477692e-05,2.0003333889e-05
f8,3.74186944737,60,7,2.35287197435e-05,1.55581485803e-05
f8,3.74193987296,54,5,2.11758477692e-05,1.11129632717e-05
f8,3.74201042092,60,9,2.35287197435e-05,2.0003333889e-05
f8,3.74208109167,55,5,2.15679930982e-05,1.11129632717e-05
f8,3.74215188565,53,7,2.07837024401e-05,1.55581485803e-05
f8,3.7422228033,61,12,2.39208650726e-05,2.6671111852e-05
f8,3.74229384503,56,7,2.19601384273e-05,1.55581485803e-05
f8,3.74236501128,49,4,1.92151211239e-05,8.89037061733e-06
f8,3.7424363025,54,7,2.11758477692e-05,1.55581485803e-05
f8,3.74250771913,61,8,2.39208650726e-05,1.77807412347e-05
f8,3.74257926159,59,10,2.31365744145e-05,2.22259265433e-05
f8,3.74265093035,59,7,2.31365744145e-05,1.55581485803e-05
f8,3.74272272584,67,10,2.62737370469e-05,2.22259265433e-05
f8,3.74279464851,53,11,2.07837024401e-05,2.44485191976e-05
f8,3.74286669882,54,7,2.11758477692e-05,1.55581485803e-05
f8,3.74293887722,49,11,1.92151211239e-05,2.44485191976e-05
f8,3.74301118417,55,8,2.15679930982e-05,1.77807412347e-05
f8,3.74308362012,51,7,1.9999411782e-05,1.55581485803e-05
f8,3.74315618553,55,5,2.15679930982e-05,1.11129632717e-05
f8,3.74322888088,47,4,1.84308304658e-05,8.89037061733e-06
f8,3.74330170662,42,14,1.64701038205e-05,3.11162971606e-05
f8,3.74337466322,42,7,1.64701038205e-05,1.55581485803e-05
f8,3.74344775116,58,9,2.27444290854e-05,2.0003333889e-05
f8,3.74352097091,68,13,2.6665882376e-05,2.88937045063e-05
f8,3.74359432294,68,8,2.6665882376e-05,1.77807412347e-05
f8,3.74366780774,60,8,2.35287197435e-05,1.77807412347e-05
f8,3.74374142578,65,10,2.54894463888e-05,2.22259265433e-05
f8,3.74381517755,68,14,2.6665882376e-05,3.11162971606e-05
f8,3.74388906354,59,8,2.31365744145e-05,1.77807412347e-05
f8,3.74396308424,61,14,2.39208650726e-05,3.11162971606e-05
f8,3.74403724013,67,9,2.62737370469e-05,2.0003333889e-05
f8,3.74411153171,53,13,2.07837024401e-05,2.88937045063e-05
f8,3.74418595948,65,10,2.54894463888e-05,2.22259265433e-05
f8,3.74426052395,52,11,2.03915571111e-05,2.44485191976e-05
f8,3.74433522561,50,7,1.96072664529e-05,1.55581485803e-05
f8,3.74441006496,49,7,1.92151211239e-05,1.55581485803e-05
f8,3.74448504252,60,4,2.35287197435e-05,8.89037061733e-06
f8,3.74456015881,55,12,2.15679930982e-05,2.6671111852e-05
f8,3.74463541432,72,9,2.82344636922e-05,2.0003333889e-05
f8,3.74471080959,62,6,2.43130104017e-05,1.3335555926e-05
f8,3.74478634513,67,12,2.62737370469e-05,2.6671111852e-05
f8,3.74486202146,65,8,2.54894463888e-05,1.77807412347e-05
f8,3.74493783911,64,9,2.50973010598e-05,2.0003333889e-05
f8,3.7450137986,61,16,2.39208650726e-05,3.55614824693e-05
f8,3.74508990048,58,7,2.27444290854e-05,1.55581485803e-05
f8,3.74516614527,62,16,2.43130104017e-05,3.55614824693e-05
f8,3.74524253351,54,8,2.11758477692e-05,1.77807412347e-05
f8,3.74531906575,54,11,2.11758477692e-05,2.44485191976e-05
f8,3.74539574252,61,11,2.39208650726e-05,2.44485191976e-05
f8,3.74547256438,61,7,2.39208650726e-05,1.55581485803e-05
f8,3.74554953187,73,10,2.86266090213e-05,2.22259265433e-05
f8,3.74562664555,54,11,2.11758477692e-05,2.44485191976e-05
f8,3.74570390597,62,11,2.43130104017e-05,2.44485191976e-05
f8,3.74578131369,65,10,2.54894463888e-05,2.22259265433e-05
f8,3.74585886928,63,9,2.47051557307e-05,2.0003333889e-05
f8,3.74593657331,70,11,2.74501730341e-05,2.44485191976e-05
f8,3.74601442633,79,7,3.09794809957e-05,1.55581485803e-05
f8,3.74609242893,56,6,2.19601384273e-05,1.3335555926e-05
f8,3.74617058167,74,10,2.90187543504e-05,2.22259265433e-05
f8,3.74624888515,75,10,2.94108996794e-05,2.22259265433e-05
f8,3.74632733993,73,12,2.86266090213e-05,2.6671111852e-05
f8,3.74640594662,73,5,2.86266090213e-05,1.11129632717e-05
f8,3.74648470579,63,11,2.47051557307e-05,2.44485191976e-05
f8,3.74656361803,77,10,3.01951903375e-05,2.22259265433e-05
f8,3.74664268396,56,10,2.19601384273e-05,2.22259265433e-05
f8,3.74672190416,62,5,2.43130104017e-05,1.11129632717e-05
f8,3.74680127924,57,16,2.23522837564e-05,3.55614824693e-05
f8,3.7468808098,64,7,2.50973010598e-05,1.55581485803e-05
f8,3.74696049646,82,4,3.21559169828e-05,8.89037061733e-06
f8,3.74704033982,78,14,3.05873356666e-05,3.11162971606e-05
f8,3.74712034052,69,16,2.70580277051e-05,3.55614824693e-05
f8,3.74720049916,69,9,2.70580277051e-05,2.0003333889e-05
f8,3.74728081638,63,7,2.47051557307e-05,1.55581485803e-05
f8,3.74736129279,76,13,2.98030450085e-05,2.88937045063e-05
f8,3.74744192904,63,14,2.47051557307e-05,3.11162971606e-05
f8,3.74752272577,67,16,2.62737370469e-05,3.55614824693e-05
f8,3.7476036836,83,11,3.25480623119e-05,2.44485191976e-05
f8,3.74768480318,77,11,3.01951903375e-05,2.44485191976e-05
f8,3.74776608517,75,19,2.94108996794e-05,4.22292604323e-05
f8,3.74784753021,87,13,3.41166436281e-05,2.88937045063e-05
f8,3.74792913896,81,8,3.17637716538e-05,1.77807412347e-05
f8,3.74801091208,92,9,3.60773702734e-05,2.0003333889e-05
f8,3.74809285023,76,8,2.98030450085e-05,1.77807412347e-05
f8,3.74817495408,59,12,2.31365744145e-05,2.6671111852e-05
f8,3.7482572243,95,15,3.72538062606e-05,3.3338889815e-05
f8,3.74833966156,81,7,3.17637716538e-05,1.55581485803e-05
f8,3.74842226655,79,17,3.09794809957e-05,3.77840751236e-05
f8,3.74850503995,72,15,2.82344636922e-05,3.3338889815e-05
f8,3.74858798245,85,14,3.333235297e-05,3.11162971606e-05
f8,3.74867109474,70,10,2.74501730341e-05,2.22259265433e-05
f8,3.74875437752,78,9,3.05873356666e-05,2.0003333889e-05
f8,3.74883783148,67,12,2.62737370469e-05,2.6671111852e-05
f8,3.74892145734,66,11,2.58815917179e-05,2.44485191976e-05
f8,3.7490052558,76,12,2.98030450085e-05,2.6671111852e-05
f8,3.74908922757,67,5,2.62737370469e-05,1.11129632717e-05
f8,3.74917337339,57,9,2.23522837564e-05,2.0003333889e-05
f8,3.74925769395,75,8,2.94108996794e-05,1.77807412347e-05
f8,3.74934219001,65,20,2.54894463888e-05,4.44518530866e-05
f8,3.74942686228,80,14,3.13716263247e-05,3.11162971606e-05
f8,3.7495117115,81,15,3.17637716538e-05,3.3338889815e-05
f8,3.74959673842,84,17,3.2940207641e-05,3.77840751236e-05
f8,3.74968194378,85,15,3.333235297e-05,3.3338889815e-05
f8,3.74976732833,75,7,2.94108996794e-05,1.55581485803e-05
f8,3.74985289283,79,10,3.09794809957e-05,2.22259265433e-05
f8,3.74993863804,97,11,3.80380969187e-05,2.44485191976e-05
f8,3.75002456471,81,10,3.17637716538e-05,2.22259265433e-05
f8,3.75011067363,77,13,3.01951903375e-05,2.88937045063e-05
f8,3.75019696556,96,13,3.76459515897e-05,2.88937045063e-05
f8,3.75028344129,80,25,3.13716263247e-05,5.55648163583e-05
f8,3.7503701016,99,18,3.88223875768e-05,4.0006667778e-05
f8,3.75045694728,76,18,2.98030450085e-05,4.0006667778e-05
f8,3.75054397912,87,19,3.41166436281e-05,4.22292604323e-05
f8,3.75063119793,90,10,3.52930796153e-05,2.22259265433e-05
f8,3.75071860451,92,8,3.60773702734e-05,1.77807412347e-05
f8,3.75080619966,105,16,4.11752595512e-05,3.55614824693e-05
f8,3.75089398421,88,17,3.45087889572e-05,3.77840751236e-05
f8,3.75098195898,101,11,3.9606678235e-05,2.44485191976e-05
f8,3.75107012479,88,10,3.45087889572e-05,2.22259265433e-05
f8,3.75115848247,92,15,3.60773702734e-05,3.3338889815e-05
f8,3.75124703287,69,12,2.70580277051e-05,2.6671111852e-05
f8,3.75133577681,89,12,3.49009342862e-05,2.6671111852e-05
f8,3.75142471516,80,20,3.13716263247e-05,4.44518530866e-05
f8,3.75151384876,93,19,3.64695156025e-05,4.22292604323e-05
f8,3.75160317848,100,18,3.92145329059e-05,4.0006667778e-05
f8,3.75169270517,84,13,3.2940207641e-05,2.88937045063e-05
f8,3.75178242971,78,8,3.05873356666e-05,1.77807412347e-05
f8,3.75187235298,88,14,3.45087889572e-05,3.11162971606e-05
f8,3.75196247586,80,15,3.13716263247e-05,3.3338889815e-05
f8,3.75205279923,106,8,4.15674048802e-05,1.77807412347e-05
f8,3.75214332399,89,17,3.49009342862e-05,3.77840751236e-05
f8,3.75223405105,80,15,3.13716263247e-05,3.3338889815e-05
f8,3.75232498129,84,16,3.2940207641e-05,3.55614824693e-05
f8,3.75241611565,104,14,4.07831142221e-05,3.11162971606e-05
f8,3.75250745504,83,19,3.25480623119e-05,4.22292604323e-05
f8,3.75259900037,114,6,4.47045675127e-05,1.3335555926e-05
f8,3.75269075259,94,14,3.68616609315e-05,3.11162971606e-05
f8,3.75278271263,101,17,3.9606678235e-05,3.77840751236e-05
f8,3.75287488143,89,17,3.49009342862e-05,3.77840751236e-05
f8,3.75296725994,95,10,3.72538062606e-05,2.22259265433e-05
f8,3.75305984912,99,14,3.88223875768e-05,3.11162971606e-05
f8,3.75315264994,107,18,4.19595502093e-05,4.0006667778e-05
f8,3.75324566336,112,24,4.39202768546e-05,5.3342223704e-05
f8,3.75333889036,103,16,4.03909688931e-05,3.55614824693e-05
f8,3.75343233191,108,15,4.23516955384e-05,3.3338889815e-05
f8,3.75352598902,95,14,3.72538062606e-05,3.11162971606e-05
f8,3.75361986268,108,13,4.23516955384e-05,2.88937045063e-05
f8,3.75371395389,104,21,4.07831142221e-05,4.6674445741e-05
f8,3.75380826367,116,18,4.54888581708e-05,4.0006667778e-05
f8,3.75390279302,115,17,4.50967128418e-05,3.77840751236e-05
f8,3.75399754298,110,16,4.31359861965e-05,3.55614824693e-05
f8,3.75409251458,111,19,4.35281315255e-05,4.22292604323e-05
f8,3.75418770885,95,9,3.72538062606e-05,2.0003333889e-05
f8,3.75428312685,126,13,4.94103114614e-05,2.88937045063e-05
f8,3.75437876962,114,20,4.47045675127e-05,4.44518530866e-05
f8,3.75447463824,111,14,4.35281315255e-05,3.11162971606e-05
f8,3.75457073376,102,20,3.9998823564e-05,4.44518530866e-05
f8,3.75466705727,98,13,3.84302422478e-05,2.88937045063e-05
f8,3.75476360984,106,15,4.15674048802e-05,3.3338889815e-05
f8,3.75486039258,84,19,3.2940207641e-05,4.22292604323e-05
f8,3.75495740658,112,21,4.39202768546e-05,4.6674445741e-05
f8,3.75505465295,115,16,4.50967128418e-05,3.55614824693e-05
f8,3.7551521328,90,15,3.52930796153e-05,3.3338889815e-05
f8,3.75524984726,94,14,3.68616609315e-05,3.11162971606e-05
f8,3.75534779746,111,19,4.35281315255e-05,4.22292604323e-05
f8,3.75544598455,104,14,4.07831142221e-05,3.11162971606e-05
f8,3.75554440966,113,23,4.43124221837e-05,5.11196310496e-05
f8,3.75564307396,100,20,3.92145329059e-05,4.44518530866e-05
f8,3.75574197861,109,21,4.27438408674e-05,4.6674445741e-05
f8,3.75584112479,108,13,4.23516955384e-05,2.88937045063e-05
f8,3.75594051367,126,20,4.94103114614e-05,4.44518530866e-05
f8,3.75604014646,115,16,4.50967128418e-05,3.55614824693e-05
f8,3.75614002434,99,21,3.88223875768e-05,4.6674445741e-05
f8,3.75624014853,96,20,3.76459515897e-05,4.44518530866e-05
f8,3.75634052025,109,18,4.27438408674e-05,4.0006667778e-05
f8,3.75644114072,119,15,4.6665294158e-05,3.3338889815e-05
f8,3.75654201118,94,23,3.68616609315e-05,5.11196310496e-05
f8,3.75664313287,114,23,4.47045675127e-05,5.11196310496e-05
f8,3.75674450706,126,11,4.94103114614e-05,2.44485191976e-05
f8,3.75684613499,117,22,4.58810034999e-05,4.88970383953e-05
f8,3.75694801796,111,16,4.35281315255e-05,3.55614824693e-05
f8,3.75705015723,104,13,4.07831142221e-05,2.88937045063e-05
f8,3.7571525541,113,22,4.43124221837e-05,4.88970383953e-05
f8,3.75725520988,117,15,4.58810034999e-05,3.3338889815e-05
f8,3.75735812588,124,17,4.86260208033e-05,3.77840751236e-05
f8,3.75746130342,123,23,4.82338754743e-05,5.11196310496e-05
f8,3.75756474383,124,20,4.86260208033e-05,4.44518530866e-05
f8,3.75766844845,142,18,5.56846367264e-05,4.0006667778e-05
f8,3.75777241865,110,25,4.31359861965e-05,5.55648163583e-05
f8,3.75787665578,126,12,4.94103114614e-05,2.6671111852e-05
f8,3.75798116121,110,13,4.31359861965e-05,2.88937045063e-05
f8,3.75808593634,118,21,4.6273148829e-05,4.6674445741e-05
f8,3.75819098256,126,24,4.94103114614e-05,5.3342223704e-05
f8,3.75829630126,136,15,5.3331764752e-05,3.3338889815e-05
f8,3.75840189388,131,21,5.13710381067e-05,4.6674445741e-05
f8,3.75850776184,140,27,5.49003460683e-05,6.00100016669e-05
f8,3.75861390658,128,24,5.01946021195e-05,5.3342223704e-05
f8,3.75872032955,119,15,4.6665294158e-05,3.3338889815e-05
f8,3.75882703221,140,26,5.49003460683e-05,5.77874090126e-05
f8,3.75893401604,136,18,5.3331764752e-05,4.0006667778e-05
f8,3.75904128252,152,21,5.9606090017e-05,4.6674445741e-05
f8,3.75914883315,123,17,4.82338754743e-05,3.77840751236e-05
f8,3.75925666944,145,16,5.68610727135e-05,3.55614824693e-05
f8,3.75936479291,133,26,5.21553287648e-05,5.77874090126e-05
f8,3.75947320509,139,26,5.45082007392e-05,5.77874090126e-05
f8,3.75958190754,130,16,5.09788927777e-05,3.55614824693e-05
f8,3.7596909018,142,23,5.56846367264e-05,5.11196310496e-05
f8,3.75980018946,119,26,4.6665294158e-05,5.77874090126e-05
f8,3.75990977209,149,23,5.84296540298e-05,5.11196310496e-05
f8,3.76001965129,144,25,5.64689273845e-05,5.55648163583e-05
f8,3.76012982866,140,13,5.49003460683e-05,2.88937045063e-05
f8,3.76024030585,149,24,5.84296540298e-05,5.3342223704e-05
f8,3.76035108447,145,13,5.68610727135e-05,2.88937045063e-05
f8,3.76046216617,138,31,5.41160554101e-05,6.89003722843e-05
f8,3.76057355263,133,23,5.21553287648e-05,5.11196310496e-05
f8,3.76068524552,155,22,6.07825260041e-05,4.88970383953e-05
f8,3.76079724653,156,15,6.11746713332e-05,3.3338889815e-05
f8,3.76090955736,165,20,6.47039792947e-05,4.44518530866e-05
f8,3.76102217973,150,20,5.88217993588e-05,4.44518530866e-05
f8,3.76113511538,137,29,5.37239100811e-05,6.44551869756e-05
f8,3.76124836605,156,22,6.11746713332e-05,4.88970383953e-05
f8,3.76136193351,166,20,6.50961246238e-05,4.44518530866e-05
f8,3.76147581953,132,34,5.17631834358e-05,7.55681502473e-05
f8,3.7615900259,142,20,5.56846367264e-05,4.44518530866e-05
f8,3.76170455444,185,19,7.25468858759e-05,4.22292604323e-05
f8,3.76181940696,161,30,6.31353979785e-05,6.66777796299e-05
f8,3.7619345853,141,31,5.52924913973e-05,6.89003722843e-05
f8,3.76205009132,144,25,5.64689273845e-05,5.55648163583e-05
f8,3.76216592689,146,24,5.72532180426e-05,5.3342223704e-05
f8,3.76228209389,170,24,6.666470594e-05,5.3342223704e-05
f8,3.76239859423,148,18,5.80375087007e-05,4.0006667778e-05
f8,3.76251542982,131,24,5.13710381067e-05,5.3342223704e-05
f8,3.7626326026,171,26,6.70568512691e-05,5.77874090126e-05
f8,3.76275011451,151,26,5.92139446879e-05,5.77874090126e-05
f8,3.76286796754,158,28,6.19589619913e-05,6.22325943213e-05
f8,3.76298616366,158,12,6.19589619913e-05,2.6671111852e-05
f8,3.76310470488,143,24,5.60767820554e-05,5.3342223704e-05
f8,3.76322359322,152,25,5.9606090017e-05,5.55648163583e-05
f8,3.76334283072,180,31,7.05861592306e-05,6.89003722843e-05
f8,3.76346241944,174,24,6.82332872563e-05,5.3342223704e-05
f8,3.76358236144,146,31,5.72532180426e-05,6.89003722843e-05
f8,3.76370265883,172,24,6.74489965981e-05,5.3342223704e-05
f8,3.76382331372,144,25,5.64689273845e-05,5.55648163583e-05
f8,3.76394432823,166,28,6.50961246238e-05,6.22325943213e-05
f8,3.76406570452,179,28,7.01940139016e-05,6.22325943213e-05
f8,3.76418744476,160,28,6.27432526494e-05,6.22325943213e-05
f8,3.76430955114,177,22,6.94097232434e-05,4.88970383953e-05
f8,3.76443202586,176,26,6.90175779144e-05,5.77874090126e-05
f8,3.76455487115,193,36,7.56840485084e-05,8.00133355559e-05
f8,3.76467808927,201,31,7.88212111408e-05,6.89003722843e-05
f8,3.76480168249,156,17,6.11746713332e-05,3.77840751236e-05
f8,3.76492565308,151,28,5.92139446879e-05,6.22325943213e-05
f8,3.76505000338,172,33,6.74489965981e-05,7.33455575929e-05
f8,3.7651747357,208,23,8.15662284443e-05,5.11196310496e-05
f8,3.76529985241,175,28,6.86254325853e-05,6.22325943213e-05
f8,3.76542535587,198,22,7.76447751537e-05,4.88970383953e-05
f8,3.7655512485,197,36,7.72526298246e-05,8.00133355559e-05
f8,3.7656775327,163,31,6.39196886366e-05,6.89003722843e-05
f8,3.76580421093,180,25,7.05861592306e-05,5.55648163583e-05
f8,3.76593128565,187,24,7.3331176534e-05,5.3342223704e-05
f8,3.76605875935,193,32,7.56840485084e-05,7.11229649386e-05
f8,3.76618663454,193,36,7.56840485084e-05,8.00133355559e-05
f8,3.76631491376,192,21,7.52919031793e-05,4.6674445741e-05
f8,3.76644359957,183,30,7.17625952178e-05,6.66777796299e-05
f8,3.76657269455,184,25,7.21547405468e-05,5.55648163583e-05
f8,3.76670220133,191,29,7.48997578503e-05,6.44551869756e-05
f8,3.76683212252,163,25,6.39196886366e-05,5.55648163583e-05
f8,3.7669624608,184,31,7.21547405468e-05,6.89003722843e-05
f8,3.76709321885,185,30,7.25468858759e-05,6.66777796299e-05
f8,3.76722439938,212,30,8.31348097605e-05,6.66777796299e-05
f8,3.76735600514,178,20,6.98018685725e-05,4.44518530866e-05
f8,3.76748803888,208,34,8.15662284443e-05,7.55681502473e-05
f8,3.7676205034,172,34,6.74489965981e-05,7.55681502473e-05
f8,3.76775340152,209,31,8.19583737733e-05,6.89003722843e-05
f8,3.76788673608,194,33,7.60761938374e-05,7.33455575929e-05
f8,3.76802050997,192,31,7.52919031793e-05,6.89003722843e-05
f8,3.76815472609,218,26,8.54876817349e-05,5.77874090126e-05
f8,3.76828938738,210,33,8.23505191024e-05,7.33455575929e-05
f8,3.76842449678,195,33,7.64683391665e-05,7.33455575929e-05
f8,3.76856005731,211,42,8.27426644314e-05,9.33488914819e-05
f8,3.76869607197,198,38,7.76447751537e-05,8.44585208646e-05
f8,3.76883254383,185,29,7.25468858759e-05,6.44551869756e-05
f8,3.76896947596,221,35,8.6664117722e-05,7.77907429016e-05
f8,3.76910687149,210,37,8.23505191024e-05,8.22359282103e-05
f8,3.76924473355,228,31,8.94091350254e-05,6.89003722843e-05
f8,3.76938306534,210,37,8.23505191024e-05,8.22359282103e-05
f8,3.76952187005,234,30,9.17620069998e-05,6.66777796299e-05
f8,3.76966115094,219,26,8.58798270639e-05,5.77874090126e-05
f8,3.76980091128,218,43,8.54876817349e-05,9.55714841362e-05
f8,3.76994115439,209,38,8.19583737733e-05,8.44585208646e-05
f8,3.77008188361,235,34,9.21541523289e-05,7.55681502473e-05
f8,3.77022310232,246,41,9.64677509485e-05,9.11262988276e-05
f8,3.77036481394,213,41,8.35269550896e-05,9.11262988276e-05
f8,3.77050702193,259,37,0.000101565640226,8.22359282103e-05
f8,3.77064972978,240,41,9.41148789741e-05,9.11262988276e-05
f8,3.770792941,235,41,9.21541523289e-05,9.11262988276e-05
f8,3.77093665916,209,31,8.19583737733e-05,6.89003722843e-05
f8,3.77108088787,215,32,8.43112457477e-05,7.11229649386e-05
f8,3.77122563077,249,43,9.76441869357e-05,9.55714841362e-05
f8,3.77137089153,216,44,8.47033910767e-05,9.77940767906e-05
f8,3.77151667387,209,48,8.19583737733e-05,0.000106684447408
f8,3.77166298156,239,51,9.37227336451e-05,0.000113352225371
f8,3.77180981839,226,41,8.86248443673e-05,9.11262988276e-05
f8,3.7719571882,242,41,9.48991696323e-05,9.11262988276e-05
f8,3.77210509488,222,39,8.70562630511e-05,8.66811135189e-05
f8,3.77225354236,253,40,9.92127682519e-05,8.89037061733e-05
f8,3.7724025346,262,55,0.000102742076213,0.000122242595988
f8,3.77255207561,267,42,0.000104702802859,9.33488914819e-05
f8,3.77270216946,276,52,0.00010823211082,0.000115574818025
f8,3.77285282024,254,41,9.9604913581e-05,9.11262988276e-05
f8,3.77300403211,248,42,9.72520416066e-05,9.33488914819e-05
f8,3.77315580925,247,35,9.68598962776e-05,7.77907429016e-05
f8,3.77330815592,280,39,0.000109800692137,8.66811135189e-05
f8,3.7734610764,267,29,0.000104702802859,6.44551869756e-05
f8,3.77361457503,238,39,9.3330588316e-05,8.66811135189e-05
f8,3.7737686562,253,50,9.92127682519e-05,0.000111129632717
f8,3.77392332434,269,30,0.000105487093517,6.66777796299e-05
f8,3.77407858395,248,32,9.72520416066e-05,7.11229649386e-05
f8,3.77423443957,287,42,0.00011254570944,9.33488914819e-05
f8,3.7743908958,263,45,0.000103134221543,0.000100016669445
f8,3.77454795727,250,38,9.80363322647e-05,8.44585208646e-05
f8,3.77470562868,264,40,0.000103526366872,8.89037061733e-05
f8,3.77486391481,298,38,0.00011685930806,8.44585208646e-05
f8,3.77502282045,281,38,0.000110192837466,8.44585208646e-05
f8,3.77518235047,286,51,0.000112153564111,0.000113352225371
f8,3.77534250981,278,38,0.000109016401478,8.44585208646e-05
f8,3.77550330344,280,37,0.000109800692137,8.22359282103e-05
f8,3.77566473641,286,52,0.000112153564111,0.000115574818025
f8,3.77582681383,289,44,0.000113330000098,9.77940767906e-05
f8,3.77598954086,276,55,0.00010823211082,0.000122242595988
f8,3.77615292273,267,47,0.000104702802859,0.000104461854754
f8,3.77631696473,312,43,0.000122349342666,9.55714841362e-05
f8,3.77648167221,284,50,0.000111369273453,0.000111129632717
f8,3.7766470506,270,56,0.000105879238846,0.000124465188643
f8,3.77681310539,296,39,0.000116075017401,8.66811135189e-05
f8,3.77697984213,309,49,0.000121172906679,0.000108907040062
f8,3.77714726645,320,46,0.000125486505299,0.000102239262099
f8,3.77731538403,312,34,0.000122349342666,7.55681502473e-05
f8,3.77748420066,310,54,0.000121565052008,0.000120020003334
f8,3.77765372215,338,61,0.000132545121222,0.000135578151914
f8,3.77782395443,326,43,0.000127839377273,9.55714841362e-05
f8,3.77799490348,349,51,0.000136858719842,0.000113352225371
f8,3.77816657536,327,49,0.000128231522602,0.000108907040062
f8,3.77833897621,316,62,0.000123917923983,0.000137800744569
f8,3.77851211225,306,62,0.000119996470692,0.000137800744569
f8,3.77868598977,322,45,0.000126270795957,0.000100016669445
f8,3.77886061515,348,47,0.000136466574513,0.000104461854754
f8,3.77903599486,302,50,0.000118427889376,0.000111129632717
f8,3.77921213544,333,61,0.000130584394577,0.000135578151914
f8,3.77938904351,343,48,0.000134505847867,0.000106684447408
f8,3.77956672581,338,42,0.000132545121222,9.33488914819e-05
f8,3.77974518912,334,57,0.000130976539906,0.000126687781297
f8,3.77992444036,336,65,0.000131760830564,0.000144468522532
f8,3.78010448651,323,72,0.000126662941286,0.000160026671112
f8,3.78028533464,322,56,0.000126270795957,0.000124465188643
f8,3.78046699194,327,65,0.000128231522602,0.000144468522532
f8,3.78064946569,316,46,0.000123917923983,0.000102239262099
f8,3.78083276324,395,67,0.000154897404978,0.00014891370784
f8,3.78101689208,342,57,0.000134113702538,0.000126687781297
f8,3.78120185977,385,47,0.000150975951688,0.000104461854754
f8,3.78138767401,331,77,0.000129800103919,0.000171139634384
f8,3.78157434256,397,76,0.000155681695636,0.000168917041729
f8,3.78176187333,374,55,0.000146662353068,0.000122242595988
f8,3.78195027432,365,63,0.000143133045107,0.000140023337223
f8,3.78213955363,406,67,0.000159211003598,0.00014891370784
f8,3.7823297195,358,62,0.000140388027803,0.000137800744569
f8,3.78252078027,429,53,0.000168230346166,0.00011779741068
f8,3.78271274441,388,76,0.000152152387675,0.000168917041729
f8,3.78290562049,389,71,0.000152544533004,0.000157804078458
f8,3.78309941723,387,61,0.000151760242346,0.000135578151914
f8,3.78329414345,399,61,0.000156465986295,0.000135578151914
f8,3.78348980811,383,69,0.00015019166103,0.000153358893149
f8,3.78368642031,396,58,0.000155289550307,0.000128910373951
f8,3.78388398926,403,67,0.000158034567611,0.00014891370784
f8,3.78408252432,400,62,0.000156858131624,0.000137800744569
f8,3.78428203499,419,58,0.000164308892876,0.000128910373951
f8,3.7844825309,436,65,0.00017097536347,0.000144468522532
f8,3.78468402183,431,80,0.000169014636824,0.000177807412347
f8,3.78488651771,423,57,0.000165877474192,0.000126687781297
f8,3.78509002861,429,64,0.000168230346166,0.000142245929877
f8,3.78529456475,439,80,0.000172151799457,0.000177807412347
f8,3.78550013653,401,53,0.000157250276953,0.00011779741068
f8,3.78570675448,418,67,0.000163916747547,0.00014891370784
f8,3.7859144293,443,89,0.000173720380773,0.000197810746235
f8,3.78612317186,447,69,0.000175288962089,0.000153358893149
f8,3.7863329932,454,66,0.000178033979393,0.000146691115186
f8,3.78654390453,460,52,0.000180386851367,0.000115574818025
f8,3.78675591723,497,80,0.000194896228542,0.000177807412347
f8,3.78696904286,438,67,0.000171759654128,0.00014891370784
f8,3.78718329317,494,89,0.000193719792555,0.000197810746235
f8,3.78739868009,490,94,0.000192151211239,0.000208923709507
f8,3.78761521574,472,90,0.000185092595316,0.00020003333889
f8,3.78783291245,471,89,0.000184700449987,0.000197810746235
f8,3.78805178274,491,69,0.000192543356568,0.000153358893149
f8,3.78827183931,492,85,0.000192935501897,0.000188920375618
f8,3.78849309512,490,80,0.000192151211239,0.000177807412347
f8,3.78871556328,511,75,0.000200386263149,0.000166694449075
f8,3.78893925718,510,83,0.00019999411782,0.000184475190309
f8,3.78916419038,528,72,0.000207052733743,0.000160026671112
f8,3.7893903767,520,90,0.000203915571111,0.00020003333889
f8,3.78961783018,546,80,0.000214111349666,0.000177807412347
f8,3.78984656509,520,102,0.000203915571111,0.000226704450742
f8,3.79007659595,522,65,0.000204699861769,0.000144468522532
f8,3.79030793754,505,91,0.000198033391175,0.000202255931544
f8,3.79054060488,492,78,0.000192935501897,0.000173362227038
f8,3.79077461325,494,84,0.000193719792555,0.000186697782964
f8,3.79100997819,508,89,0.000199209827162,0.000197810746235
f8,3.79124671553,524,85,0.000205484152427,0.000188920375618
f8,3.79148484137,553,92,0.00021685636697,0.000204478524198
f8,3.79172437209,560,87,0.000219601384273,0.000193365560927
f8,3.79196532437,546,91,0.000214111349666,0.000202255931544
f8,3.79220771517,600,84,0.000235287197435,0.000186697782964
f8,3.79245156179,575,104,0.000225483564209,0.00023114963605
f8,3.7926968818,571,85,0.000223914982893,0.000188920375618
f8,3.79294369313,573,107,0.000224699273551,0.000237817414013
f8,3.79319201403,618,91,0.000242345813358,0.000202255931544
f8,3.79344186306,614,81,0.000240777232042,0.000180030005001
f8,3.79369325915,644,113,0.000252541591914,0.000251152969939
f8,3.79394622158,641,99,0.000251365155927,0.000220036672779
f8,3.79420077,593,109,0.000232542180132,0.000242262599322
f8,3.79445692441,638,113,0.00025018871994,0.000251152969939
f8,3.7947147052,622,108,0.000243914394675,0.000240040006668
f8,3.79497413317,631,109,0.000247443702636,0.000242262599322
f8,3.7952352295,670,111,0.000262737370469,0.000246707784631
f8,3.79549801579,729,112,0.000285873944884,0.000248930377285
f8,3.79576251405,628,111,0.000246267266649,0.000246707784631
f8,3.79602874673,624,93,0.000244698685333,0.000206701116853
f8,3.79629673674,650,108,0.000254894463888,0.000240040006668
f8,3.79656650743,698,123,0.000273717439683,0.000273378896483
f8,3.79683808262,696,107,0.000272933149025,0.000237817414013
f8,3.79711148661,717,120,0.000281168200935,0.00026671111852
f8,3.7973867442,684,110,0.000268227405076,0.000244485191976
f8,3.7976638807,723,115,0.00028352107291,0.000255598155248
f8,3.79794292193,712,134,0.00027920747429,0.00029782741568
f8,3.79822389426,678,108,0.000265874533102,0.000240040006668
f8,3.79850682459,762,120,0.000298814740743,0.00026671111852
f8,3.79879174042,752,137,0.000294893287452,0.000304495193643
f8,3.79907866981,735,111,0.000288226816858,0.000246707784631
f8,3.79936764142,779,118,0.000305481211337,0.000262265933211
f8,3.79965868452,776,118,0.00030430477535,0.000262265933211
f8,3.79995182904,770,95,0.000301951903375,0.000211146302161
f8,3.80024710553,819,118,0.000321167024499,0.000262265933211
f8,3.80054454525,796,129,0.000312147681931,0.000286714452409
f8,3.80084418011,797,169,0.00031253982726,0.000375618158582
f8,3.80114604275,821,128,0.000321951315157,0.000284491859754
f8,3.80145016657,802,131,0.000314500553905,0.000291159637717
f8,3.80175658568,787,139,0.000308618373969,0.000308940378952
f8,3.80206533499,875,148,0.000343127162927,0.000328943712841
f8,3.80237645022,838,157,0.000328617785751,0.00034894704673
f8,3.80268996791,847,157,0.000332147093713,0.00034894704673
f8,3.80300592546,857,136,0.000336068547004,0.000302272600989
f8,3.80332436112,918,161,0.000359989412076,0.000357837417347
f8,3.80364531409,873,143,0.000342342872268,0.000317830749569
f8,3.80396882448,922,140,0.000361557993392,0.000311162971606
f8,3.80429493338,863,134,0.000338421418978,0.00029782741568
f8,3.80462368286,914,191,0.00035842083076,0.000424515196977
f8,3.80495511604,905,167,0.000354891522798,0.000371172973273
f8,3.8052892771,965,140,0.000378420242542,0.000311162971606
f8,3.80562621131,963,153,0.000377635951884,0.000340056676113
f8,3.80596596508,903,170,0.00035410723214,0.000377840751236
f8,3.80630858601,961,186,0.000376851661226,0.000413402233706
f8,3.8066541229,976,169,0.000382733841162,0.000375618158582
f8,3.8070026258,1026,157,0.000402341107614,0.00034894704673
f8,3.80735414609,1010,163,0.00039606678235,0.000362282602656
f8,3.80770873646,1074,180,0.000421164083409,0.00040006667778
f8,3.80806645101,1062,162,0.000416458339461,0.000360060010002
f8,3.80842734529,1088,177,0.000426654118016,0.000393398899817
f8,3.80879147633,1146,170,0.000449398547102,0.000377840751236
f8,3.80915890273,1116,171,0.00043763418723,0.000380063343891
f8,3.80952968466,1125,178,0.000441163495191,0.000395621492471
f8,3.80990388398,1105,175,0.00043332058861,0.000388953714508
f8,3.81028156428,1125,168,0.000441163495191,0.000373395565928
f8,3.81066279092,1184,166,0.000464300069606,0.000368950380619
f8,3.81104763114,1185,192,0.000464692214935,0.000426737789632
f8,3.8114361541,1146,211,0.000449398547102,0.000468967050064
f8,3.81182843096,1202,179,0.000471358685529,0.000397844085125
f8,3.81222453497,1164,210,0.000456457163025,0.00046674445741
f8,3.81262454155,1239,184,0.000485868062704,0.000408957048397
f8,3.81302852836,1262,222,0.000494887405272,0.000493415569262
f8,3.8134365754,1236,212,0.000484691626717,0.000471189642718
f8,3.81384876513,1280,240,0.000501946021195,0.00053342223704
f8,3.81426518251,1261,225,0.000494495259943,0.000500083347225
f8,3.81468591518,1349,181,0.000529004048901,0.000402289270434
f8,3.81511105351,1295,208,0.000507828201131,0.000462299272101
f8,3.81554069074,1342,224,0.000526259031597,0.00049786075457
f8,3.8159749231,1385,244,0.000543121280747,0.000542312607657
f8,3.81641384996,1419,222,0.000556454221935,0.000493415569262
f8,3.81685757393,1435,252,0.0005627285472,0.000560093348891
f8,3.81730620103,1510,242,0.000592139446879,0.000537867422348
f8,3.81775984082,1510,250,0.000592139446879,0.000555648163583
f8,3.8182186066,1519,267,0.000595668754841,0.000593432238706
f8,3.81868261553,1547,249,0.000606648824054,0.000553425570928
f8,3.81915198884,1562,253,0.00061253100399,0.000562315941546
f8,3.81962685202,1588,246,0.000622726782546,0.000546757792965
f8,3.82010733502,1595,268,0.000625471799849,0.000595654831361
f8,3.82059357243,1643,281,0.000644294775644,0.000624548535867
f8,3.82108570378,1641,268,0.000643510484986,0.000595654831361
f8,3.8215838737,1685,301,0.000660764879464,0.000669000388954
f8,3.82208823223,1734,298,0.000679980000588,0.000662332610991
f8,3.82259893506,1742,290,0.000683117163221,0.000644551869756
f8,3.82311614382,1774,282,0.000695665813751,0.000626771128521
f8,3.82364002644,1798,323,0.000705077301648,0.000717897427349
f8,3.82417075738,1911,315,0.000749389723832,0.000700116686114
f8,3.82470851808,1916,296,0.000751350450477,0.000657887425682
f8,3.82525349726,1904,317,0.000746644706528,0.000704561871423
f8,3.82580589135,1973,342,0.000773702734233,0.000760126687781
f8,3.82636590491,2032,322,0.000796839308648,0.000715674834695
f8,3.82693375107,2012,357,0.000788996402067,0.000793465577596
f8,3.82750965207,2140,381,0.000839191004186,0.0008468078013
f8,3.82809383969,2132,351,0.000836053841554,0.00078013002167
f8,3.8286865559,2241,350,0.000878797682421,0.000777907429016
f8,3.8292880534,2203,404,0.000863896159917,0.00089792743235
f8,3.82989859633,2270,355,0.000890169896964,0.000789020392288
f8,3.83051846087,2271,372,0.000890562042293,0.000826804467411
f8,3.83114793611,2362,407,0.000926247267237,0.000904595210313
f8,3.83178732474,2443,423,0.000958011038891,0.000940156692782
f8,3.83243694403,2397,389,0.000939972353754,0.000864588542535
f8,3.83309712669,2524,450,0.000989774810545,0.00100016669445
f8,3.83376822196,2574,459,0.001009382077,0.00102017002834
f8,3.83445059666,2657,468,0.00104193013931,0.00104017336223
f8,3.83514463645,2822,449,0.0011066341186,0.000997944101795
f8,3.83585074711,2833,430,0.00111094771722,0.000955714841362
f8,3.83656935594,2791,482,0.0010944776134,0.00107128965939
f8,3.83730091338,2953,507,0.00115800515671,0.00112685447575
f8,3.83804589463,2988,477,0.00117173024323,0.00106017669612
f8,3.83880480157,3085,509,0.00120976834015,0.00113129966105
f8,3.83957816475,3129,559,0.00122702273463,0.00124242929377
f8,3.84036654562,3279,547,0.00128584453398,0.00121575818192
f8,3.84117053901,3318,576,0.00130113820182,0.00128021336889
f8,3.84199077578,3450,561,0.00135290138525,0.00124687447908
f8,3.84282792583,3502,644,0.00137329294236,0.00143134966939
f8,3.84368270138,3586,616,0.00140623315001,0.00136911707507
f8,3.84455586061,3717,614,0.00145760418811,0.00136467188976
f8,3.84544821168,3821,635,0.00149838730233,0.0014113463355
f8,3.84636061725,3943,705,0.00154622903248,0.0015669278213
f8,3.84729399949,4250,691,0.0016666176485,0.00153581152414
f8,3.84824934566,4157,687,0.0016301481329,0.00152692115353
f8,3.84922771443,4403,740,0.00172661588385,0.00164471856421
f8,3.85023024288,4473,785,0.00175406605688,0.00174473523365
f8,3.85125815447,4671,809,0.00183171083203,0.00179807745735
f8,3.85231276803,4770,879,0.00187053321961,0.00195365894316
f8,3.85339550791,4995,864,0.00195876591865,0.00192032005334
f8,3.85450791555,5294,927,0.00207601737204,0.00206034339057
f8,3.85565166271,5356,933,0.00210033038244,0.00207367894649
f8,3.85682856654,5565,961,0.00218228875621,0.00213591154081
f8,3.85804060697,5839,952,0.00228973657638,0.00211590820692
f8,3.85928994675,6051,999,0.00237287138614,0.00222037006168
f8,3.86057895468,6308,1049,0.0024736527357,0.00233149969439
f8,3.8619102326,6680,1214,0.00261953079811,0.00269822748236
f8,3.8632866471,6795,1191,0.00266462751096,0.00264710785131
f8,3.86471136659,7261,1251,0.0028473672343,0.00278046341057
f8,3.86618790528,7602,1340,0.00298108879151,0.0029782741568
f8,3.8677201754,7743,1409,0.0030363812829,0.00313163304995
f8,3.86931254965,8409,1442,0.00329755007206,0.00320497860755
f8,3.87096993648,8979,1554,0.00352107290962,0.00345390898483
f8,3.87269787126,9336,1602,0.00366106879209,0.00356059343224
f8,3.8745026279,9865,1713,0.00386851367117,0.00380730121687
f8,3.87639135631,10479,1799,0.00410929090321,0.00399844418514
f8,3.87837225353,11251,2021,0.00441202709724,0.0044918597544
f8,3.88045477868,12271,2089,0.00481201533288,0.0046429960549
f8,3.8826499262,12945,2218,0.00507632128467,0.00492971050731
f8,3.88497057719,13794,2468,0.00540925266904,0.00548535867089
f8,3.8874319574,15066,2689,0.0059080615276,0.0059765516475
f8,3.89005224325,15940,2801,0.0062507965452,0.00622548202478
f8,3.89285337724,18246,3294,0.00715508367401,0.00732122020337
f8,3.89586218605,19417,3401,0.00761428585434,0.00755903761738
f8,3.89911194713,21850,3915,0.00856837543994,0.00870145024171
f8,3.90264463855,24903,4307,0.00976559512956,0.0095727065622
f8,3.90651426418,28110,4975,0.0110232051998,0.0110573984553
f8,3.91079193685,31238,5480,0.0122498357891,0.0121798077457
f8,3.91557396805,41811,7353,0.0163959883533,0.0163427237873
f8,3.92099538789,44795,7957,0.0175661500152,0.0176851697505
f8,3.92725395778,61957,11177,0.0242961481525,0.0248419180975
f8,3.93465627483,96957,17665,0.0380212346696,0.0392620992388
f8,3.9437159787,150750,27542,0.0591159083556,0.0612146468856
f8,3.95539596843,173594,31346,0.0680740762527,0.0696693893427
f8,3.97185798935,1331501,236307,0.522141897787,0.525214202367
f9,13.1900559347,2024292,360399,0.793816652451,0.801020170028
f9,16.2260440331,82957,14648,0.0325312000627,0.0325565372006
f9,18.3801118693,62048,11024,0.0243318333774,0.0245018614213
f9,20.0509366888,36230,6333,0.0142074252718,0.0140756792799
f9,21.4160999678,25704,4501,0.0100797035381,0.0100038895371
f9,22.570329074,19461,3415,0.00763154024882,0.00759015391454
f9,23.570167804,17598,3067,0.00690097350078,0.00681669167083
f9,24.4520880662,14478,2430,0.00567748007412,0.00540090015003
f9,25.2409926234,12936,2166,0.00507279197671,0.00481413568928
f9,25.9546436029,11617,2087,0.00455555228768,0.00463855086959
f9,26.6061559024,10438,1783,0.00409321294472,0.00396288270267
f9,27.20548912,9409,1607,0.00368969540112,0.00357170639551
f9,27.7603850086,8591,1512,0.00336892052195,0.00336056009335
f9,28.2769807219,7944,1393,0.00311520249404,0.00309607156748
f9,28.7602237387,7375,1221,0.00289207180181,0.00271378563094
f9,29.214160777,7030,1143,0.00275678166328,0.0025404234039
f9,29.6421440009,6379,1061,0.00250149505407,0.00235817080625
f9,30.0469814012,6031,998,0.00236502847955,0.00221814746902
f9,30.4310485581,5721,953,0.00224346342755,0.00211813079958
f9,30.7963731071,5246,871,0.00205719439624,0.00193587820192
f9,31.1446995376,5035,822,0.00197445173181,0.00182697116186
f9,31.4775395759,4776,780,0.00187288609159,0.00173362227038
f9,31.7962118371,4486,747,0.00175916394616,0.00166027671279
f9,32.1018733775,4355,714,0.00170779290805,0.00158693115519
f9,32.3955450547,3986,669,0.00156309128163,0.00148691448575
f9,32.6781320993,3777,670,0.00148113290786,0.0014891370784
f9,32.9504409433,3722,631,0.00145956491476,0.00140245596488
f9,33.2131930943,3495,596,0.00137054792506,0.00132466522198
f9,33.4670366565,3315,553,0.00129996176583,0.00122909373785
f9,33.7125559623,3274,504,0.00128388380734,0.00112018669778
f9,33.9502796734,3006,473,0.00117878885915,0.0010512863255
f9,34.180687636,2962,479,0.00116153446467,0.00106462188142
f9,34.4042167117,2916,451,0.00114349577954,0.0010023892871
f9,34.6212657627,2616,460,0.00102585218082,0.00102239262099
f9,34.8321999356,2533,450,0.000993304118506,0.00100016669445
f9,35.0373543567,2560,402,0.00100389204239,0.000893482247041
f9,35.2370373359,2413,385,0.000946246679019,0.000855698171918
f9,35.4315331531,2321,387,0.000910169308746,0.000860143357226
f9,35.6211044928,2300,372,0.000901934256836,0.000826804467411
f9,35.8059945769,2231,381,0.000874876229131,0.0008468078013
f9,35.9864290417,2040,370,0.00079997647128,0.000822359282103
f9,36.1626175933,2020,349,0.000792133564699,0.000775684836362
f9,36.3347554723,2047,311,0.000802721488584,0.000691226315497
f9,36.503024755,1952,292,0.000765467682323,0.000648997055065
f9,36.6675955106,1803,277,0.000707038028293,0.00061565816525
f9,36.8286268343,1803,284,0.000707038028293,0.00063121631383
f9,36.9862677718,1743,287,0.00068350930855,0.000637884091793
f9,37.1406581479,1664,296,0.000652529827554,0.000657887425682
f9,37.2919293122,1639,236,0.000642726194328,0.000524531866422
f9,37.4402048101,1610,258,0.000631353979785,0.000573428904817
f9,37.5856009894,1541,229,0.00060429595208,0.000508973717842
f9,37.7282275485,1516,244,0.000594492318853,0.000542312607657
f9,37.868188034,1442,242,0.000565473564503,0.000537867422348
f9,38.0055802917,1427,245,0.000559591384567,0.000544535200311
f9,38.140496878,1376,245,0.000539591972785,0.000544535200311
f9,38.2730254343,1297,219,0.000508612491789,0.000486747791299
f9,38.403249029,1217,237,0.000477240865465,0.000526754459077
f9,38.5312464699,1257,185,0.000492926678627,0.000411179641051
f9,38.6570925912,1207,198,0.000473319412174,0.000440073345558
f9,38.7808585158,1164,210,0.000456457163025,0.00046674445741
f9,38.9026118969,1150,185,0.000450967128418,0.000411179641051
f9,39.0224171402,1138,191,0.000446261384469,0.000424515196977
f9,39.140335608,1105,195,0.00043332058861,0.000433405567595
f9,39.2564258088,1131,139,0.000443516367166,0.000308940378952
f9,39.3707435707,1101,167,0.000431752007294,0.000371172973273
f9,39.4833422032,1013,153,0.000397243218337,0.000340056676113
f9,39.5942726463,1014,166,0.000397635363666,0.000368950380619
f9,39.703583609,1017,174,0.000398811799653,0.000386731121854
f9,39.8113216974,979,161,0.000383910277149,0.000357837417347
f9,39.9175315343,919,153,0.000360381557405,0.000340056676113
f9,40.0222558702,904,145,0.000354499377469,0.000322275934878
f9,40.1255356864,964,133,0.000378028097213,0.000295604823026
f9,40.2274102914,894,145,0.000350577924179,0.000322275934878
f9,40.3279174106,831,127,0.000325872768448,0.0002822692671
f9,40.4270932706,875,126,0.000343127162927,0.000280046674446
f9,40.5249726769,828,145,0.000324696332461,0.000322275934878
f9,40.6215890878,802,128,0.000314500553905,0.000284491859754
f9,40.716974683,811,114,0.000318029861867,0.000253375562594
f9,40.8111604274,753,144,0.000295285432781,0.000320053342224
f9,40.9041761324,739,129,0.000289795398175,0.000286714452409
f9,40.9960505116,773,102,0.000303128339363,0.000226704450742
f9,41.0868112344,747,97,0.000292932560807,0.00021559148747
f9,41.1764849764,743,121,0.000291363979491,0.000268933711174
f9,41.2650974657,702,106,0.000275286020999,0.000235594821359
f9,41.3526735279,689,104,0.000270188131722,0.00023114963605
f9,41.4392371274,653,114,0.000256070899875,0.000253375562594
f9,41.5248114069,607,113,0.000238032214739,0.000251152969939
f9,41.6094187247,669,86,0.00026234522514,0.000191142968272
f9,41.6930806896,646,88,0.000253325882572,0.000195588153581
f9,41.775818194,584,112,0.00022901287217,0.000248930377285
f9,41.8576514452,597,101,0.000234110761448,0.000224481858087
f9,41.9385999954,598,97,0.000234502906777,0.00021559148747
f9,42.018682769,585,106,0.000229405017499,0.000235594821359
f9,42.09791809,612,84,0.000239992941384,0.000186697782964
f9,42.1763237065,549,83,0.000215287785653,0.000184475190309
f9,42.2539168149,570,100,0.000223522837564,0.000222259265433
f9,42.3307140826,551,82,0.000216072076311,0.000182252597655
f9,42.4067316691,483,89,0.000189406193935,0.000197810746235
f9,42.4819852469,538,103,0.000210974187034,0.000228927043396
f9,42.5564900204,484,76,0.000189798339265,0.000168917041729
f9,42.6302607448,519,80,0.000203523425782,0.000177807412347
f9,42.7033117433,493,73,0.000193327647226,0.000162249263766
f9,42.7756569241,496,88,0.000194504083213,0.000195588153581
f9,42.8473097958,501,63,0.000196464809859,0.000140023337223
f9,42.9182834832,453,49,0.000177641834064,0.000108907040062
f9,42.9885907412,443,82,0.000173720380773,0.000182252597655
f9,43.0582439687,442,69,0.000173328235444,0.000153358893149
f9,43.1272552218,474,60,0.000185876885974,0.00013335555926
f9,43.1956362263,414,65,0.00016234816623,0.000144468522532
f9,43.2633983898,446,71,0.00017489681676,0.000157804078458
f9,43.3305528127,428,85,0.000167838200837,0.000188920375618
f9,43.3971102994,405,66,0.000158818858269,0.000146691115186
f9,43.463081369,371,63,0.000145485917081,0.000140023337223
f9,43.5284762647,415,67,0.000162740311559,0.00014891370784
f9,43.5933049636,395,62,0.000154897404978,0.000137800744569
f9,43.6575771862,418,48,0.000163916747547,0.000106684447408
f9,43.7213024046,327,60,0.000128231522602,0.00013335555926
f9,43.7844898509,355,49,0.000139211591816,0.000108907040062
f9,43.8471485259,350,67,0.000137250865171,0.00014891370784
f9,43.9092872058,386,57,0.000151368097017,0.000126687781297
f9,43.9709144505,363,60,0.000142348754448,0.00013335555926
f9,44.03203861,324,53,0.000127055086615,0.00011779741068
f9,44.0926678316,304,45,0.000119212180034,0.000100016669445
f9,44.1528100663,325,51,0.000127447231944,0.000113352225371
f9,44.2124730748,343,59,0.000134505847867,0.000131132966606
f9,44.2716644341,347,65,0.000136074429183,0.000144468522532
f9,44.3303915427,362,42,0.000141956609119,9.33488914819e-05
f9,44.3886616264,301,49,0.000118035744047,0.000108907040062
f9,44.4464817435,337,40,0.000132152975893,8.89037061733e-05
f9,44.5038587902,300,53,0.000117643598718,0.00011779741068
f9,44.5607995054,296,41,0.000116075017401,9.11262988276e-05
f9,44.6173104752,279,35,0.000109408546807,7.77907429016e-05
f9,44.6733981379,310,39,0.000121565052008,8.66811135189e-05
f9,44.7290687881,305,39,0.000119604325363,8.66811135189e-05
f9,44.784328581,286,51,0.000112153564111,0.000113352225371
f9,44.8391835367,255,44,9.999705891e-05,9.77940767906e-05
f9,44.8936395437,267,39,0.000104702802859,8.66811135189e-05
f9,44.9477023631,244,37,9.56834602904e-05,8.22359282103e-05
f9,45.0013776321,264,40,0.000103526366872,8.89037061733e-05
f9,45.0546708674,289,47,0.000113330000098,0.000104461854754
f9,45.107587469,278,53,0.000109016401478,0.00011779741068
f9,45.1601327229,272,37,0.000106663529504,8.22359282103e-05
f9,45.2123118049,233,38,9.13698616707e-05,8.44585208646e-05
f9,45.264129783,258,51,0.000101173494897,0.000113352225371
f9,45.3155916211,263,33,0.000103134221543,7.33455575929e-05
f9,45.366702181,252,45,9.88206229229e-05,0.000100016669445
f9,45.417466226,261,35,0.000102349930884,7.77907429016e-05
f9,45.467888423,226,43,8.86248443673e-05,9.55714841362e-05
f9,45.5179733453,245,37,9.60756056194e-05,8.22359282103e-05
f9,45.5677254749,236,42,9.25462976579e-05,9.33488914819e-05
f9,45.6171492052,215,37,8.43112457477e-05,8.22359282103e-05
f9,45.6662488432,206,31,8.07819377861e-05,6.89003722843e-05
f9,45.7150286115,210,44,8.23505191024e-05,9.77940767906e-05
f9,45.763492651,213,35,8.35269550896e-05,7.77907429016e-05
f9,45.8116450225,221,24,8.6664117722e-05,5.3342223704e-05
f9,45.859489709,192,37,7.52919031793e-05,8.22359282103e-05
f9,45.9070306176,223,37,8.74484083801e-05,8.22359282103e-05
f9,45.9542715816,232,39,9.09777163417e-05,8.66811135189e-05
f9,46.0012163621,214,46,8.39191004186e-05,0.000102239262099
f9,46.0478686499,205,36,8.03897924571e-05,8.00133355559e-05
f9,46.0942320671,193,28,7.56840485084e-05,6.22325943213e-05
f9,46.1403101692,181,26,7.09783045597e-05,5.77874090126e-05
f9,46.1861064462,200,26,7.84290658118e-05,5.77874090126e-05
f9,46.2316243248,151,33,5.92139446879e-05,7.33455575929e-05
f9,46.2768671691,199,30,7.80369204827e-05,6.66777796299e-05
f9,46.321838283,197,27,7.72526298246e-05,6.00100016669e-05
f9,46.3665409111,197,24,7.72526298246e-05,5.3342223704e-05
f9,46.4109782401,193,41,7.56840485084e-05,9.11262988276e-05
f9,46.4551534004,160,33,6.27432526494e-05,7.33455575929e-05
f9,46.4990694674,168,27,6.58804152819e-05,6.00100016669e-05
f9,46.5427294626,168,30,6.58804152819e-05,6.66777796299e-05
f9,46.5861363549,159,21,6.23511073204e-05,4.6674445741e-05
f9,46.6292930621,157,28,6.15668166623e-05,6.22325943213e-05
f9,46.6722024515,146,27,5.72532180426e-05,6.00100016669e-05
f9,46.7148673416,159,14,6.23511073204e-05,3.11162971606e-05
f9,46.757290503,154,22,6.03903806751e-05,4.88970383953e-05
f9,46.7994746594,172,36,6.74489965981e-05,8.00133355559e-05
f9,46.8414224888,157,23,6.15668166623e-05,5.11196310496e-05
f9,46.8831366243,144,21,5.64689273845e-05,4.6674445741e-05
f9,46.9246196554,152,23,5.9606090017e-05,5.11196310496e-05
f9,46.9658741287,153,30,5.9998235346e-05,6.66777796299e-05
f9,47.0069025489,151,28,5.92139446879e-05,6.22325943213e-05
f9,47.0477073799,162,25,6.35275433075e-05,5.55648163583e-05
f9,47.0882910454,155,23,6.07825260041e-05,5.11196310496e-05
f9,47.12865593,150,20,5.88217993588e-05,4.44518530866e-05
f9,47.1688043799,127,19,4.98024567905e-05,4.22292604323e-05
f9,47.2087387037,141,29,5.52924913973e-05,6.44551869756e-05
f9,47.2484611733,157,20,6.15668166623e-05,4.44518530866e-05
f9,47.2879740246,141,19,5.52924913973e-05,4.22292604323e-05
f9,47.3272794585,130,28,5.09788927777e-05,6.22325943213e-05
f9,47.3663796411,140,20,5.49003460683e-05,4.44518530866e-05
f9,47.405276705,108,15,4.23516955384e-05,3.3338889815e-05
f9,47.4439727496,137,15,5.37239100811e-05,3.3338889815e-05
f9,47.4824698419,125,19,4.90181661324e-05,4.22292604323e-05
f9,47.5207700173,111,23,4.35281315255e-05,5.11196310496e-05
f9,47.55887528,133,20,5.21553287648e-05,4.44518530866e-05
f9,47.5967876038,115,14,4.50967128418e-05,3.11162971606e-05
f9,47.6345089327,121,20,4.74495848161e-05,4.44518530866e-05
f9,47.6720411815,127,20,4.98024567905e-05,4.44518530866e-05
f9,47.7093862363,95,18,3.72538062606e-05,4.0006667778e-05
f9,47.746545955,126,18,4.94103114614e-05,4.0006667778e-05
f9,47.7835221683,114,20,4.47045675127e-05,4.44518530866e-05
f9,47.8203166794,125,20,4.90181661324e-05,4.44518530866e-05
f9,47.8569312656,99,15,3.88223875768e-05,3.3338889815e-05
f9,47.893367678,101,16,3.9606678235e-05,3.55614824693e-05
f9,47.9296276421,117,22,4.58810034999e-05,4.88970383953e-05
f9,47.9657128587,134,21,5.25474740939e-05,4.6674445741e-05
f9,48.0016250041,102,19,3.9998823564e-05,4.22292604323e-05
f9,48.0373657305,96,13,3.76459515897e-05,2.88937045063e-05
f9,48.0729366666,106,15,4.15674048802e-05,3.3338889815e-05
f9,48.1083394179,103,21,4.03909688931e-05,4.6674445741e-05
f9,48.1435755674,123,20,4.82338754743e-05,4.44518530866e-05
f9,48.1786466758,97,25,3.80380969187e-05,5.55648163583e-05
f9,48.213554282,103,20,4.03909688931e-05,4.44518530866e-05
f9,48.2482999033,104,14,4.07831142221e-05,3.11162971606e-05
f9,48.2828850362,93,15,3.64695156025e-05,3.3338889815e-05
f9,48.3173111564,100,15,3.92145329059e-05,3.3338889815e-05
f9,48.3515797195,97,14,3.80380969187e-05,3.11162971606e-05
f9,48.385692161,96,13,3.76459515897e-05,2.88937045063e-05
f9,48.419649897,100,14,3.92145329059e-05,3.11162971606e-05
f9,48.4534543245,101,20,3.9606678235e-05,4.44518530866e-05
f9,48.4871068214,113,14,4.43124221837e-05,3.11162971606e-05
f9,48.5206087473,100,13,3.92145329059e-05,2.88937045063e-05
f9,48.5539614437,81,11,3.17637716538e-05,2.44485191976e-05
f9,48.5871662341,114,15,4.47045675127e-05,3.3338889815e-05
f9,48.6202244245,89,19,3.49009342862e-05,4.22292604323e-05
f9,48.6531373037,99,15,3.88223875768e-05,3.3338889815e-05
f9,48.6859061435,80,8,3.13716263247e-05,1.77807412347e-05
f9,48.7185321993,103,14,4.03909688931e-05,3.11162971606e-05
f9,48.75101671,74,13,2.90187543504e-05,2.88937045063e-05
f9,48.7833608983,103,5,4.03909688931e-05,1.11129632717e-05
f9,48.8155659714,95,15,3.72538062606e-05,3.3338889815e-05
f9,48.8476331209,76,9,2.98030450085e-05,2.0003333889e-05
f9,48.8795635231,92,11,3.60773702734e-05,2.44485191976e-05
f9,48.9113583393,89,18,3.49009342862e-05,4.0006667778e-05
f9,48.9430187161,72,11,2.82344636922e-05,2.44485191976e-05
f9,48.9745457856,85,15,3.333235297e-05,3.3338889815e-05
f9,49.0059406658,89,18,3.49009342862e-05,4.0006667778e-05
f9,49.0372044606,79,15,3.09794809957e-05,3.3338889815e-05
f9,49.0683382599,92,18,3.60773702734e-05,4.0006667778e-05
f9,49.0993431405,64,16,2.50973010598e-05,3.55614824693e-05
f9,49.1302201655,73,8,2.86266090213e-05,1.77807412347e-05
f9,49.1609703852,109,14,4.27438408674e-05,3.11162971606e-05
f9,49.1915948367,78,11,3.05873356666e-05,2.44485191976e-05
f9,49.2220945447,65,13,2.54894463888e-05,2.88937045063e-05
f9,49.2524705212,73,7,2.86266090213e-05,1.55581485803e-05
f9,49.2827237663,67,12,2.62737370469e-05,2.6671111852e-05
f9,49.3128552675,62,12,2.43130104017e-05,2.6671111852e-05
f9,49.3428660009,72,6,2.82344636922e-05,1.3335555926e-05
f9,49.3727569307,74,12,2.90187543504e-05,2.6671111852e-05
f9,49.4025290095,90,9,3.52930796153e-05,2.0003333889e-05
f9,49.4321831788,80,9,3.13716263247e-05,2.0003333889e-05
f9,49.4617203688,75,14,2.94108996794e-05,3.11162971606e-05
f9,49.4911414988,82,6,3.21559169828e-05,1.3335555926e-05
f9,49.5204474774,63,13,2.47051557307e-05,2.88937045063e-05
f9,49.5496392023,74,9,2.90187543504e-05,2.0003333889e-05
f9,49.578717561,69,10,2.70580277051e-05,2.22259265433e-05
f9,49.6076834306,62,5,2.43130104017e-05,1.11129632717e-05
f9,49.6365376781,82,9,3.21559169828e-05,2.0003333889e-05
f9,49.6652811605,61,9,2.39208650726e-05,2.0003333889e-05
f9,49.6939147249,57,13,2.23522837564e-05,2.88937045063e-05
f9,49.7224392087,64,12,2.50973010598e-05,2.6671111852e-05
f9,49.75085544,57,9,2.23522837564e-05,2.0003333889e-05
f9,49.7791642373,60,11,2.35287197435e-05,2.44485191976e-05
f9,49.8073664098,69,11,2.70580277051e-05,2.44485191976e-05
f9,49.8354627579,62,8,2.43130104017e-05,1.77807412347e-05
f9,49.8634540725,73,6,2.86266090213e-05,1.3335555926e-05
f9,49.8913411363,66,7,2.58815917179e-05,1.55581485803e-05
f9,49.9191247227,71,11,2.78423183632e-05,2.44485191976e-05
f9,49.946805597,60,9,2.35287197435e-05,2.0003333889e-05
f9,49.9743845157,42,11,1.64701038205e-05,2.44485191976e-05
f9,50.0018622271,52,8,2.03915571111e-05,1.77807412347e-05
f9,50.0292394713,42,10,1.64701038205e-05,2.22259265433e-05
f9,50.0565169804,55,12,2.15679930982e-05,2.6671111852e-05
f9,50.0836954783,53,12,2.07837024401e-05,2.6671111852e-05
f9,50.1107756813,43,11,1.68622491495e-05,2.44485191976e-05
f9,50.1377582978,65,11,2.54894463888e-05,2.44485191976e-05
f9,50.1646440285,51,8,1.9999411782e-05,1.77807412347e-05
f9,50.1914335667,56,5,2.19601384273e-05,1.11129632717e-05
f9,50.2181275984,39,9,1.52936678333e-05,2.0003333889e-05
f9,50.2447268021,51,1,1.9999411782e-05,2.22259265433e-06
f9,50.2712318491,51,11,1.9999411782e-05,2.44485191976e-05
f9,50.2976434037,48,8,1.88229757948e-05,1.77807412347e-05
f9,50.3239621231,44,8,1.72543944786e-05,1.77807412347e-05
f9,50.3501886576,48,8,1.88229757948e-05,1.77807412347e-05
f9,50.3763236508,52,4,2.03915571111e-05,8.89037061733e-06
f9,50.4023677396,41,11,1.60779584914e-05,2.44485191976e-05
f9,50.428321554,40,9,1.56858131624e-05,2.0003333889e-05
f9,50.4541857177,47,9,1.84308304658e-05,2.0003333889e-05
f9,50.479960848,66,10,2.58815917179e-05,2.22259265433e-05
f9,50.5056475557,46,6,1.80386851367e-05,1.3335555926e-05
f9,50.5312464455,50,5,1.96072664529e-05,1.11129632717e-05
f9,50.5567581157,47,6,1.84308304658e-05,1.3335555926e-05
f9,50.5821831587,48,7,1.88229757948e-05,1.55581485803e-05
f9,50.6075221607,36,12,1.41172318461e-05,2.6671111852e-05
f9,50.6327757022,42,8,1.64701038205e-05,1.77807412347e-05
f9,50.6579443577,40,5,1.56858131624e-05,1.11129632717e-05
f9,50.6830286959,38,3,1.49015225042e-05,6.66777796299e-06
f9,50.70802928,47,7,1.84308304658e-05,1.55581485803e-05
f9,50.7329466672,45,7,1.76465398077e-05,1.55581485803e-05
f9,50.7577814096,42,8,1.64701038205e-05,1.77807412347e-05
f9,50.7825340535,39,5,1.52936678333e-05,1.11129632717e-05
f9,50.8072051399,52,3,2.03915571111e-05,6.66777796299e-06
f9,50.8317952046,50,3,1.96072664529e-05,6.66777796299e-06
f9,50.8563047779,42,6,1.64701038205e-05,1.3335555926e-05
f9,50.880734385,42,11,1.64701038205e-05,2.44485191976e-05
f9,50.9050845462,45,6,1.76465398077e-05,1.3335555926e-05
f9,50.9293557764,45,6,1.76465398077e-05,1.3335555926e-05
f9,50.9535485857,39,5,1.52936678333e-05,1.11129632717e-05
f9,50.9776634792,43,8,1.68622491495e-05,1.77807412347e-05
f9,51.0017009572,47,4,1.84308304658e-05,8.89037061733e-06
f9,51.0256615151,43,2,1.68622491495e-05,4.44518530866e-06
f9,51.0495456436,45,5,1.76465398077e-05,1.11129632717e-05
f9,51.0733538289,44,6,1.72543944786e-05,1.3335555926e-05
f9,51.0970865523,31,6,1.21565052008e-05,1.3335555926e-05
f9,51.1207442907,47,3,1.84308304658e-05,6.66777796299e-06
f9,51.1443275163,38,7,1.49015225042e-05,1.55581485803e-05
f9,51.1678366972,36,5,1.41172318461e-05,1.11129632717e-05
f9,51.1912722968,37,9,1.45093771752e-05,2.0003333889e-05
f9,51.2146347743,34,1,1.3332941188e-05,2.22259265433e-06
f9,51.2379245845,47,4,1.84308304658e-05,8.89037061733e-06
f9,51.2611421782,41,3,1.60779584914e-05,6.66777796299e-06
f9,51.2842880018,36,2,1.41172318461e-05,4.44518530866e-06
f9,51.3073624975,40,5,1.56858131624e-05,1.11129632717e-05
f9,51.3303661038,32,7,1.25486505299e-05,1.55581485803e-05
f9,51.3532992549,32,4,1.25486505299e-05,8.89037061733e-06
f9,51.3761623809,34,8,1.3332941188e-05,1.77807412347e-05
f9,51.3989559083,30,9,1.17643598718e-05,2.0003333889e-05
f9,51.4216802594,35,5,1.37250865171e-05,1.11129632717e-05
f9,51.444335853,27,0,1.05879238846e-05,0
f9,51.4669231038,38,6,1.49015225042e-05,1.3335555926e-05
f9,51.4894424229,43,3,1.68622491495e-05,6.66777796299e-06
f9,51.5118942177,29,5,1.13722145427e-05,1.11129632717e-05
f9,51.5342788919,26,3,1.01957785555e-05,6.66777796299e-06
f9,51.5565968458,32,6,1.25486505299e-05,1.3335555926e-05
f9,51.5788484757,27,4,1.05879238846e-05,8.89037061733e-06
f9,51.6010341748,31,4,1.21565052008e-05,8.89037061733e-06
f9,51.6231543325,33,6,1.29407958589e-05,1.3335555926e-05
f9,51.6452093351,35,6,1.37250865171e-05,1.3335555926e-05
f9,51.6671995652,40,0,1.56858131624e-05,0
f9,51.6891254021,35,4,1.37250865171e-05,8.89037061733e-06
f9,51.7109872219,46,11,1.80386851367e-05,2.44485191976e-05
f9,51.7327853973,32,9,1.25486505299e-05,2.0003333889e-05
f9,51.7545202978,31,6,1.21565052008e-05,1.3335555926e-05
f9,51.7761922896,29,7,1.13722145427e-05,1.55581485803e-05
f9,51.7978017359,30,2,1.17643598718e-05,4.44518530866e-06
f9,51.8193489967,27,5,1.05879238846e-05,1.11129632717e-05
f9,51.8408344289,28,3,1.09800692137e-05,6.66777796299e-06
f9,51.8622583861,29,9,1.13722145427e-05,2.0003333889e-05
f9,51.8836212193,35,4,1.37250865171e-05,8.89037061733e-06
f9,51.9049232763,33,6,1.29407958589e-05,1.3335555926e-05
f9,51.9261649017,25,2,9.80363322647e-06,4.44518530866e-06
f9,51.9473464377,23,2,9.01934256836e-06,4.44518530866e-06
f9,51.9684682231,27,5,1.05879238846e-05,1.11129632717e-05
f9,51.9895305941,25,5,9.80363322647e-06,1.11129632717e-05
f9,52.0105338841,28,6,1.09800692137e-05,1.3335555926e-05
f9,52.0314784235,29,1,1.13722145427e-05,2.22259265433e-06
f9,52.0523645401,24,6,9.41148789741e-06,1.3335555926e-05
f9,52.073192559,17,6,6.666470594e-06,1.3335555926e-05
f9,52.0939628024,30,6,1.17643598718e-05,1.3335555926e-05
f9,52.1146755901,22,8,8.6271972393e-06,1.77807412347e-05
f9,52.1353312389,21,1,8.23505191024e-06,2.22259265433e-06
f9,52.1559300633,29,6,1.13722145427e-05,1.3335555926e-05
f9,52.1764723752,25,5,9.80363322647e-06,1.11129632717e-05
f9,52.1969584836,25,7,9.80363322647e-06,1.55581485803e-05
f9,52.2173886953,21,2,8.23505191024e-06,4.44518530866e-06
f9,52.2377633146,25,4,9.80363322647e-06,8.89037061733e-06
f9,52.2580826431,21,3,8.23505191024e-06,6.66777796299e-06
f9,52.2783469801,40,2,1.56858131624e-05,4.44518530866e-06
f9,52.2985566225,27,8,1.05879238846e-05,1.77807412347e-05
f9,52.3187118647,23,4,9.01934256836e-06,8.89037061733e-06
f9,52.3388129988,27,3,1.05879238846e-05,6.66777796299e-06
f9,52.3588603146,30,5,1.17643598718e-05,1.11129632717e-05
f9,52.3788540994,28,3,1.09800692137e-05,6.66777796299e-06
f9,52.3987946383,36,1,1.41172318461e-05,2.22259265433e-06
f9,52.4186822143,17,4,6.666470594e-06,8.89037061733e-06
f9,52.4385171079,22,4,8.6271972393e-06,8.89037061733e-06
f9,52.4582995975,21,3,8.23505191024e-06,6.66777796299e-06
f9,52.4780299593,24,3,9.41148789741e-06,6.66777796299e-06
f9,52.4977084672,25,6,9.80363322647e-06,1.3335555926e-05
f9,52.5173353932,29,1,1.13722145427e-05,2.22259265433e-06
f9,52.5369110068,21,3,8.23505191024e-06,6.66777796299e-06
f9,52.5564355758,26,3,1.01957785555e-05,6.66777796299e-06
f9,52.5759093656,26,3,1.01957785555e-05,6.66777796299e-06
f9,52.5953326397,15,3,5.88217993588e-06,6.66777796299e-06
f9,52.6147056595,25,2,9.80363322647e-06,4.44518530866e-06
f9,52.6340286843,19,5,7.45076125212e-06,1.11129632717e-05
f9,52.6533019715,23,9,9.01934256836e-06,2.0003333889e-05
f9,52.6725257766,23,3,9.01934256836e-06,6.66777796299e-06
f9,52.6917003529,23,4,9.01934256836e-06,8.89037061733e-06
f9,52.7108259519,32,0,1.25486505299e-05,0
f9,52.7299028233,24,5,9.41148789741e-06,1.11129632717e-05
f9,52.7489312146,18,2,7.05861592306e-06,4.44518530866e-06
f9,52.7679113717,22,5,8.6271972393e-06,1.11129632717e-05
f9,52.7868435385,22,2,8.6271972393e-06,4.44518530866e-06
f9,52.8057279569,21,6,8.23505191024e-06,1.3335555926e-05
f9,52.8245648674,16,2,6.27432526494e-06,4.44518530866e-06
f9,52.8433545083,28,4,1.09800692137e-05,8.89037061733e-06
f9,52.8620971162,21,3,8.23505191024e-06,6.66777796299e-06
f9,52.8807929261,18,4,7.05861592306e-06,8.89037061733e-06
f9,52.899442171,17,1,6.666470594e-06,2.22259265433e-06
f9,52.9180450823,15,3,5.88217993588e-06,6.66777796299e-06
f9,52.9366018897,21,4,8.23505191024e-06,8.89037061733e-06
f9,52.9551128212,22,3,8.6271972393e-06,6.66777796299e-06
f9,52.9735781029,22,4,8.6271972393e-06,8.89037061733e-06
f9,52.9919979596,19,6,7.45076125212e-06,1.3335555926e-05
f9,53.0103726141,19,5,7.45076125212e-06,1.11129632717e-05
f9,53.0287022878,19,3,7.45076125212e-06,6.66777796299e-06
f9,53.0469872003,17,3,6.666470594e-06,6.66777796299e-06
f9,53.0652275698,17,3,6.666470594e-06,6.66777796299e-06
f9,53.0834236127,20,7,7.84290658118e-06,1.55581485803e-05
f9,53.1015755439,16,6,6.27432526494e-06,1.3335555926e-05
f9,53.1196835768,13,2,5.09788927777e-06,4.44518530866e-06
f9,53.1377479232,15,5,5.88217993588e-06,1.11129632717e-05
f9,53.1557687934,13,3,5.09788927777e-06,6.66777796299e-06
f9,53.1737463962,14,1,5.49003460683e-06,2.22259265433e-06
f9,53.1916809388,19,5,7.45076125212e-06,1.11129632717e-05
f9,53.209572627,26,1,1.01957785555e-05,2.22259265433e-06
f9,53.2274216652,31,2,1.21565052008e-05,4.44518530866e-06
f9,53.2452282561,11,5,4.31359861965e-06,1.11129632717e-05
f9,53.2629926012,14,4,5.49003460683e-06,8.89037061733e-06
f9,53.2807149005,21,4,8.23505191024e-06,8.89037061733e-06
f9,53.2983953526,21,3,8.23505191024e-06,6.66777796299e-06
f9,53.3160341545,25,3,9.80363322647e-06,6.66777796299e-06
f9,53.3336315021,13,0,5.09788927777e-06,0
f9,53.3511875898,17,3,6.666470594e-06,6.66777796299e-06
f9,53.3687026105,17,2,6.666470594e-06,4.44518530866e-06
f9,53.386176756,12,2,4.70574394871e-06,4.44518530866e-06
f9,53.4036102167,15,1,5.88217993588e-06,2.22259265433e-06
f9,53.4210031814,14,7,5.49003460683e-06,1.55581485803e-05
f9,53.438355838,11,4,4.31359861965e-06,8.89037061733e-06
f9,53.4556683728,21,0,8.23505191024e-06,0
f9,53.4729409709,18,1,7.05861592306e-06,2.22259265433e-06
f9,53.4901738161,18,2,7.05861592306e-06,4.44518530866e-06
f9,53.5073670911,16,1,6.27432526494e-06,2.22259265433e-06
f9,53.5245209771,15,2,5.88217993588e-06,4.44518530866e-06
f9,53.5416356542,14,2,5.49003460683e-06,4.44518530866e-06
f9,53.5587113012,13,3,5.09788927777e-06,6.66777796299e-06
f9,53.5757480957,12,4,4.70574394871e-06,8.89037061733e-06
f9,53.5927462141,9,3,3.52930796153e-06,6.66777796299e-06
f9,53.6097058317,8,3,3.13716263247e-06,6.66777796299e-06
f9,53.6266271224,13,4,5.09788927777e-06,8.89037061733e-06
f9,53.6435102591,22,3,8.6271972393e-06,6.66777796299e-06
f9,53.6603554135,23,3,9.01934256836e-06,6.66777796299e-06
f9,53.677162756,15,1,5.88217993588e-06,2.22259265433e-06
f9,53.6939324561,15,3,5.88217993588e-06,6.66777796299e-06
f9,53.710664682,17,3,6.666470594e-06,6.66777796299e-06
f9,53.7273596008,19,1,7.45076125212e-06,2.22259265433e-06
f9,53.7440173784,7,2,2.74501730341e-06,4.44518530866e-06
f9,53.7606381798,21,2,8.23505191024e-06,4.44518530866e-06
f9,53.7772221688,14,2,5.49003460683e-06,4.44518530866e-06
f9,53.793769508,17,4,6.666470594e-06,8.89037061733e-06
f9,53.8102803591,16,1,6.27432526494e-06,2.22259265433e-06
f9,53.8267548828,15,2,5.88217993588e-06,4.44518530866e-06
f9,53.8431932383,12,2,4.70574394871e-06,4.44518530866e-06
f9,53.8595955843,12,3,4.70574394871e-06,6.66777796299e-06
f9,53.8759620782,12,0,4.70574394871e-06,0
f9,53.8922928763,23,1,9.01934256836e-06,2.22259265433e-06
f9,53.908588134,14,4,5.49003460683e-06,8.89037061733e-06
f9,53.9248480057,12,0,4.70574394871e-06,0
f9,53.9410726446,17,1,6.666470594e-06,2.22259265433e-06
f9,53.9572622033,19,2,7.45076125212e-06,4.44518530866e-06
f9,53.973416833,7,1,2.74501730341e-06,2.22259265433e-06
f9,53.9895366841,15,0,5.88217993588e-06,0
f9,54.0056219061,9,1,3.52930796153e-06,2.22259265433e-06
f9,54.0216726474,16,1,6.27432526494e-06,2.22259265433e-06
f9,54.0376890556,15,2,5.88217993588e-06,4.44518530866e-06
f9,54.0536712772,6,2,2.35287197435e-06,4.44518530866e-06
f9,54.0696194577,16,4,6.27432526494e-06,8.89037061733e-06
f9,54.0855337421,11,1,4.31359861965e-06,2.22259265433e-06
f9,54.1014142739,11,5,4.31359861965e-06,1.11129632717e-05
f9,54.1172611962,16,1,6.27432526494e-06,2.22259265433e-06
f9,54.1330746507,10,1,3.92145329059e-06,2.22259265433e-06
f9,54.1488547787,10,5,3.92145329059e-06,1.11129632717e-05
f9,54.1646017203,8,1,3.13716263247e-06,2.22259265433e-06
f9,54.1803156147,14,4,5.49003460683e-06,8.89037061733e-06
f9,54.1959966005,10,1,3.92145329059e-06,2.22259265433e-06
f9,54.2116448151,7,3,2.74501730341e-06,6.66777796299e-06
f9,54.2272603952,19,1,7.45076125212e-06,2.22259265433e-06
f9,54.2428434767,13,3,5.09788927777e-06,6.66777796299e-06
f9,54.2583941946,10,1,3.92145329059e-06,2.22259265433e-06
f9,54.273912683,13,2,5.09788927777e-06,4.44518530866e-06
f9,54.2893990752,9,3,3.52930796153e-06,6.66777796299e-06
f9,54.3048535037,11,1,4.31359861965e-06,2.22259265433e-06
f9,54.3202761002,9,3,3.52930796153e-06,6.66777796299e-06
f9,54.3356669956,15,0,5.88217993588e-06,0
f9,54.3510263198,12,5,4.70574394871e-06,1.11129632717e-05
f9,54.3663542023,14,2,5.49003460683e-06,4.44518530866e-06
f9,54.3816507713,10,1,3.92145329059e-06,2.22259265433e-06
f9,54.3969161547,11,2,4.31359861965e-06,4.44518530866e-06
f9,54.4121504793,15,3,5.88217993588e-06,6.66777796299e-06
f9,54.4273538713,8,2,3.13716263247e-06,4.44518530866e-06
f9,54.4425264559,9,2,3.52930796153e-06,4.44518530866e-06
f9,54.4576683579,10,2,3.92145329059e-06,4.44518530866e-06
f9,54.472779701,14,4,5.49003460683e-06,8.89037061733e-06
f9,54.4878606083,12,3,4.70574394871e-06,6.66777796299e-06
f9,54.5029112022,12,0,4.70574394871e-06,0
f9,54.5179316044,16,1,6.27432526494e-06,2.22259265433e-06
f9,54.5329219356,7,2,2.74501730341e-06,4.44518530866e-06
f9,54.5478823161,8,1,3.13716263247e-06,2.22259265433e-06
f9,54.5628128654,12,1,4.70574394871e-06,2.22259265433e-06
f9,54.577713702,12,2,4.70574394871e-06,4.44518530866e-06
f9,54.5925849442,9,2,3.52930796153e-06,4.44518530866e-06
f9,54.6074267091,11,2,4.31359861965e-06,4.44518530866e-06
f9,54.6222391135,13,2,5.09788927777e-06,4.44518530866e-06
f9,54.6370222732,10,2,3.92145329059e-06,4.44518530866e-06
f9,54.6517763035,9,1,3.52930796153e-06,2.22259265433e-06
f9,54.666501319,11,3,4.31359861965e-06,6.66777796299e-06
f9,54.6811974335,11,0,4.31359861965e-06,0
f9,54.6958647604,7,0,2.74501730341e-06,0
f9,54.7105034121,17,2,6.666470594e-06,4.44518530866e-06
f9,54.7251135005,10,2,3.92145329059e-06,4.44518530866e-06
f9,54.739695137,10,4,3.92145329059e-06,8.89037061733e-06
f9,54.7542484321,8,0,3.13716263247e-06,0
f9,54.7687734957,10,2,3.92145329059e-06,4.44518530866e-06
f9,54.7832704372,8,3,3.13716263247e-06,6.66777796299e-06
f9,54.7977393653,10,2,3.92145329059e-06,4.44518530866e-06
f9,54.812180388,11,2,4.31359861965e-06,4.44518530866e-06
f9,54.8265936128,9,2,3.52930796153e-06,4.44518530866e-06
f9,54.8409791465,7,1,2.74501730341e-06,2.22259265433e-06
f9,54.8553370952,7,2,2.74501730341e-06,4.44518530866e-06
f9,54.8696675645,13,1,5.09788927777e-06,2.22259265433e-06
f9,54.8839706595,17,1,6.666470594e-06,2.22259265433e-06
f9,54.8982464846,10,3,3.92145329059e-06,6.66777796299e-06
f9,54.9124951434,10,1,3.92145329059e-06,2.22259265433e-06
f9,54.9267167392,3,0,1.17643598718e-06,0
f9,54.9409113747,6,0,2.35287197435e-06,0
f9,54.9550791518,7,1,2.74501730341e-06,2.22259265433e-06
f9,54.969220172,9,0,3.52930796153e-06,0
f9,54.9833345361,10,0,3.92145329059e-06,0
f9,54.9974223445,11,1,4.31359861965e-06,2.22259265433e-06
f9,55.0114836969,4,2,1.56858131624e-06,4.44518530866e-06
f9,55.0255186925,2,1,7.84290658118e-07,2.22259265433e-06
f9,55.0395274299,8,2,3.13716263247e-06,4.44518530866e-06
f9,55.0535100072,10,1,3.92145329059e-06,2.22259265433e-06
f9,55.0674665219,10,1,3.92145329059e-06,2.22259265433e-06
f9,55.081397071,12,1,4.70574394871e-06,2.22259265433e-06
f9,55.0953017508,7,1,2.74501730341e-06,2.22259265433e-06
f9,55.1091806574,8,4,3.13716263247e-06,8.89037061733e-06
f9,55.1230338861,4,3,1.56858131624e-06,6.66777796299e-06
f9,55.1368615317,8,0,3.13716263247e-06,0
f9,55.1506636885,5,1,1.96072664529e-06,2.22259265433e-06
f9,55.1644404504,7,3,2.74501730341e-06,6.66777796299e-06
f9,55.1781919105,13,1,5.09788927777e-06,2.22259265433e-06
f9,55.1919181618,8,1,3.13716263247e-06,2.22259265433e-06
f9,55.2056192964,6,0,2.35287197435e-06,0
f9,55.219295406,12,2,4.70574394871e-06,4.44518530866e-06
f9,55.232946582,7,2,2.74501730341e-06,4.44518530866e-06
f9,55.2465729151,8,1,3.13716263247e-06,2.22259265433e-06
f9,55.2601744955,9,0,3.52930796153e-06,0
f9,55.273751413,12,1,4.70574394871e-06,2.22259265433e-06
f9,55.2873037569,11,1,4.31359861965e-06,2.22259265433e-06
f9,55.300831616,5,1,1.96072664529e-06,2.22259265433e-06
f9,55.3143350785,9,1,3.52930796153e-06,2.22259265433e-06
f9,55.3278142324,10,3,3.92145329059e-06,6.66777796299e-06
f9,55.341269165,9,0,3.52930796153e-06,0
f9,55.3546999631,11,0,4.31359861965e-06,0
f9,55.3681067133,11,0,4.31359861965e-06,0
f9,55.3814895014,2,2,7.84290658118e-07,4.44518530866e-06
f9,55.394848413,8,2,3.13716263247e-06,4.44518530866e-06
f9,55.4081835331,11,1,4.31359861965e-06,2.22259265433e-06
f9,55.4214949463,9,0,3.52930796153e-06,0
f9,55.4347827368,6,0,2.35287197435e-06,0
f9,55.4480469882,7,2,2.74501730341e-06,4.44518530866e-06
f9,55.4612877838,4,0,1.56858131624e-06,0
f9,55.4745052064,5,2,1.96072664529e-06,4.44518530866e-06
f9,55.4876993383,7,0,2.74501730341e-06,0
f9,55.5008702616,5,1,1.96072664529e-06,2.22259265433e-06
f9,55.5140180577,10,2,3.92145329059e-06,4.44518530866e-06
f9,55.5271428077,2,0,7.84290658118e-07,0
f9,55.5402445923,5,0,1.96072664529e-06,0
f9,55.5533234916,12,2,4.70574394871e-06,4.44518530866e-06
f9,55.5663795855,5,2,1.96072664529e-06,4.44518530866e-06
f9,55.5794129534,6,1,2.35287197435e-06,2.22259265433e-06
f9,55.5924236742,3,0,1.17643598718e-06,0
f9,55.6054118266,5,4,1.96072664529e-06,8.89037061733e-06
f9,55.6183774886,4,1,1.56858131624e-06,2.22259265433e-06
f9,55.6313207381,5,2,1.96072664529e-06,4.44518530866e-06
f9,55.6442416524,8,0,3.13716263247e-06,0
f9,55.6571403084,7,1,2.74501730341e-06,2.22259265433e-06
f9,55.6700167827,3,1,1.17643598718e-06,2.22259265433e-06
f9,55.6828711514,4,0,1.56858131624e-06,0
f9,55.6957034904,13,3,5.09788927777e-06,6.66777796299e-06
f9,55.708513875,5,1,1.96072664529e-06,2.22259265433e-06
f9,55.7213023802,6,1,2.35287197435e-06,2.22259265433e-06
f9,55.7340690806,7,1,2.74501730341e-06,2.22259265433e-06
f9,55.7468140504,1,1,3.92145329059e-07,2.22259265433e-06
f9,55.7595373635,3,0,1.17643598718e-06,0
f9,55.7722390933,4,0,1.56858131624e-06,0
f9,55.7849193131,4,0,1.56858131624e-06,0
f9,55.7975780954,10,1,3.92145329059e-06,2.22259265433e-06
f9,55.8102155127,9,0,3.52930796153e-06,0
f9,55.8228316369,5,1,1.96072664529e-06,2.22259265433e-06
f9,55.8354265397,2,2,7.84290658118e-07,4.44518530866e-06
f9,55.8480002924,8,2,3.13716263247e-06,4.44518530866e-06
f9,55.8605529658,7,0,2.74501730341e-06,0
f9,55.8730846306,5,2,1.96072664529e-06,4.44518530866e-06
f9,55.8855953569,6,2,2.35287197435e-06,4.44518530866e-06
f9,55.8980852146,9,2,3.52930796153e-06,4.44518530866e-06
f9,55.9105542732,3,1,1.17643598718e-06,2.22259265433e-06
f9,55.9230026019,7,1,2.74501730341e-06,2.22259265433e-06
f9,55.9354302694,3,2,1.17643598718e-06,4.44518530866e-06
f9,55.9478373442,6,4,2.35287197435e-06,8.89037061733e-06
f9,55.9602238946,3,0,1.17643598718e-06,0
f9,55.9725899881,8,0,3.13716263247e-06,0
f9,55.9849356924,5,0,1.96072664529e-06,0
f9,55.9972610746,6,2,2.35287197435e-06,4.44518530866e-06
f9,56.0095662014,8,2,3.13716263247e-06,4.44518530866e-06
f9,56.0218511392,9,0,3.52930796153e-06,0
f9,56.0341159544,3,0,1.17643598718e-06,0
f9,56.0463607125,7,1,2.74501730341e-06,2.22259265433e-06
f9,56.0585854793,3,0,1.17643598718e-06,0
f9,56.0707903197,4,0,1.56858131624e-06,0
f9,56.0829752987,7,1,2.74501730341e-06,2.22259265433e-06
f9,56.0951404809,7,0,2.74501730341e-06,0
f9,56.1072859304,4,1,1.56858131624e-06,2.22259265433e-06
f9,56.1194117111,6,1,2.35287197435e-06,2.22259265433e-06
f9,56.1315178866,2,0,7.84290658118e-07,0
f9,56.1436045204,3,0,1.17643598718e-06,0
f9,56.1556716752,6,1,2.35287197435e-06,2.22259265433e-06
f9,56.1677194139,3,0,1.17643598718e-06,0
f9,56.1797477987,5,2,1.96072664529e-06,4.44518530866e-06
f9,56.1917568918,3,1,1.17643598718e-06,2.22259265433e-06
f9,56.203746755,4,3,1.56858131624e-06,6.66777796299e-06
f9,56.2157174497,5,3,1.96072664529e-06,6.66777796299e-06
f9,56.2276690372,8,0,3.13716263247e-06,0
f9,56.2396015783,7,0,2.74501730341e-06,0
f9,56.2515151337,4,0,1.56858131624e-06,0
f9,56.2634097636,6,1,2.35287197435e-06,2.22259265433e-06
f9,56.2752855281,5,1,1.96072664529e-06,2.22259265433e-06
f9,56.287142487,1,0,3.92145329059e-07,0
f9,56.2989806997,3,1,1.17643598718e-06,2.22259265433e-06
f9,56.3108002253,5,0,1.96072664529e-06,0
f9,56.3226011229,5,1,1.96072664529e-06,2.22259265433e-06
f9,56.334383451,3,0,1.17643598718e-06,0
f9,56.346147268,6,3,2.35287197435e-06,6.66777796299e-06
f9,56.3578926319,6,0,2.35287197435e-06,0
f9,56.3696196005,9,1,3.52930796153e-06,2.22259265433e-06
f9,56.3813282315,4,2,1.56858131624e-06,4.44518530866e-06
f9,56.3930185819,7,0,2.74501730341e-06,0
f9,56.404690709,3,0,1.17643598718e-06,0
f9,56.4163446692,5,1,1.96072664529e-06,2.22259265433e-06
f9,56.4279805192,3,2,1.17643598718e-06,4.44518530866e-06
f9,56.4395983151,4,0,1.56858131624e-06,0
f9,56.4511981129,5,0,1.96072664529e-06,0
f9,56.4627799682,8,0,3.13716263247e-06,0
f9,56.4743439364,7,0,2.74501730341e-06,0
f9,56.4858900728,7,1,2.74501730341e-06,2.22259265433e-06
f9,56.4974184322,4,0,1.56858131624e-06,0
f9,56.5089290693,6,2,2.35287197435e-06,4.44518530866e-06
f9,56.5204220385,3,0,1.17643598718e-06,0
f9,56.531897394,6,0,2.35287197435e-06,0
f9,56.5433551895,3,2,1.17643598718e-06,4.44518530866e-06
f9,56.554795479,4,0,1.56858131624e-06,0
f9,56.5662183156,2,0,7.84290658118e-07,0
f9,56.5776237526,2,0,7.84290658118e-07,0
f9,56.589011843,8,1,3.13716263247e-06,2.22259265433e-06
f9,56.6003826393,7,0,2.74501730341e-06,0
f9,56.6117361941,3,0,1.17643598718e-06,0
f9,56.6230725596,2,0,7.84290658118e-07,0
f9,56.6343917877,3,1,1.17643598718e-06,2.22259265433e-06
f9,56.6456939301,2,1,7.84290658118e-07,2.22259265433e-06
f9,56.6569790385,4,0,1.56858131624e-06,0
f9,56.6682471639,2,0,7.84290658118e-07,0
f9,56.6794983576,6,1,2.35287197435e-06,2.22259265433e-06
f9,56.6907326702,6,0,2.35287197435e-06,0
f9,56.7019501524,6,2,2.35287197435e-06,4.44518530866e-06
f9,56.7131508545,3,0,1.17643598718e-06,0
f9,56.7243348266,7,2,2.74501730341e-06,4.44518530866e-06
f9,56.7355021187,5,0,1.96072664529e-06,0
f9,56.7466527804,3,1,1.17643598718e-06,2.22259265433e-06
f9,56.7577868612,10,0,3.92145329059e-06,0
f9,56.7689044104,4,2,1.56858131624e-06,4.44518530866e-06
f9,56.7800054768,1,2,3.92145329059e-07,4.44518530866e-06
f9,56.7910901094,4,1,1.56858131624e-06,2.22259265433e-06
f9,56.8021583568,2,0,7.84290658118e-07,0
f9,56.8132102672,4,0,1.56858131624e-06,0
f9,56.8242458889,5,2,1.96072664529e-06,4.44518530866e-06
f9,56.8352652698,1,1,3.92145329059e-07,2.22259265433e-06
f9,56.8462684576,4,1,1.56858131624e-06,2.22259265433e-06
f9,56.8572554998,3,0,1.17643598718e-06,0
f9,56.8682264439,7,2,2.74501730341e-06,4.44518530866e-06
f9,56.8791813368,3,0,1.17643598718e-06,0
f9,56.8901202254,6,0,2.35287197435e-06,0
f9,56.9010431566,4,0,1.56858131624e-06,0
f9,56.9119501766,0,1,0,2.22259265433e-06
f9,56.9228413319,3,4,1.17643598718e-06,8.89037061733e-06
f9,56.9337166686,6,0,2.35287197435e-06,0
f9,56.9445762324,5,0,1.96072664529e-06,0
f9,56.9554200692,6,0,2.35287197435e-06,0
f9,56.9662482243,2,0,7.84290658118e-07,0
f9,56.9770607431,2,1,7.84290658118e-07,2.22259265433e-06
f9,56.9878576706,4,1,1.56858131624e-06,2.22259265433e-06
f9,56.9986390518,3,0,1.17643598718e-06,0
f9,57.0094049314,3,1,1.17643598718e-06,2.22259265433e-06
f9,57.0308903635,2,0,7.84290658118e-07,0
f9,57.0416100045,2,0,7.84290658118e-07,0
f9,57.0523143208,1,1,3.92145329059e-07,2.22259265433e-06
f9,57.0630033561,1,0,3.92145329059e-07,0
f9,57.073677154,3,0,1.17643598718e-06,0
f9,57.0843357579,1,0,3.92145329059e-07,0
f9,57.0949792109,0,1,0,2.22259265433e-06
f9,57.1056075562,5,1,1.96072664529e-06,2.22259265433e-06
f9,57.1162208364,2,2,7.84290658118e-07,4.44518530866e-06
f9,57.1268190943,4,1,1.56858131624e-06,2.22259265433e-06
f9,57.1374023724,7,1,2.74501730341e-06,2.22259265433e-06
f9,57.1479707128,3,1,1.17643598718e-06,2.22259265433e-06
f9,57.1585241578,3,2,1.17643598718e-06,4.44518530866e-06
f9,57.1690627492,3,2,1.17643598718e-06,4.44518530866e-06
f9,57.1795865288,2,0,7.84290658118e-07,0
f9,57.1900955382,2,0,7.84290658118e-07,0
f9,57.2005898187,1,0,3.92145329059e-07,0
f9,57.2110694117,2,0,7.84290658118e-07,0
f9,57.2215343581,4,1,1.56858131624e-06,2.22259265433e-06
f9,57.2319846989,4,0,1.56858131624e-06,0
f9,57.2424204748,5,1,1.96072664529e-06,2.22259265433e-06
f9,57.2528417262,3,2,1.17643598718e-06,4.44518530866e-06
f9,57.2632484937,4,0,1.56858131624e-06,0
f9,57.2736408173,2,2,7.84290658118e-07,4.44518530866e-06
f9,57.2840187371,5,0,1.96072664529e-06,0
f9,57.294382293,3,0,1.17643598718e-06,0
f9,57.3047315247,3,0,1.17643598718e-06,0
f9,57.3150664718,1,0,3.92145329059e-07,0
f9,57.3253871736,3,0,1.17643598718e-06,0
f9,57.3356936693,3,0,1.17643598718e-06,0
f9,57.345985998,5,0,1.96072664529e-06,0
f9,57.3562641986,3,1,1.17643598718e-06,2.22259265433e-06
f9,57.3665283098,3,2,1.17643598718e-06,4.44518530866e-06
f9,57.3767783702,1,0,3.92145329059e-07,0
f9,57.3870144183,4,0,1.56858131624e-06,0
f9,57.3972364921,3,0,1.17643598718e-06,0
f9,57.40744463,4,1,1.56858131624e-06,2.22259265433e-06
f9,57.4176388698,4,0,1.56858131624e-06,0
f9,57.4278192493,2,0,7.84290658118e-07,0
f9,57.4379858061,5,1,1.96072664529e-06,2.22259265433e-06
f9,57.4481385778,0,1,0,2.22259265433e-06
f9,57.4582776016,3,0,1.17643598718e-06,0
f9,57.4684029148,0,3,0,6.66777796299e-06
f9,57.4785145544,5,0,1.96072664529e-06,0
f9,57.4886125572,1,2,3.92145329059e-07,4.44518530866e-06
f9,57.49869696,0,2,0,4.44518530866e-06
f9,57.5087677994,5,1,1.96072664529e-06,2.22259265433e-06
f9,57.5188251118,6,0,2.35287197435e-06,0
f9,57.5288689335,5,1,1.96072664529e-06,2.22259265433e-06
f9,57.5388993006,2,0,7.84290658118e-07,0
f9,57.5489162492,2,0,7.84290658118e-07,0
f9,57.5589198151,3,0,1.17643598718e-06,0
f9,57.568910034,1,0,3.92145329059e-07,0
f9,57.5788869415,4,0,1.56858131624e-06,0
f9,57.588850573,2,0,7.84290658118e-07,0
f9,57.5988009638,2,0,7.84290658118e-07,0
f9,57.608738149,1,0,3.92145329059e-07,0
f9,57.6186621637,1,0,3.92145329059e-07,0
f9,57.6285730426,3,0,1.17643598718e-06,0
f9,57.6384708206,1,0,3.92145329059e-07,0
f9,57.6483555322,4,0,1.56858131624e-06,0
f9,57.6582272119,2,0,7.84290658118e-07,0
f9,57.668085894,1,1,3.92145329059e-07,2.22259265433e-06
f9,57.6779316126,2,0,7.84290658118e-07,0
f9,57.6877644019,3,1,1.17643598718e-06,2.22259265433e-06
f9,57.6975842957,1,0,3.92145329059e-07,0
f9,57.7073913279,2,0,7.84290658118e-07,0
f9,57.7171855319,4,0,1.56858131624e-06,0
f9,57.7269669415,2,1,7.84290658118e-07,2.22259265433e-06
f9,57.7367355899,5,0,1.96072664529e-06,0
f9,57.7464915105,5,0,1.96072664529e-06,0
f9,57.7562347363,1,0,3.92145329059e-07,0
f9,57.7659653003,1,1,3.92145329059e-07,2.22259265433e-06
f9,57.7756832354,3,0,1.17643598718e-06,0
f9,57.7853885744,2,0,7.84290658118e-07,0
f9,57.7950813498,4,1,1.56858131624e-06,2.22259265433e-06
f9,57.8144293398,3,0,1.17643598718e-06,0
f9,57.8240846189,5,0,1.96072664529e-06,0
f9,57.8337274637,2,0,7.84290658118e-07,0
f9,57.8433579062,4,0,1.56858131624e-06,0
f9,57.8529759781,5,0,1.96072664529e-06,0
f9,57.8625817112,3,0,1.17643598718e-06,0
f9,57.8721751372,2,1,7.84290658118e-07,2.22259265433e-06
f9,57.8817562876,3,0,1.17643598718e-06,0
f9,57.8913251936,2,1,7.84290658118e-07,2.22259265433e-06
f9,57.9008818866,2,0,7.84290658118e-07,0
f9,57.9104263977,3,0,1.17643598718e-06,0
f9,57.919958758,4,0,1.56858131624e-06,0
f9,57.9294789982,3,0,1.17643598718e-06,0
f9,57.9389871493,2,0,7.84290658118e-07,0
f9,57.9484832418,1,0,3.92145329059e-07,0
f9,57.9579673064,2,0,7.84290658118e-07,0
f9,57.9674393734,2,0,7.84290658118e-07,0
f9,57.9768994731,3,1,1.17643598718e-06,2.22259265433e-06
f9,57.9863476358,2,2,7.84290658118e-07,4.44518530866e-06
f9,57.9957838916,2,0,7.84290658118e-07,0
f9,58.0052082704,4,0,1.56858131624e-06,0
f9,58.0240215164,1,0,3.92145329059e-07,0
f9,58.0334104429,3,0,1.17643598718e-06,0
f9,58.0427876113,1,0,3.92145329059e-07,0
f9,58.0521530509,3,1,1.17643598718e-06,2.22259265433e-06
f9,58.0708488607,3,0,1.17643598718e-06,0
f9,58.0801792893,3,0,1.17643598718e-06,0
f9,58.0894981056,2,0,7.84290658118e-07,0
f9,58.0988053386,3,0,1.17643598718e-06,0
f9,58.108101017,2,1,7.84290658118e-07,2.22259265433e-06
f9,58.1173851694,6,1,2.35287197435e-06,2.22259265433e-06
f9,58.1266578244,1,0,3.92145329059e-07,0
f9,58.1359190104,3,2,1.17643598718e-06,4.44518530866e-06
f9,58.1451687558,2,2,7.84290658118e-07,4.44518530866e-06
f9,58.1636340376,2,0,7.84290658118e-07,0
f9,58.1728496301,7,0,2.74501730341e-06,0
f9,58.1820538943,5,1,1.96072664529e-06,2.22259265433e-06
f9,58.1912468579,2,0,7.84290658118e-07,0
f9,58.2004285488,1,0,3.92145329059e-07,0
f9,58.2095989945,2,0,7.84290658118e-07,0
f9,58.2187582225,1,0,3.92145329059e-07,0
f9,58.237043135,2,0,7.84290658118e-07,0
f9,58.246168874,1,0,3.92145329059e-07,0
f9,58.2552835044,0,1,0,2.22259265433e-06
f9,58.2643870532,1,0,3.92145329059e-07,0
f9,58.2734795473,1,1,3.92145329059e-07,2.22259265433e-06
f9,58.2825610135,1,0,3.92145329059e-07,0
f9,58.300690969,1,0,3.92145329059e-07,0
f9,58.3097395114,3,0,1.17643598718e-06,0
f9,58.3187771323,2,0,7.84290658118e-07,0
f9,58.3278038579,3,0,1.17643598718e-06,0
f9,58.3368197144,3,2,1.17643598718e-06,4.44518530866e-06
f9,58.3458247281,1,0,3.92145329059e-07,0
f9,58.3548189249,3,0,1.17643598718e-06,0
f9,58.3727749718,2,1,7.84290658118e-07,2.22259265433e-06
f9,58.3906880616,1,1,3.92145329059e-07,2.22259265433e-06
f9,58.3996285617,2,0,7.84290658118e-07,0
f9,58.4085583993,1,0,3.92145329059e-07,0
f9,58.4174775998,1,0,3.92145329059e-07,0
f9,58.4263861886,4,0,1.56858131624e-06,0
f9,58.4352841908,1,0,3.92145329059e-07,0
f9,58.4441716315,1,0,3.92145329059e-07,0
f9,58.4530485359,2,0,7.84290658118e-07,0
f9,58.4619149288,3,0,1.17643598718e-06,0
f9,58.4707708352,1,0,3.92145329059e-07,0
f9,58.4796162798,4,0,1.56858131624e-06,0
f9,58.4884512872,1,0,3.92145329059e-07,0
f9,58.4972758822,2,1,7.84290658118e-07,2.22259265433e-06
f9,58.5060900892,2,0,7.84290658118e-07,0
f9,58.5148939326,2,1,7.84290658118e-07,2.22259265433e-06
f9,58.5236874368,1,0,3.92145329059e-07,0
f9,58.532470626,1,0,3.92145329059e-07,0
f9,58.5500061562,1,1,3.92145329059e-07,2.22259265433e-06
f9,58.5587585452,2,0,7.84290658118e-07,0
f9,58.5675007154,2,0,7.84290658118e-07,0
f9,58.5762326907,1,2,3.92145329059e-07,4.44518530866e-06
f9,58.5849544948,6,0,2.35287197435e-06,0
f9,58.5936661514,2,0,7.84290658118e-07,0
f9,58.602367684,1,0,3.92145329059e-07,0
f9,58.6197404712,4,0,1.56858131624e-06,0
f9,58.6284117727,1,1,3.92145329059e-07,2.22259265433e-06
f9,58.6370730437,6,0,2.35287197435e-06,0
f9,58.6457243075,2,0,7.84290658118e-07,0
f9,58.6543655871,1,0,3.92145329059e-07,0
f9,58.6629969056,2,0,7.84290658118e-07,0
f9,58.6716182859,1,0,3.92145329059e-07,0
f9,58.6802297508,0,1,0,2.22259265433e-06
f9,58.6974230258,2,0,7.84290658118e-07,0
f9,58.7060048811,4,0,1.56858131624e-06,0
f9,58.7231391402,2,0,7.84290658118e-07,0
f9,58.7316915889,1,0,3.92145329059e-07,0
f9,58.74023428,3,1,1.17643598718e-06,2.22259265433e-06
f9,58.7487672358,1,1,3.92145329059e-07,2.22259265433e-06
f9,58.7572904786,1,0,3.92145329059e-07,0
f9,58.7658040304,2,0,7.84290658118e-07,0
f9,58.7828021488,1,0,3.92145329059e-07,0
f9,58.7912867593,2,0,7.84290658118e-07,0
f9,58.7997617664,1,0,3.92145329059e-07,0
f9,58.8082271918,2,0,7.84290658118e-07,0
f9,58.8166830571,2,0,7.84290658118e-07,0
f9,58.8251293839,1,0,3.92145329059e-07,0
f9,58.8335661938,1,0,3.92145329059e-07,0
f9,58.8504113482,1,0,3.92145329059e-07,0
f9,58.8588197353,3,0,1.17643598718e-06,0
f9,58.8756082355,3,0,1.17643598718e-06,0
f9,58.8839883908,2,0,7.84290658118e-07,0
f9,58.8923591775,1,0,3.92145329059e-07,0
f9,58.9007206167,2,0,7.84290658118e-07,0
f9,58.909072729,2,0,7.84290658118e-07,0
f9,58.9174155354,2,0,7.84290658118e-07,0
f9,58.9257490566,0,1,0,2.22259265433e-06
f9,58.9340733131,1,0,3.92145329059e-07,0
f9,58.9506941145,1,0,3.92145329059e-07,0
f9,58.9920854192,2,0,7.84290658118e-07,0
f9,59.0003362938,1,0,3.92145329059e-07,0
f9,59.0168108174,3,0,1.17643598718e-06,0
f9,59.0250345063,1,0,3.92145329059e-07,0
f9,59.033249173,3,1,1.17643598718e-06,2.22259265433e-06
f9,59.0414548373,3,0,1.17643598718e-06,0
f9,59.049651519,2,0,7.84290658118e-07,0
f9,59.0578392377,2,1,7.84290658118e-07,2.22259265433e-06
f9,59.0660180129,0,1,0,2.22259265433e-06
f9,59.0741878642,1,1,3.92145329059e-07,2.22259265433e-06
f9,59.082348811,1,0,3.92145329059e-07,0
f9,59.0986440687,2,1,7.84290658118e-07,2.22259265433e-06
f9,59.1067784182,1,0,3.92145329059e-07,0
f9,59.1149039403,1,0,3.92145329059e-07,0
f9,59.1230206544,0,1,0,2.22259265433e-06
f9,59.1392277342,1,0,3.92145329059e-07,0
f9,59.147318138,2,0,7.84290658118e-07,0
f9,59.1553998095,1,1,3.92145329059e-07,2.22259265433e-06
f9,59.1634727677,1,0,3.92145329059e-07,0
f9,59.1795926188,2,0,7.84290658118e-07,0
f9,59.1876395491,0,1,0,2.22259265433e-06
f9,59.1956778408,2,0,7.84290658118e-07,0
f9,59.2037075123,1,0,3.92145329059e-07,0
f9,59.2197410686,2,0,7.84290658118e-07,0
f9,59.2277449903,1,1,3.92145329059e-07,2.22259265433e-06
f9,59.2437272118,1,0,3.92145329059e-07,0
f9,59.2517055482,2,0,7.84290658118e-07,0
f9,59.2596753924,1,0,3.92145329059e-07,0
f9,59.2676367626,1,0,3.92145329059e-07,0
f9,59.2914702086,1,1,3.92145329059e-07,2.22259265433e-06
f9,59.299397862,1,0,3.92145329059e-07,0
f9,59.3073171308,3,0,1.17643598718e-06,0
f9,59.3152280327,1,0,3.92145329059e-07,0
f9,59.3231305854,1,1,3.92145329059e-07,2.22259265433e-06
f9,59.3310248064,2,0,7.84290658118e-07,0
f9,59.3389107134,1,0,3.92145329059e-07,0
f9,59.354657655,2,0,7.84290658118e-07,0
f9,59.3625187244,1,0,3.92145329059e-07,0
f9,59.3703715494,2,0,7.84290658118e-07,0
f9,59.3782161473,2,0,7.84290658118e-07,0
f9,59.3860525352,1,0,3.92145329059e-07,0
f9,59.3938807303,2,0,7.84290658118e-07,0
f9,59.4017007498,1,0,3.92145329059e-07,0
f9,59.4095126106,1,1,3.92145329059e-07,2.22259265433e-06
f9,59.4251119245,1,0,3.92145329059e-07,0
f9,59.4328994114,1,0,3.92145329059e-07,0
f9,59.4406788074,3,0,1.17643598718e-06,0
f9,59.4562133938,1,0,3.92145329059e-07,0
f9,59.4639686176,1,0,3.92145329059e-07,0
f9,59.4717158175,2,0,7.84290658118e-07,0
f9,59.4794550098,1,0,3.92145329059e-07,0
f9,59.4871862113,2,0,7.84290658118e-07,0
f9,59.4949094383,1,0,3.92145329059e-07,0
f9,59.5026247074,1,0,3.92145329059e-07,0
f9,59.5103320349,1,1,3.92145329059e-07,2.22259265433e-06
f9,59.518031437,1,0,3.92145329059e-07,0
f9,59.5257229302,1,0,3.92145329059e-07,0
f9,59.5334065307,2,0,7.84290658118e-07,0
f9,59.5410822545,0,1,0,2.22259265433e-06
f9,59.5945931262,2,0,7.84290658118e-07,0
f9,59.6098119687,2,0,7.84290658118e-07,0
f9,59.617409806,0,1,0,2.22259265433e-06
f9,59.6249999414,0,1,0,2.22259265433e-06
f9,59.6325823906,0,1,0,2.22259265433e-06
f9,59.6401571691,1,0,3.92145329059e-07,0
f9,59.6552837762,1,0,3.92145329059e-07,0
f9,59.6628356356,3,0,1.17643598718e-06,0
f9,59.6854456215,0,1,0,2.22259265433e-06
f9,59.7004811044,3,0,1.17643598718e-06,0
f9,59.7229778703,1,0,3.92145329059e-07,0
f9,59.7304617969,1,1,3.92145329059e-07,2.22259265433e-06
f9,59.7454072469,3,0,1.17643598718e-06,0
f9,59.7528688,1,0,3.92145329059e-07,0
f9,59.7603229251,1,0,3.92145329059e-07,0
f9,59.7752089498,3,0,1.17643598718e-06,0
f9,59.7900654387,1,0,3.92145329059e-07,0
f9,59.8048925088,3,1,1.17643598718e-06,2.22259265433e-06
f9,59.8122950481,2,0,7.84290658118e-07,0
f9,59.8270782079,2,1,7.84290658118e-07,2.22259265433e-06
f9,59.834458857,2,0,7.84290658118e-07,0
f9,59.8491983656,1,0,3.92145329059e-07,0
f9,59.8565572536,2,0,7.84290658118e-07,0
f9,59.8639089164,1,0,3.92145329059e-07,0
f9,59.8932435983,2,0,7.84290658118e-07,0
f9,59.9078679544,1,0,3.92145329059e-07,0
f9,59.9443043667,1,0,3.92145329059e-07,0
f9,59.9515704206,2,0,7.84290658118e-07,0
f9,59.9660814096,1,0,3.92145329059e-07,0
f9,59.9733263719,0,1,0,2.22259265433e-06
f9,59.9950192928,2,0,7.84290658118e-07,0
f9,60.0022363227,1,0,3.92145329059e-07,0
f9,60.0166495475,3,0,1.17643598718e-06,0
f9,60.023845769,1,0,3.92145329059e-07,0
f9,60.0310350811,2,0,7.84290658118e-07,0
f9,60.038217497,1,0,3.92145329059e-07,0
f9,60.066878462,2,0,7.84290658118e-07,0
f9,60.081167909,1,0,3.92145329059e-07,0
f9,60.095430138,1,0,3.92145329059e-07,0
f9,60.1025510781,2,0,7.84290658118e-07,0
f9,60.1096652524,1,0,3.92145329059e-07,0
f9,60.1167726739,3,0,1.17643598718e-06,0
f9,60.1309673094,1,0,3.92145329059e-07,0
f9,60.1380545489,1,0,3.92145329059e-07,0
f9,60.1522089349,1,0,3.92145329059e-07,0
f9,60.1592761066,1,0,3.92145329059e-07,0
f9,60.1733904708,1,0,3.92145329059e-07,0
f9,60.1804376882,1,1,3.92145329059e-07,2.22259265433e-06
f9,60.1874782792,1,1,3.92145329059e-07,2.22259265433e-06
f9,60.1945122562,4,0,1.56858131624e-06,0
f9,60.2015396316,1,2,3.92145329059e-07,4.44518530866e-06
f9,60.2155746272,1,0,3.92145329059e-07,0
f9,60.222582272,1,0,3.92145329059e-07,0
f9,60.2365779172,1,0,3.92145329059e-07,0
f9,60.2435659419,1,0,3.92145329059e-07,0
f9,60.2575224566,1,1,3.92145329059e-07,2.22259265433e-06
f9,60.2714530056,1,0,3.92145329059e-07,0
f9,60.2923003545,1,0,3.92145329059e-07,0
f9,60.333821725,1,0,3.92145329059e-07,0
f9,60.361375272,0,1,0,2.22259265433e-06
f9,60.3751141162,2,0,7.84290658118e-07,0
f9,60.3819740964,3,0,1.17643598718e-06,0
f9,60.4230025167,0,1,0,2.22259265433e-06
f9,60.4298187829,1,0,3.92145329059e-07,0
f9,60.4366288498,0,1,0,2.22259265433e-06
f9,60.4570219662,1,0,3.92145329059e-07,0
f9,60.4705865858,1,0,3.92145329059e-07,0
f9,60.4773596916,1,0,3.92145329059e-07,0
f9,60.4908875507,2,0,7.84290658118e-07,0
f9,60.5043910132,2,0,7.84290658118e-07,0
f9,60.5246006556,2,0,7.84290658118e-07,0
f9,60.5380435101,1,0,3.92145329059e-07,0
f9,60.558162648,1,0,3.92145329059e-07,0
f9,60.5648570319,2,0,7.84290658118e-07,0
f9,60.5982394678,1,0,3.92145329059e-07,0
f9,60.6048981325,1,0,3.92145329059e-07,0
f9,60.6181977238,1,1,3.92145329059e-07,2.22259265433e-06
f9,60.6248386714,1,0,3.92145329059e-07,0
f9,60.6314737343,1,0,3.92145329059e-07,0
f9,60.664561141,1,1,3.92145329059e-07,2.22259265433e-06
f9,60.677755273,2,0,7.84290658118e-07,0
f9,60.6909261963,1,0,3.92145329059e-07,0
f9,60.6975029802,1,0,3.92145329059e-07,0
f9,60.7106392431,1,0,3.92145329059e-07,0
f9,60.7171987424,1,0,3.92145329059e-07,0
f9,60.730300527,1,0,3.92145329059e-07,0
f9,60.7368428323,1,1,3.92145329059e-07,2.22259265433e-06
f9,60.7433794263,1,0,3.92145329059e-07,0
f9,60.7499103189,1,0,3.92145329059e-07,0
f9,60.7759770745,1,0,3.92145329059e-07,0
f9,60.7889765013,1,0,3.92145329059e-07,0
f9,60.7954677613,0,1,0,2.22259265433e-06
f9,60.8084334233,1,0,3.92145329059e-07,0
f9,60.8149078448,1,0,3.92145329059e-07,0
f9,60.827839917,1,0,3.92145329059e-07,0
f9,60.8407496926,1,0,3.92145329059e-07,0
f9,60.8471962431,1,0,3.92145329059e-07,0
f9,60.9049667925,1,0,3.92145329059e-07,0
f9,60.9113583148,1,0,3.92145329059e-07,0
f9,60.9241250152,1,0,3.92145329059e-07,0
f9,60.9305002118,1,0,3.92145329059e-07,0
f9,60.9432343441,1,0,3.92145329059e-07,0
f9,60.9495932981,0,1,0,2.22259265433e-06
f9,60.9559468564,1,0,3.92145329059e-07,0
f9,60.962295028,1,0,3.92145329059e-07,0
f9,60.9686378221,1,0,3.92145329059e-07,0
f9,61.0631405653,1,0,3.92145329059e-07,0
f9,61.0756512916,1,0,3.92145329059e-07,0
f9,61.0881411493,1,0,3.92145329059e-07,0
f9,61.1192749487,2,0,7.84290658118e-07,0
f9,61.1254862041,1,0,3.92145329059e-07,0
f9,61.1316923113,1,0,3.92145329059e-07,0
f9,61.1502798292,0,1,0,2.22259265433e-06
f9,61.1564654289,2,0,7.84290658118e-07,0
f9,61.1688213194,1,0,3.92145329059e-07,0
f9,61.1811568543,1,0,3.92145329059e-07,0
f9,61.2057671244,1,1,3.92145329059e-07,2.22259265433e-06
f9,61.2180419927,1,1,3.92145329059e-07,2.22259265433e-06
f9,61.224171889,2,0,7.84290658118e-07,0
f9,61.2425315254,1,0,3.92145329059e-07,0
f9,61.2547463209,1,0,3.92145329059e-07,0
f9,61.2669412225,1,0,3.92145329059e-07,0
f9,61.2851964156,0,1,0,2.22259265433e-06
f9,61.30340721,1,0,3.92145329059e-07,0
f9,61.3094676458,1,0,3.92145329059e-07,0
f9,61.327619577,2,0,7.84290658118e-07,0
f9,61.333660455,0,1,0,2.22259265433e-06
f9,61.3517539023,1,0,3.92145329059e-07,0
f9,61.4057733844,1,0,3.92145329059e-07,0
f9,61.4356166601,1,0,3.92145329059e-07,0
f9,61.4534656983,2,1,7.84290658118e-07,2.22259265433e-06
f9,61.4712722892,0,1,0,2.22259265433e-06
f9,61.4949487294,1,0,3.92145329059e-07,0
f9,61.5067589336,1,0,3.92145329059e-07,0
f9,61.5126570576,1,0,3.92145329059e-07,0
f9,61.5185505391,1,0,3.92145329059e-07,0
f9,61.5244393857,1,1,3.92145329059e-07,2.22259265433e-06
f9,61.5655321393,2,0,7.84290658118e-07,0
f9,61.5889128545,1,0,3.92145329059e-07,0
f9,61.6122207891,1,0,3.92145329059e-07,0
f9,61.7162178493,1,0,3.92145329059e-07,0
f9,61.7219533286,2,1,7.84290658118e-07,2.22259265433e-06
f9,61.7391334539,0,1,0,2.22259265433e-06
f9,61.7847553343,0,1,0,2.22259265433e-06
f9,61.841394545,0,1,0,2.22259265433e-06
f9,61.8470349731,2,0,7.84290658118e-07,0
f9,61.8526711555,1,0,3.92145329059e-07,0
f9,61.9032067892,1,0,3.92145329059e-07,0
f9,61.9255580534,1,0,3.92145329059e-07,0
f9,61.975605779,1,0,3.92145329059e-07,0
f9,61.9866822129,1,0,3.92145329059e-07,0
f9,61.9922142914,1,0,3.92145329059e-07,0
f9,62.0363243922,1,0,3.92145329059e-07,0
f9,62.0582823785,1,0,3.92145329059e-07,0
f9,62.0801761601,1,0,3.92145329059e-07,0
f9,62.0910990912,1,0,3.92145329059e-07,0
f9,62.1128972666,1,0,3.92145329059e-07,0
f9,62.1292043539,1,0,3.92145329059e-07,0
f9,62.1617123701,1,0,3.92145329059e-07,0
f9,62.1671166777,1,0,3.92145329059e-07,0
f9,62.1940798612,1,0,3.92145329059e-07,0
f9,62.2209462982,1,0,3.92145329059e-07,0
f9,62.226308037,0,1,0,2.22259265433e-06
f9,62.3115777752,1,0,3.92145329059e-07,0
f9,62.3221685379,1,0,3.92145329059e-07,0
f9,62.3801514728,1,0,3.92145329059e-07,0
f9,62.4585023931,0,1,0,2.22259265433e-06
f9,62.4896146316,1,0,3.92145329059e-07,0
f9,62.525749604,1,0,3.92145329059e-07,0
f9,62.5308975368,1,0,3.92145329059e-07,0
f9,62.6076948044,1,0,3.92145329059e-07,0
f9,62.6178751839,1,0,3.92145329059e-07,0
f9,62.7389721839,1,0,3.92145329059e-07,0
f9,62.7987940837,1,0,3.92145329059e-07,0
f9,62.8679875473,1,0,3.92145329059e-07,0
f9,62.8876402304,2,0,7.84290658118e-07,0
f9,62.9072414666,1,0,3.92145329059e-07,0
f9,62.9851372845,1,0,3.92145329059e-07,0
f9,63.0382244211,1,0,3.92145329059e-07,0
f9,63.0430319128,1,0,3.92145329059e-07,0
f9,63.2795540403,0,1,0,2.22259265433e-06
f9,63.3028004668,1,0,3.92145329059e-07,0
f9,63.3259749451,2,0,7.84290658118e-07,0
f9,63.3352246905,2,0,7.84290658118e-07,0
f9,63.449892597,1,0,3.92145329059e-07,0
f9,63.5268756491,1,0,3.92145329059e-07,0
f9,63.6119891538,1,0,3.92145329059e-07,0
f9,63.7137433714,1,1,3.92145329059e-07,2.22259265433e-06
f9,63.8702856855,1,0,3.92145329059e-07,0
f9,63.9174725203,1,0,3.92145329059e-07,0
f9,64.0530763253,1,0,3.92145329059e-07,0
f9,64.4576926973,1,0,3.92145329059e-07,0
f9,64.4616702102,1,0,3.92145329059e-07,0
f9,64.5052839674,0,1,0,2.22259265433e-06
f9,64.5721913011,0,1,0,2.22259265433e-06
f9,64.7157788649,1,0,3.92145329059e-07,0
f9,64.7922623487,1,0,3.92145329059e-07,0
f9,64.8226383253,1,0,3.92145329059e-07,0
f9,64.8717379632,1,0,3.92145329059e-07,0
f9,64.8755015562,1,0,3.92145329059e-07,0
f9,64.890537039,1,0,3.92145329059e-07,0
f9,64.9466527248,1,0,3.92145329059e-07,0
f9,65.0060495099,1,0,3.92145329059e-07,0
f9,65.0869583006,0,1,0,2.22259265433e-06
f9,65.2246830849,1,0,3.92145329059e-07,0
f9,65.3704936229,1,0,3.92145329059e-07,0
f9,65.7549129666,1,0,3.92145329059e-07,0
f9,65.7782962895,1,0,3.92145329059e-07,0
f9,65.9170831641,0,1,0,2.22259265433e-06
f9,66.2375286391,1,0,3.92145329059e-07,0
f9,66.4722129071,1,0,3.92145329059e-07,0
f9,66.9918480635,1,0,3.92145329059e-07,0
f9,67.7183799475,0,1,0,2.22259265433e-06
f11,-1.38394066926,1,0,3.92145329059e-07,0
f11,-1.35320675328,1,0,3.92145329059e-07,0
f11,-1.2781547919,0,1,0,2.22259265433e-06
f11,-1.25546991083,1,0,3.92145329059e-07,0
f11,-1.25406729787,1,0,3.92145329059e-07,0
f11,-1.2395777404,1,0,3.92145329059e-07,0
f11,-1.23199604696,0,1,0,2.22259265433e-06
f11,-1.20601377447,0,1,0,2.22259265433e-06
f11,-1.18452753228,1,0,3.92145329059e-07,0
f11,-1.16095886799,1,0,3.92145329059e-07,0
f11,-1.14825932533,1,0,3.92145329059e-07,0
f11,-1.12549950887,0,1,0,2.22259265433e-06
f11,-1.12068048653,1,0,3.92145329059e-07,0
f11,-1.09772973034,1,0,3.92145329059e-07,0
f11,-1.09504072314,1,1,3.92145329059e-07,2.22259265433e-06
f11,-1.08397733277,1,0,3.92145329059e-07,0
f11,-1.07533668513,1,0,3.92145329059e-07,0
f11,-1.07238691961,1,0,3.92145329059e-07,0
f11,-1.06940095975,1,0,3.92145329059e-07,0
f11,-1.06637790627,0,1,0,2.22259265433e-06
f11,-1.06021674995,1,0,3.92145329059e-07,0
f11,-1.05707667186,1,0,3.92145329059e-07,0
f11,-1.05067228447,2,0,7.84290658118e-07,0
f11,-1.03733455347,1,0,3.92145329059e-07,0
f11,-1.02682848993,1,1,3.92145329059e-07,2.22259265433e-06
f11,-1.02322319917,1,0,3.92145329059e-07,0
f11,-1.01956369147,3,1,1.17643598718e-06,2.22259265433e-06
f11,-1.01584831128,1,0,3.92145329059e-07,0
f11,-1.012075326,2,0,7.84290658118e-07,0
f11,-0.992279646991,4,0,1.56858131624e-06,0
f11,-0.983887343771,0,1,0,2.22259265433e-06
f11,-0.979580104326,3,0,1.17643598718e-06,0
f11,-0.975195252801,4,0,1.56858131624e-06,0
f11,-0.970729940811,2,2,7.84290658118e-07,4.44518530866e-06
f11,-0.966181160229,3,1,1.17643598718e-06,2.22259265433e-06
f11,-0.961545731017,1,0,3.92145329059e-07,0
f11,-0.956820287868,3,0,1.17643598718e-06,0
f11,-0.95200126553,3,0,1.17643598718e-06,0
f11,-0.94708488265,6,0,2.35287197435e-06,0
f11,-0.942067123939,4,0,1.56858131624e-06,0
f11,-0.936943720479,5,0,1.96072664529e-06,0
f11,-0.931710127896,3,2,1.17643598718e-06,4.44518530866e-06
f11,-0.926361502138,5,1,1.96072664529e-06,2.22259265433e-06
f11,-0.920892672538,3,2,1.17643598718e-06,4.44518530866e-06
f11,-0.915298111766,2,1,7.84290658118e-07,2.22259265433e-06
f11,-0.909571902262,6,3,2.35287197435e-06,6.66777796299e-06
f11,-0.903707698609,4,0,1.56858131624e-06,0
f11,-0.897698685267,6,2,2.35287197435e-06,4.44518530866e-06
f11,-0.891537528952,1,1,3.92145329059e-07,2.22259265433e-06
f11,-0.885216324835,5,3,1.96072664529e-06,6.66777796299e-06
f11,-0.878726535553,2,2,7.84290658118e-07,4.44518530866e-06
f11,-0.872058921875,6,1,2.35287197435e-06,2.22259265433e-06
f11,-0.86520346359,10,2,3.92145329059e-06,4.44518530866e-06
f11,-0.858149268931,9,1,3.52930796153e-06,2.22259265433e-06
f11,-0.850884470473,14,1,5.49003460683e-06,2.22259265433e-06
f11,-0.843396105003,13,0,5.09788927777e-06,0
f11,-0.83566997432,12,2,4.70574394871e-06,4.44518530866e-06
f11,-0.827690483202,20,1,7.84290658118e-06,2.22259265433e-06
f11,-0.819440449894,12,1,4.70574394871e-06,2.22259265433e-06
f11,-0.810900883326,10,4,3.92145329059e-06,8.89037061733e-06
f11,-0.80205071981,19,3,7.45076125212e-06,6.66777796299e-06
f11,-0.792866510016,18,4,7.05861592306e-06,8.89037061733e-06
f11,-0.78332204453,19,3,7.45076125212e-06,6.66777796299e-06
f11,-0.773387902938,24,4,9.41148789741e-06,8.89037061733e-06
f11,-0.763030906895,28,4,1.09800692137e-05,8.89037061733e-06
f11,-0.752213451537,30,7,1.17643598718e-05,1.55581485803e-05
f11,-0.740892681262,39,7,1.52936678333e-05,1.55581485803e-05
f11,-0.729019464266,64,13,2.50973010598e-05,2.88937045063e-05
f11,-0.716537103835,48,11,1.88229757948e-05,2.44485191976e-05
f11,-0.703379700874,72,10,2.82344636922e-05,2.22259265433e-05
f11,-0.689470047931,95,12,3.72538062606e-05,2.6671111852e-05
f11,-0.674716884002,89,15,3.49009342862e-05,3.3338889815e-05
f11,-0.659011262202,131,21,5.13710381067e-05,4.6674445741e-05
f11,-0.642221662325,141,27,5.52924913973e-05,6.00100016669e-05
f11,-0.624187289016,183,31,7.17625952178e-05,6.89003722843e-05
f11,-0.604708681938,185,31,7.25468858759e-05,6.89003722843e-05
f11,-0.583534230536,295,46,0.000115682872072,0.000102239262099
f11,-0.560340243265,360,62,0.000141172318461,0.000137800744569
f11,-0.534700479873,468,84,0.000183524014,0.000186697782964
f11,-0.506037663002,631,104,0.000247443702636,0.00023114963605
f11,-0.473542441325,879,162,0.000344695744243,0.000360060010002
f11,-0.436029460937,1433,258,0.000561944256541,0.000573428904817
f11,-0.391661022265,2466,447,0.000967030381459,0.000993498916486
f11,-0.337358442001,5621,960,0.00220424889464,0.00213368894816
f11,-0.267350239937,23553,3811,0.00923619893533,0.00847030060566
f11,-0.168679221001,2512975,443746,0.985451408292,0.986266599989
