outcome,model,split,n,budget_fraction,targeted_n,gain,random_gain,gain_vs_random,ci_lower,ci_upper,vs_random_ci_lower,vs_random_ci_upper,vs_response_ci_lower,vs_response_ci_upper,selected_model
visit,s_learner,test,600000,0,0,0,0,0,0,0,0,0,0,0,True
visit,s_learner,test,600000,0.01,6000,0.00193281235627,0.000105334340524,0.00182747801574,0.00158921891202,0.00230097555368,0.0014917977338,0.00219462479284,-0.000401718554843,0.000759536868261,True
visit,s_learner,test,600000,0.02,12000,0.00353492637977,0.000210668681048,0.00332425769872,0.00303785101078,0.00402717258918,0.00284495796308,0.00380232594671,-0.000461624563477,0.00111888477071,True
visit,s_learner,test,600000,0.03,18000,0.00488152722701,0.000316003021572,0.00456552420544,0.00426165900677,0.00547228574088,0.00395863065948,0.00513868110871,-0.000220613557517,0.00150385891121,True
visit,s_learner,test,600000,0.04,24000,0.00576602183518,0.000421337362095,0.00534468447309,0.00506619130763,0.00641891440861,0.00466524209564,0.00597813998545,-0.000251570012477,0.00166917005767,True
visit,s_learner,test,600000,0.05,30000,0.00638518002333,0.000526671702619,0.00585850832071,0.00559679631974,0.00711244454523,0.00511180937308,0.00656922768437,5.21499603809e-05,0.00184576222151,True
visit,s_learner,test,600000,0.06,36000,0.00723251234107,0.000632006043143,0.00660050629792,0.00638173118393,0.00804248614863,0.00580452065743,0.00736267595436,6.23414491319e-05,0.00194684004968,True
visit,s_learner,test,600000,0.07,42000,0.00766609865243,0.000737340383667,0.00692875826876,0.00682252910607,0.00854962563595,0.00614525689537,0.00771822582921,-0.000116639130779,0.00172152030698,True
visit,s_learner,test,600000,0.08,48000,0.00801607087255,0.000842674724191,0.00717339614836,0.00717318452454,0.00896465732534,0.00640205185549,0.00802625375881,-0.000248345060016,0.00150111882922,True
visit,s_learner,test,600000,0.09,54000,0.00831377448039,0.000948009064715,0.00736576541567,0.00738130666978,0.00928311745869,0.00650229919222,0.00824446151062,-0.000365852291977,0.00128229116226,True
visit,s_learner,test,600000,0.1,60000,0.00867883994868,0.00105334340524,0.00762549654344,0.00774383359519,0.00962731790619,0.00676514209923,0.00845069387441,-7.15050108422e-05,0.00139960165153,True
visit,s_learner,test,600000,0.11,66000,0.00870077825404,0.00115867774576,0.00754210050828,0.00761564881102,0.00969211443086,0.00658708274618,0.00841657019656,-0.000401668188452,0.00110911409953,True
visit,s_learner,test,600000,0.12,72000,0.00884498530278,0.00126401208629,0.00758097321649,0.00778107543902,0.00990650024631,0.00663579704095,0.00852314744633,-0.000667857053915,0.000740614793896,True
visit,s_learner,test,600000,0.13,78000,0.00882970248611,0.00136934642681,0.0074603560593,0.00770782161787,0.00987771466939,0.00645258628628,0.00840599957301,-0.000833021170388,0.000525148944586,True
visit,s_learner,test,600000,0.14,84000,0.0089452284739,0.00147468076733,0.00747054770657,0.0078819430014,0.0100683435638,0.00655196401394,0.00844675731692,-0.000968157341701,0.000322311764959,True
visit,s_learner,test,600000,0.15,90000,0.00888884883982,0.00158001510786,0.00730883373196,0.00780032537701,0.00999464406877,0.0063409468706,0.00824055486083,-0.00118602948535,8.71907259519e-05,True
visit,s_learner,test,600000,0.16,96000,0.00882464590969,0.00168534944838,0.00713929646131,0.00776331543593,0.00986340639825,0.00625057283933,0.00803255343887,-0.00131511490784,-5.68148490487e-05,True
visit,s_learner,test,600000,0.17,102000,0.008892521893,0.00179068378891,0.00710183810409,0.00782839591298,0.00998869491068,0.00619524734528,0.008023122274,-0.00135730980898,-0.000101543112624,True
visit,s_learner,test,600000,0.18,108000,0.00886562506389,0.00189601812943,0.00696960693446,0.00780244258756,0.00997423181437,0.00608618348623,0.00786073695521,-0.00132157447095,-0.000108110084267,True
visit,s_learner,test,600000,0.19,114000,0.00903613637674,0.00200135246995,0.00703478390678,0.00801721571106,0.0101223651863,0.00622003720455,0.00788945171808,-0.00125471554717,-7.17286363082e-05,True
visit,s_learner,test,600000,0.2,120000,0.0089589185883,0.00210668681048,0.00685223177782,0.00789010740636,0.0100213955838,0.00599154936785,0.00771223448502,-0.0013215383222,-0.000149577663354,True
visit,s_learner,test,600000,0.21,126000,0.0090000284794,0.002212021151,0.0067880073284,0.00788727806376,0.0101457404537,0.00587085907259,0.00765795133666,-0.00135821099477,-0.000164771333801,True
visit,s_learner,test,600000,0.22,132000,0.00890190716815,0.00231735549153,0.00658455167662,0.00772362784789,0.0100690948189,0.00564546939945,0.00748712413462,-0.00150356554578,-0.000281458918944,True
visit,s_learner,test,600000,0.23,138000,0.00891754068655,0.00242268983205,0.0064948508545,0.00775717516501,0.0101085367932,0.00560076097202,0.00741153816788,-0.00160009833833,-0.000464791223623,True
visit,s_learner,test,600000,0.24,144000,0.00897829706518,0.00252802417257,0.0064502728926,0.00783841541734,0.0101576597449,0.00556681284147,0.00735079346455,-0.00157987016966,-0.00047762075421,True
visit,s_learner,test,600000,0.25,150000,0.00898283723084,0.0026333585131,0.00634947871774,0.00781076595224,0.0101735671163,0.00546847060733,0.00720654984568,-0.00162727656228,-0.000490609040247,True
visit,s_learner,test,600000,0.26,156000,0.00904948886309,0.00273869285362,0.00631079600947,0.00785710647143,0.0102172092422,0.00542636159355,0.00717377092317,-0.0016638781058,-0.000521457751659,True
visit,s_learner,test,600000,0.27,162000,0.00898081767259,0.00284402719414,0.00613679047845,0.00779770254969,0.010128510793,0.00525817201899,0.00697127430965,-0.00177244811431,-0.000655195977823,True
visit,s_learner,test,600000,0.28,168000,0.00892850330239,0.00294936153467,0.00597914176772,0.00770864317672,0.0100705425094,0.00512113087477,0.00678938231549,-0.00184949617357,-0.000734563358702,True
visit,s_learner,test,600000,0.29,174000,0.00897750185799,0.00305469587519,0.00592280598279,0.00774845713831,0.0101310238422,0.00508319608892,0.00672611509705,-0.00180195928919,-0.000701912520846,True
visit,s_learner,test,600000,0.3,180000,0.00898205509734,0.00316003021572,0.00582202488163,0.0077737613632,0.0101005070962,0.0049878261599,0.00663681481349,-0.00182993307985,-0.000740159167632,True
visit,s_learner,test,600000,0.31,186000,0.00895719090017,0.00326536455624,0.00569182634393,0.00776652736372,0.010109598434,0.00484875201604,0.00649265539817,-0.00178428148692,-0.000714666616241,True
visit,s_learner,test,600000,0.32,192000,0.00896631698942,0.00337069889676,0.00559561809266,0.00778324630889,0.0101023410163,0.00475119408228,0.00635656392131,-0.00184857703598,-0.000767801548421,True
visit,s_learner,test,600000,0.33,198000,0.0089623628519,0.00347603323729,0.00548632961462,0.00777110858895,0.0101406767521,0.00466629290017,0.00628076786903,-0.0018731757637,-0.000809146520809,True
visit,s_learner,test,600000,0.34,204000,0.00902574442746,0.00358136757781,0.00544437684965,0.0078385858002,0.0101982433056,0.00463833801096,0.00619817062799,-0.00186794574844,-0.000760796689876,True
visit,s_learner,test,600000,0.35,210000,0.00903879850685,0.00368670191834,0.00535209658851,0.00782789640814,0.0101725957411,0.00454190976437,0.00612441928038,-0.00177303203433,-0.000708885798258,True
visit,s_learner,test,600000,0.36,216000,0.00909303438262,0.00379203625886,0.00530099812377,0.00787962020709,0.0102521645794,0.00451775320592,0.00606560570339,-0.00170242381325,-0.000671780795102,True
visit,s_learner,test,600000,0.37,222000,0.00914334880511,0.00389737059938,0.00524597820573,0.00792112780801,0.0103015330142,0.00446479371718,0.00600917965371,-0.00168250827736,-0.000645549866218,True
visit,s_learner,test,600000,0.38,228000,0.00914529645807,0.00400270493991,0.00514259151816,0.00792748709591,0.010305085242,0.00437281362216,0.0059141343994,-0.00165620181523,-0.000632918974007,True
visit,s_learner,test,600000,0.39,234000,0.00918776143713,0.00410803928043,0.0050797221567,0.00798548167388,0.0103543621773,0.00432675651737,0.00582307248735,-0.00166172648694,-0.000618519562907,True
visit,s_learner,test,600000,0.4,240000,0.00921977138636,0.00421337362095,0.00500639776541,0.00798690227737,0.010383528362,0.00427728337195,0.0057258883902,-0.00171141543959,-0.00065364026592,True
visit,s_learner,test,600000,0.41,246000,0.00923413479579,0.00431870796148,0.00491542683431,0.00799881009648,0.0104163438548,0.00419818039117,0.00560945047135,-0.00166259732543,-0.000592215543925,True
visit,s_learner,test,600000,0.42,252000,0.00927791564174,0.004424042302,0.00485387333974,0.00803322209927,0.0104799127355,0.00414284615279,0.00554768390505,-0.00161229024872,-0.000556125157159,True
visit,s_learner,test,600000,0.43,258000,0.00930928073122,0.00452937664253,0.0047799040887,0.00806858745188,0.0105173543943,0.00409051785535,0.00546395580209,-0.00161795642679,-0.000560824527684,True
visit,s_learner,test,600000,0.44,264000,0.0093426000105,0.00463471098305,0.00470788902745,0.00807936039299,0.0105233522519,0.00399061135576,0.00536853511055,-0.00159270537096,-0.000516282809322,True
visit,s_learner,test,600000,0.45,270000,0.00938246594001,0.00474004532357,0.00464242061643,0.00812300186524,0.0105723609886,0.00394654115857,0.00528543178411,-0.00154928121613,-0.000456108054649,True
visit,s_learner,test,600000,0.46,276000,0.00937265576994,0.0048453796641,0.00452727610584,0.00812209769701,0.0105640081346,0.0038413411217,0.00516713040646,-0.00153420382798,-0.000460377807381,True
visit,s_learner,test,600000,0.47,282000,0.00941971320942,0.00495071400462,0.0044689992048,0.0081720494962,0.0106118008466,0.00379911909486,0.00510025562193,-0.00147867168768,-0.000409978307856,True
visit,s_learner,test,600000,0.48,288000,0.00940597504922,0.00505604834515,0.00434992670407,0.00815994963276,0.0106003295008,0.00368324356096,0.00497898289722,-0.00154400250138,-0.000475719186011,True
visit,s_learner,test,600000,0.49,294000,0.00941119275886,0.00516138268567,0.00424981007319,0.0082092412106,0.0106326926521,0.00359755946207,0.00488804802483,-0.0014903925285,-0.000436575349083,True
visit,s_learner,test,600000,0.5,300000,0.00948960221414,0.00526671702619,0.00422288518795,0.00827409022615,0.010720012734,0.00359092195379,0.0048476952875,-0.00141136642813,-0.000375438861096,True
visit,s_learner,test,600000,0.51,306000,0.00951051227379,0.00537205136672,0.00413846090708,0.00828691000049,0.0107327962452,0.00350391449809,0.00476177449697,-0.00140849663062,-0.00038411785466,True
visit,s_learner,test,600000,0.52,312000,0.00949024053705,0.00547738570724,0.00401285482981,0.00827359425938,0.0107181824501,0.00339491519291,0.00462607037678,-0.00143749343752,-0.000423206087551,True
visit,s_learner,test,600000,0.53,318000,0.0095098478035,0.00558272004776,0.00392712775574,0.0082931034895,0.0107359270263,0.00332210978593,0.00453157029314,-0.00141861223478,-0.00041614153127,True
visit,s_learner,test,600000,0.54,324000,0.0095111505967,0.00568805438829,0.00382309620841,0.00830615741363,0.0107316689908,0.00322471364628,0.00440970352226,-0.00142027939989,-0.00041925848688,True
visit,s_learner,test,600000,0.55,330000,0.00950984126666,0.00579338872881,0.00371645253785,0.00830792380805,0.0107305903706,0.00312674704188,0.00429864514189,-0.00145573009918,-0.000449632541638,True
visit,s_learner,test,600000,0.56,336000,0.00952421774978,0.00589872306934,0.00362549468044,0.00831646598544,0.0107386852153,0.00303922491244,0.00420107146864,-0.00144110727506,-0.000423361525553,True
visit,s_learner,test,600000,0.57,342000,0.00953794283629,0.00600405740986,0.00353388542643,0.00832935776314,0.0107503894607,0.00295298624551,0.00410267554788,-0.00142340888173,-0.000409523425157,True
visit,s_learner,test,600000,0.58,348000,0.00952159908969,0.00610939175038,0.0034122073393,0.00831678955927,0.0107383238585,0.00283524675087,0.00398293841369,-0.00144674980608,-0.00043384634705,True
visit,s_learner,test,600000,0.59,354000,0.00953728490285,0.00621472609091,0.00332255881194,0.00833350475392,0.0107509215272,0.00275552644892,0.00388161936172,-0.00142978625218,-0.00041283171422,True
visit,s_learner,test,600000,0.6,360000,0.00952682333618,0.00632006043143,0.00320676290474,0.00831979153995,0.0107429445826,0.00265079067054,0.00375287598504,-0.00145452316064,-0.000427723978917,True
visit,s_learner,test,600000,0.61,366000,0.00952878406282,0.00642539477196,0.00310338929087,0.00832258557542,0.0107448072729,0.00255147989104,0.00364490709548,-0.00147322996852,-0.00045012528084,True
visit,s_learner,test,600000,0.62,372000,0.00954250914934,0.00653072911248,0.00301178003686,0.00833219313598,0.0107563755602,0.00246946513657,0.00354487685734,-0.00146017479422,-0.000426317756488,True
visit,s_learner,test,600000,0.63,378000,0.00954904272587,0.006636063453,0.00291297927287,0.00831765614881,0.0107586759821,0.00238031656647,0.0034361411814,-0.00142622230711,-0.00041151198242,True
visit,s_learner,test,600000,0.64,384000,0.00955165484912,0.00674139779353,0.00281025705559,0.00832526926895,0.0107461718802,0.00228736731718,0.00332460642012,-0.00144107301382,-0.000419783036004,True
visit,s_learner,test,600000,0.65,390000,0.00953727182916,0.00684673213405,0.00269053969511,0.00831583947788,0.0107436208683,0.00216104948389,0.00320789408248,-0.0014746404399,-0.000453597293355,True
visit,s_learner,test,600000,0.66,396000,0.00954511473574,0.00695206647458,0.00259304826116,0.00832461372962,0.0107485717031,0.00207710841787,0.00311249834379,-0.0014464034105,-0.000429331666909,True
visit,s_learner,test,600000,0.67,402000,0.00955164831227,0.0070574008151,0.00249424749718,0.00833649475583,0.0107679828968,0.00197164269706,0.00300669769138,-0.00143762208263,-0.000437507462319,True
visit,s_learner,test,600000,0.68,408000,0.00955491183212,0.00716273515562,0.0023921766765,0.00832721980628,0.0107657819248,0.00188017533622,0.00290813725139,-0.0014263062402,-0.000415409363779,True
visit,s_learner,test,600000,0.69,414000,0.00956079401206,0.00726806949615,0.00229272451591,0.0083322686774,0.0107724987209,0.00178397257304,0.00280641737987,-0.00142475895266,-0.000418235642236,True
visit,s_learner,test,600000,0.7,420000,0.00955360250208,0.00737340383667,0.0021801986654,0.00832695538273,0.0107642778295,0.00168085264324,0.00268617331964,-0.00146301180128,-0.000434019491731,True
visit,s_learner,test,600000,0.71,426000,0.00956928831524,0.00747873817719,0.00209055013804,0.0083455332677,0.0107802152621,0.00159770787999,0.00259216595951,-0.00145229055027,-0.00042113081904,True
visit,s_learner,test,600000,0.72,432000,0.00957517049517,0.00758407251772,0.00199109797745,0.00835224875646,0.0107832465524,0.0015000758158,0.00249232855274,-0.00145887276093,-0.000427508843179,True
visit,s_learner,test,600000,0.73,438000,0.0095849741284,0.00768940685824,0.00189556727016,0.00836112104453,0.010794038385,0.00141341263219,0.00239651231728,-0.00143910575033,-0.000423256029046,True
visit,s_learner,test,600000,0.74,444000,0.00957778261842,0.00779474119877,0.00178304141965,0.00835428181329,0.0107842368762,0.00131015841656,0.00227770605366,-0.001447285141,-0.000419943760679,True
visit,s_learner,test,600000,0.75,450000,0.00958954697829,0.00790007553929,0.001689471439,0.00836418348285,0.0107951679273,0.00121702092877,0.0021751041855,-0.00144047161591,-0.000415089001179,True
visit,s_learner,test,600000,0.76,456000,0.00960131133816,0.00800540987981,0.00159590145835,0.00837781053304,0.010804907671,0.00112725373741,0.00208123104257,-0.00141668086674,-0.000387535235494,True
visit,s_learner,test,600000,0.77,462000,0.00959608055483,0.00811074422034,0.00148533633449,0.00836546182008,0.010793969266,0.00101736185188,0.00196841484216,-0.00142371862195,-0.000406685764419,True
visit,s_learner,test,600000,0.78,468000,0.00960000200812,0.00821607856086,0.00138392344726,0.00837041265486,0.0107988914531,0.000920296286681,0.00186231444804,-0.00142245792603,-0.000405253451807,True
visit,s_learner,test,600000,0.79,474000,0.00957777608157,0.00832141290139,0.00125636318019,0.00833951323387,0.0107814594035,0.000796227275376,0.00172067838488,-0.00144877910423,-0.000426850149825,True
visit,s_learner,test,600000,0.8,480000,0.00957646675153,0.00842674724191,0.00114971950962,0.00833923328532,0.0107809491782,0.000691163803649,0.0016104354157,-0.00141626677395,-0.00040138107388,True
visit,s_learner,test,600000,0.81,486000,0.00957515742148,0.00853208158243,0.00104307583905,0.00835129175419,0.010771824282,0.000593510165824,0.00149465731724,-0.00142376459232,-0.000409530615687,True
visit,s_learner,test,600000,0.82,492000,0.00958496105471,0.00863741592296,0.000947545131753,0.00835913466077,0.0107857454411,0.00049806632478,0.00139805687953,-0.00141518641324,-0.000407259821972,True
visit,s_learner,test,600000,0.83,498000,0.00957253876139,0.00874275026348,0.000829788497912,0.0083401263409,0.0107703975257,0.000374332416905,0.00129628501173,-0.00145356246505,-0.000419764136351,True
visit,s_learner,test,600000,0.84,504000,0.00958038166797,0.008848084604,0.000732297063969,0.00834896448213,0.0107774286378,0.000278483885428,0.00119783470345,-0.00145850398482,-0.000416243922775,True
visit,s_learner,test,600000,0.85,510000,0.00958822457456,0.00895341894453,0.000634805630027,0.00835288593542,0.0107833108177,0.000176352023038,0.00109909028616,-0.00144502284519,-0.000406316547073,True
visit,s_learner,test,600000,0.86,516000,0.00959214602785,0.00905875328505,0.000533392742793,0.008360728842,0.0107852715444,7.46738696554e-05,0.000998132918725,-0.00145286542493,-0.000416218216632,True
visit,s_learner,test,600000,0.87,522000,0.00958103306457,0.00916408762558,0.000416945438998,0.00835723694114,0.0107852715444,-4.09804748902e-05,0.000895097735041,-0.00146840532754,-0.000417661257841,True
visit,s_learner,test,600000,0.88,528000,0.00958495451786,0.0092694219661,0.000315532551765,0.00836208973958,0.010789291034,-0.000146454408839,0.000802194007358,-0.00143831242248,-0.000405806812075,True
visit,s_learner,test,600000,0.89,534000,0.00957580228124,0.00937475630662,0.000201045974614,0.00835774242718,0.0107865136103,-0.000255246557887,0.000693196853947,-0.00144981110046,-0.000419288278551,True
visit,s_learner,test,600000,0.9,540000,0.00958037513113,0.00948009064715,0.000100284483981,0.00836638492881,0.0107785930378,-0.000356558186205,0.000585350372038,-0.00144969912431,-0.000427515380024,True
visit,s_learner,test,600000,0.91,546000,0.00958102652773,0.00958542498767,-4.39845994262e-06,0.00837174321331,0.0107683616907,-0.000474348734913,0.000479414349091,-0.00144821213099,-0.000421127714038,True
visit,s_learner,test,600000,0.92,552000,0.00958886943431,0.0096907593282,-0.000101889893885,0.00837968415622,0.0107810573957,-0.000574409412931,0.000389988883066,-0.00141334523732,-0.000408741422395,True
visit,s_learner,test,600000,0.93,558000,0.00959475161425,0.00979609366872,-0.000201342054473,0.00838855644429,0.0107880669935,-0.000676250343722,0.000292896158098,-0.00141297689428,-0.000412571049356,True
visit,s_learner,test,600000,0.94,564000,0.00959867306754,0.00990142800924,-0.000302754941707,0.00839443862423,0.0107918904104,-0.000784851829098,0.000195516694753,-0.00141070054424,-0.000410800185373,True
visit,s_learner,test,600000,0.95,570000,0.00960651597412,0.0100067623498,-0.000400246375649,0.00840320666596,0.0108021585682,-0.00088877228887,0.000104021616222,-0.00140708098697,-0.000413692257174,True
visit,s_learner,test,600000,0.96,576000,0.00959213295416,0.0101120966903,-0.000519963736135,0.0083792852616,0.0107844097431,-0.00100998177565,-1.74878405735e-05,-0.00142023620768,-0.0004186527338,True
visit,s_learner,test,600000,0.97,582000,0.00964308569955,0.0102174310308,-0.000574345331261,0.00841214055563,0.0108445966972,-0.00103183522836,-8.13462525804e-05,-0.00135197024437,-0.00037451727218,True
visit,s_learner,test,600000,0.98,588000,0.00962791400925,0.0103227653713,-0.000694851362092,0.0083879413517,0.0107754449995,-0.0011454306376,-0.00023438019647,-0.00137585692992,-0.000451399401804,True
visit,s_learner,test,600000,0.99,594000,0.00987263223975,0.0104280997119,-0.000555467472116,0.00855403225387,0.0110977377995,-0.000946897771656,-0.000171853089257,-0.00105372871956,-0.000277644988582,True
visit,s_learner,test,600000,1,600000,0.0105334340524,0.0105334340524,0,0.00920421858166,0.0117986958429,0,0,0,0,True
visit,t_learner,test,600000,0,0,0,0,0,0,0,0,0,0,0,False
visit,t_learner,test,600000,0.01,6000,0.00182478282227,0.000105334340524,0.00171944848175,0.00139299158574,0.00221973902735,0.00128871425059,0.00210990304655,-0.000535058670806,0.000662720188699,False
visit,t_learner,test,600000,0.02,12000,0.00296145518157,0.000210668681048,0.00275078650052,0.00236253525335,0.00353070169042,0.00216469569973,0.00330294753546,-0.000991585434888,0.000568599655354,False
visit,t_learner,test,600000,0.03,18000,0.00399429400765,0.000316003021572,0.00367829098607,0.00328720563748,0.00461827213025,0.00300280663834,0.00429532896588,-0.00108221076626,0.00053443252277,False
visit,t_learner,test,600000,0.04,24000,0.0049880032798,0.000421337362095,0.00456666591771,0.0042239132539,0.00573896334173,0.00381725780769,0.00530858157349,-0.000922445920302,0.000746694247642,False
visit,t_learner,test,600000,0.05,30000,0.00538823109081,0.000526671702619,0.00486155938819,0.00459395366976,0.0062159554639,0.00409021809574,0.00565951068975,-0.00102782714961,0.000725992010632,False
visit,t_learner,test,600000,0.06,36000,0.00596895687955,0.000632006043143,0.00533695083641,0.0050723554462,0.00683642109458,0.00450541917276,0.00616639129472,-0.0012487078353,0.000535380152841,False
visit,t_learner,test,600000,0.07,42000,0.00633270648095,0.000737340383667,0.00559536609728,0.00540770523442,0.00720860236801,0.00472766614475,0.00643103033928,-0.0014009180904,0.00027000562301,False
visit,t_learner,test,600000,0.08,48000,0.00680107828591,0.000842674724191,0.00595840356172,0.00585416875447,0.00770009691379,0.00510287768175,0.00679439256235,-0.00135566352909,0.000295242591934,False
visit,t_learner,test,600000,0.09,54000,0.00707077183994,0.000948009064715,0.00612276277523,0.00613448971493,0.00800068448774,0.00527810870346,0.00694145756987,-0.00157994864449,8.33740419438e-05,False
visit,t_learner,test,600000,0.1,60000,0.00744510067123,0.00105334340524,0.00639175726599,0.00649104488929,0.00839396989159,0.00552493803737,0.0072335858577,-0.00141762187008,0.000304263151989,False
visit,t_learner,test,600000,0.11,66000,0.00747954624889,0.00115867774576,0.00632086850313,0.00652138350617,0.00844174046818,0.00546927420767,0.00715859510019,-0.00169884671278,5.45434261624e-05,False
visit,t_learner,test,600000,0.12,72000,0.00754998859753,0.00126401208629,0.00628597651125,0.00658237248208,0.00852415103637,0.00546182167877,0.00716688595314,-0.00203434082636,-0.000347258587848,False
visit,t_learner,test,600000,0.13,78000,0.00764855212635,0.00136934642681,0.00627920569954,0.00660924824621,0.00866503320063,0.00534647105434,0.00717856682426,-0.00212882354994,-0.000531683501649,False
visit,t_learner,test,600000,0.14,84000,0.0078628377483,0.00147468076733,0.00638815698096,0.0067760724108,0.00887701884185,0.00545700606337,0.00725482576475,-0.00218109597811,-0.000554914893,False
visit,t_learner,test,600000,0.15,90000,0.00793790524159,0.00158001510786,0.00635789013373,0.00687136620976,0.00894931152617,0.00543525683314,0.00723014028591,-0.00230361432274,-0.000583701303367,False
visit,t_learner,test,600000,0.16,96000,0.00801299234542,0.00168534944838,0.00632764289703,0.00689317698946,0.00906176810573,0.00535636263322,0.00720254680153,-0.00230839495441,-0.000694372498976,False
visit,t_learner,test,600000,0.17,102000,0.00809135604278,0.00179068378891,0.00630067225387,0.00699239906454,0.00913026205785,0.00538131825233,0.00717761351375,-0.00236032702541,-0.000765294374221,False
visit,t_learner,test,600000,0.18,108000,0.00809912704407,0.00189601812943,0.00620310891464,0.0070172819816,0.00916939646538,0.00527119729132,0.00711278260715,-0.00227694640577,-0.000756287124816,False
visit,t_learner,test,600000,0.19,114000,0.00822980511163,0.00200135246995,0.00622845264168,0.00707097794667,0.00933087711057,0.00526050427074,0.00712605614239,-0.00223150329734,-0.000692984130304,False
visit,t_learner,test,600000,0.2,120000,0.00831995931624,0.00210668681048,0.00621327250577,0.00716739013443,0.00944521256731,0.00529351979337,0.00713429237249,-0.0021411061754,-0.000667263696327,False
visit,t_learner,test,600000,0.21,126000,0.00838331474442,0.002212021151,0.00617129359342,0.00722218111091,0.00947112690045,0.00525691245714,0.00705149734098,-0.00210509165689,-0.000652426872246,False
visit,t_learner,test,600000,0.22,132000,0.00847740347602,0.00231735549153,0.00616004798449,0.00732118429158,0.00955639001704,0.00522794763266,0.00702979354485,-0.00207697935048,-0.000594377989435,False
visit,t_learner,test,600000,0.23,138000,0.00848193056799,0.00242268983205,0.00605924073595,0.00729010795905,0.00957475395924,0.00515205578348,0.00696913719678,-0.00224515066894,-0.000713066927714,False
visit,t_learner,test,600000,0.24,144000,0.0085930144428,0.00252802417257,0.00606499027022,0.00743043024254,0.0096847516964,0.00515677591805,0.00694538199595,-0.00217904612976,-0.000641910142774,False
visit,t_learner,test,600000,0.25,150000,0.00862566271494,0.0026333585131,0.00599230420184,0.00747213719271,0.00973113247438,0.00508622178985,0.0068649190687,-0.00218368918536,-0.00067597253876,False
visit,t_learner,test,600000,0.26,156000,0.00866485763731,0.00273869285362,0.00592616478369,0.00750541644199,0.0098016443914,0.00502547620388,0.00680475713434,-0.00222482130991,-0.000693388532217,False
visit,t_learner,test,600000,0.27,162000,0.00862430762698,0.00284402719414,0.00578028043284,0.00744518547045,0.00974831741488,0.00488006022369,0.00663713754504,-0.00232391791026,-0.00082376819281,False
visit,t_learner,test,600000,0.28,168000,0.00865631757622,0.00294936153467,0.00570695604155,0.00746920840836,0.00977260187561,0.0048139411044,0.00653057990834,-0.00231622243404,-0.000811157556647,False
visit,t_learner,test,600000,0.29,174000,0.0086680688624,0.00305469587519,0.00561337298721,0.00748104747619,0.00979075531506,0.00471989526587,0.00640345251303,-0.00231025446619,-0.000813364248426,False
visit,t_learner,test,600000,0.3,180000,0.00863928974878,0.00316003021572,0.00547925953307,0.00744720953095,0.00976619290768,0.00459518203771,0.00625596487797,-0.0023750187397,-0.000915597406747,False
visit,t_learner,test,600000,0.31,186000,0.00864515885503,0.00326536455624,0.00537979429879,0.00744664124216,0.00975462260223,0.00451951696264,0.00615358302007,-0.00232149056727,-0.000839045894399,False
visit,t_learner,test,600000,0.32,192000,0.00859807526816,0.00337069889676,0.0052273763714,0.00742266072838,0.00968503265817,0.00436836171616,0.00602414325442,-0.00242394861757,-0.000955766760254,False
visit,t_learner,test,600000,0.33,198000,0.00857125688119,0.00347603323729,0.00509522364391,0.00736472914925,0.00967108589907,0.0042288746599,0.00589194059614,-0.00249047618051,-0.00104687633293,False
visit,t_learner,test,600000,0.34,204000,0.0085555514575,0.00358136757781,0.00497418387969,0.00735346379578,0.00966267829896,0.0041193474169,0.00576015631064,-0.00253490200878,-0.00109212064773,False
visit,t_learner,test,600000,0.35,210000,0.00855553838381,0.00368670191834,0.00486883646547,0.00738621381392,0.00965586586062,0.00403612171296,0.00564135730709,-0.00247293606871,-0.00104831550923,False
visit,t_learner,test,600000,0.36,216000,0.00858821280333,0.00379203625886,0.00479617654447,0.00741305795606,0.00969998106619,0.00396656958357,0.00555168719441,-0.00244847311125,-0.000984693516682,False
visit,t_learner,test,600000,0.37,222000,0.00861172844939,0.00389737059938,0.00471435785,0.00741306650298,0.00973447563751,0.00389588760547,0.00545818679218,-0.00244223440362,-0.000958228993644,False
visit,t_learner,test,600000,0.38,228000,0.00864963365225,0.00400270493991,0.00464692871234,0.00745245543891,0.0097688668368,0.00383382919829,0.00539093716682,-0.00242483960588,-0.000930557801711,False
visit,t_learner,test,600000,0.39,234000,0.00866987924161,0.00410803928043,0.00456183996118,0.00747550486084,0.00979661302269,0.00376135166401,0.00530868802283,-0.00241645313613,-0.000959076683527,False
visit,t_learner,test,600000,0.4,240000,0.00871366662441,0.00421337362095,0.00450029300345,0.00751701752782,0.00984586140833,0.00370819480472,0.00523251052709,-0.00242629663594,-0.000960311452685,False
visit,t_learner,test,600000,0.41,246000,0.00874045886399,0.00431870796148,0.00442175090252,0.00754250043736,0.00987974864955,0.00363544172363,0.00511874354422,-0.00237993193043,-0.000921248272253,False
visit,t_learner,test,600000,0.42,252000,0.00873587294041,0.004424042302,0.00431183063841,0.00751263873234,0.00985439916518,0.00353518220688,0.00500807612846,-0.00240909501832,-0.000901497056303,False
visit,t_learner,test,600000,0.43,258000,0.00876593523669,0.00452937664253,0.00423655859417,0.00753524683552,0.00989508309913,0.00348055219277,0.0049357964255,-0.00241205298969,-0.000898829378046,False
visit,t_learner,test,600000,0.44,264000,0.00877442953988,0.00463471098305,0.00413971855683,0.00754550922453,0.00989835653046,0.00339089915899,0.00483796226952,-0.00238512002,-0.000858163796296,False
visit,t_learner,test,600000,0.45,270000,0.008765922163,0.00474004532357,0.00402587683943,0.00752571998865,0.00988669554262,0.00329205622361,0.00471686041409,-0.00235829493276,-0.000851576952645,False
visit,t_learner,test,600000,0.46,276000,0.00879271440259,0.0048453796641,0.0039473347385,0.00754076398987,0.00990366487346,0.0032018032467,0.00460534504771,-0.00234872337387,-0.000822864727297,False
visit,t_learner,test,600000,0.47,282000,0.00880447876246,0.00495071400462,0.00385376475784,0.00755468514905,0.00992260331445,0.00311496704465,0.00450605818988,-0.00232510538534,-0.000823822701926,False
visit,t_learner,test,600000,0.48,288000,0.0087920499323,0.00505604834515,0.00373600158716,0.00756134540964,0.00991820196686,0.00301124089162,0.00439012257233,-0.00235999330313,-0.000873271302956,False
visit,t_learner,test,600000,0.49,294000,0.00881884217189,0.00516138268567,0.00365745948622,0.00760471070018,0.00994585742134,0.00296951747921,0.00429998369539,-0.002305069261,-0.000809106466292,False
visit,t_learner,test,600000,0.5,300000,0.00882537574843,0.00526671702619,0.00355865872223,0.00759325330238,0.00995632906293,0.00287800345331,0.0041930128769,-0.00233309381843,-0.000823191128308,False
visit,t_learner,test,600000,0.51,306000,0.00883190932496,0.00537205136672,0.00345985795825,0.00758748103132,0.00994137819541,0.00277308217169,0.00409366436044,-0.00234590700691,-0.000826588253093,False
visit,t_learner,test,600000,0.52,312000,0.0088606622912,0.00547738570724,0.00338327658396,0.00761036712201,0.00996085142386,0.00270653314984,0.00401457275287,-0.00234753658516,-0.000843631981401,False
visit,t_learner,test,600000,0.53,318000,0.00884300921455,0.00558272004776,0.00326028916678,0.0075916863471,0.00994042942139,0.00257823720623,0.00387107407563,-0.00236617416786,-0.000847169893485,False
visit,t_learner,test,600000,0.54,324000,0.008862616481,0.00568805438829,0.00317456209271,0.00761232299505,0.00996219348716,0.00249832074565,0.00378344352615,-0.00235112215901,-0.000838458820353,False
visit,t_learner,test,600000,0.55,330000,0.00886522860424,0.00579338872881,0.00307183987543,0.00761097553885,0.0099799380633,0.00239956961772,0.00367514434216,-0.00239943419064,-0.000896829871568,False
visit,t_learner,test,600000,0.56,336000,0.00885280631093,0.00589872306934,0.00295408324159,0.0075933247501,0.00998485501271,0.00228622731103,0.00355791966589,-0.00240083398245,-0.000909602752222,False
visit,t_learner,test,600000,0.57,342000,0.00885541843417,0.00600405740986,0.00285136102431,0.00759579096279,0.00998251630117,0.00219127903989,0.00344963685424,-0.00237811586416,-0.000880808391417,False
visit,t_learner,test,600000,0.58,348000,0.00890051514701,0.00610939175038,0.00279112339663,0.00764162294813,0.0100235935244,0.00212511892576,0.00338545737561,-0.00235986269697,-0.000862132470121,False
visit,t_learner,test,600000,0.59,354000,0.00891620096018,0.00621472609091,0.00270147486927,0.00765827736646,0.0100480535893,0.00203104615902,0.00328507713821,-0.00234566616502,-0.000814086986518,False
visit,t_learner,test,600000,0.6,360000,0.00892796532005,0.00632006043143,0.00260790488862,0.00766920841751,0.0100621721367,0.00193390058897,0.0031819988929,-0.00233435484119,-0.00080352967141,False
visit,t_learner,test,600000,0.61,366000,0.00892599805656,0.00642539477196,0.0025006032846,0.00767267949035,0.0100505599954,0.00183518403483,0.00307630261438,-0.00234781566758,-0.00084854142161,False
visit,t_learner,test,600000,0.62,372000,0.00894690811621,0.00653072911248,0.00241617900373,0.00767025151003,0.0100839591304,0.00175725782783,0.00297016198369,-0.00232570760035,-0.000810901680023,False
visit,t_learner,test,600000,0.63,378000,0.00890702911302,0.006636063453,0.00227096566001,0.0076311184589,0.010005512742,0.0016063488149,0.00282793953293,-0.00236789372578,-0.000863947833676,False
visit,t_learner,test,600000,0.64,384000,0.00889983760303,0.00674139779353,0.00215843980951,0.00762095743184,0.010004253574,0.00148775478867,0.0027145483523,-0.00237721692541,-0.000882168431037,False
visit,t_learner,test,600000,0.65,390000,0.00890244972628,0.00684673213405,0.00205571759223,0.00762605630165,0.00999943024042,0.001378226803,0.00260849610498,-0.0023795237208,-0.000915261412916,False
visit,t_learner,test,600000,0.66,396000,0.00887956586629,0.00695206647458,0.00192749939172,0.00760982082153,0.00997136303008,0.00125075949387,0.00247213937128,-0.00237888294658,-0.000909820992962,False
visit,t_learner,test,600000,0.67,402000,0.00888740877287,0.0070574008151,0.00183000795777,0.00762178125407,0.00997734324635,0.00115512797037,0.00236610705971,-0.00237481732317,-0.000923448043147,False
visit,t_learner,test,600000,0.68,408000,0.00888217798954,0.00716273515562,0.00171944283391,0.00761784139139,0.00996809297339,0.00106266860482,0.00224812759095,-0.00237557503338,-0.00092799012084,False
visit,t_learner,test,600000,0.69,414000,0.00889394234941,0.00726806949615,0.00162587285326,0.0076323017504,0.00997597003499,0.000976201428919,0.00214757710902,-0.00236909265668,-0.000923743843552,False
visit,t_learner,test,600000,0.7,420000,0.00890570670928,0.00737340383667,0.00153230287261,0.00764994829021,0.00998949904884,0.000884477621362,0.00205684187073,-0.00239012743934,-0.000922077225904,False
visit,t_learner,test,600000,0.71,426000,0.00887694066936,0.00747873817719,0.00139820249216,0.00762685109211,0.00996661072745,0.000732815195792,0.00191986725917,-0.00244811255523,-0.00093755944903,False
visit,t_learner,test,600000,0.72,432000,0.00888478357594,0.00758407251772,0.00130071105822,0.00762881181876,0.00997548301552,0.000635412210019,0.00181879411334,-0.00245124531366,-0.000953245262192,False
visit,t_learner,test,600000,0.73,438000,0.00886843982933,0.00768940685824,0.00117903297109,0.00761383791704,0.00996590289337,0.000508285889771,0.00169804705253,-0.002476688136,-0.00094559614038,False
visit,t_learner,test,600000,0.74,444000,0.00887432200927,0.00779474119877,0.0010795808105,0.00762065144213,0.00997570652659,0.000406355655383,0.00160016906111,-0.00246753589938,-0.000938160683516,False
visit,t_learner,test,600000,0.75,450000,0.00888412564249,0.00790007553929,0.000984050103202,0.00763037763009,0.00998083901212,0.000311061503431,0.00149961605147,-0.00246988877135,-0.000929386431779,False
visit,t_learner,test,600000,0.76,456000,0.00889196854907,0.00800540987981,0.00088655866926,0.00763922932709,0.00999177006317,0.000215462616187,0.00140297908244,-0.00245122886532,-0.000900984706566,False
visit,t_learner,test,600000,0.77,462000,0.00886320250915,0.00811074422034,0.000752458288811,0.00762866743619,0.00997285737735,7.35130768285e-05,0.00126709407206,-0.00246672029723,-0.000950471270324,False
visit,t_learner,test,600000,0.78,468000,0.00887104541573,0.00821607856086,0.000654966854869,0.00763940241458,0.00998070028393,-3.10158212778e-05,0.00117429376274,-0.00245447991614,-0.000942152342522,False
visit,t_learner,test,600000,0.79,474000,0.00887692759567,0.00832141290139,0.000555514694281,0.00764847077531,0.00998770988169,-0.000133682029071,0.00107374858317,-0.00245840136943,-0.000947936486125,False
visit,t_learner,test,600000,0.8,480000,0.0088828097756,0.00842674724191,0.000456062533693,0.00765724502705,0.00999944134489,-0.000235318855375,0.000977127385019,-0.00242335707396,-0.000913352915662,False
visit,t_learner,test,600000,0.81,486000,0.00886646602899,0.00853208158243,0.000334384446562,0.00764442197611,0.00996845565389,-0.000345078001777,0.000855858792739,-0.0024365828926,-0.000940505057592,False
visit,t_learner,test,600000,0.82,492000,0.00886646602899,0.00863741592296,0.000229050106038,0.00764442197611,0.00996845565389,-0.000456621195344,0.000758050777025,-0.0024365828926,-0.000941534439081,False
visit,t_learner,test,600000,0.83,498000,0.00887234820893,0.00874275026348,0.00012959794545,0.00764947084722,0.00997536721531,-0.000561873084191,0.000667627883897,-0.00244050434589,-0.000946191164863,False
visit,t_learner,test,600000,0.84,504000,0.00888019111551,0.008848084604,3.2106511507e-05,0.00765937251678,0.00997732794196,-0.000666446015465,0.000578544359251,-0.00244452383552,-0.00094496571071,False
visit,t_learner,test,600000,0.85,510000,0.00888607329545,0.00895341894453,-6.7345649081e-05,0.00766515666038,0.00998208270407,-0.000772285170786,0.000491219076595,-0.00243341087224,-0.000938976400056,False
visit,t_learner,test,600000,0.86,516000,0.00889783765532,0.00905875328505,-0.000160915629733,0.00767785236541,0.00999468037277,-0.000865915163352,0.000404468576264,-0.00242267589386,-0.00093525101943,False
visit,t_learner,test,600000,0.87,522000,0.00890960201519,0.00916408762558,-0.000254485610385,0.00769353817857,0.0100076701868,-0.000960407583118,0.000316099403428,-0.00241439149694,-0.000924425955153,False
visit,t_learner,test,600000,0.88,528000,0.00890241050521,0.0092694219661,-0.00036701146089,0.00768820935891,0.0099989595549,-0.00108268296212,0.000221410436505,-0.0024240013454,-0.000913214955549,False
visit,t_learner,test,600000,0.89,534000,0.00888410603196,0.00937475630662,-0.000490650274667,0.00767208870665,0.00998068721024,-0.00120204988823,0.000109331887184,-0.00245319182267,-0.000935946368142,False
visit,t_learner,test,600000,0.9,540000,0.00889455452494,0.00948009064715,-0.000585536122209,0.00769556475576,0.00999857317834,-0.00130736580825,2.29144287268e-05,-0.00245057583451,-0.000909565827219,False
visit,t_learner,test,600000,0.91,546000,0.00893570363711,0.00958542498767,-0.000649721350562,0.00773894294024,0.0100218242292,-0.00134059560932,-4.7742428198e-05,-0.00236392926005,-0.000857075983585,False
visit,t_learner,test,600000,0.92,552000,0.00893434854915,0.0096907593282,-0.000756410779045,0.0077545391496,0.010057016813,-0.00146112310184,-0.000117600657529,-0.00233049826609,-0.000814622550226,False
visit,t_learner,test,600000,0.93,558000,0.00903170080059,0.00979609366872,-0.000764392868129,0.00785879430114,0.0101289162163,-0.0014824128927,-0.000175250139931,-0.00223701513232,-0.000769435547213,False
visit,t_learner,test,600000,0.94,564000,0.00902901677205,0.00990142800924,-0.000872411237193,0.00787419013986,0.0101669574182,-0.00155952204106,-0.000224219662785,-0.00220584225877,-0.000778957499619,False
visit,t_learner,test,600000,0.95,570000,0.00920410093479,0.0100067623498,-0.00080266141498,0.00804373547044,0.0103057479228,-0.00148932931966,-0.00019936509398,-0.00203571851546,-0.000663943461181,False
visit,t_learner,test,600000,0.96,576000,0.00941897258489,0.0101120966903,-0.000693124105401,0.00825332894508,0.0105034723582,-0.00134037993944,-0.000116596892302,-0.00175474357635,-0.000501140216146,False
visit,t_learner,test,600000,0.97,582000,0.00951868855947,0.0102174310308,-0.000698742471348,0.00829256020414,0.0106652035688,-0.00131010064589,-0.000106052117967,-0.00162838704967,-0.00039268278028,False
visit,t_learner,test,600000,0.98,588000,0.00971765868052,0.0103227653713,-0.000605106690815,0.00843176928744,0.0109949219059,-0.00111966660695,-7.014488036e-05,-0.00135437261661,-0.000277200017374,False
visit,t_learner,test,600000,0.99,594000,0.00992366342728,0.0104280997119,-0.000504436284579,0.00859729847854,0.0111212873799,-0.000900902146786,-0.000117750189901,-0.00101483807916,-0.000228915309759,False
visit,t_learner,test,600000,1,600000,0.0105334340524,0.0105334340524,0,0.00920421858166,0.0117986958429,0,0,0,0,False
visit,response,test,600000,0,0,0,0,0,0,0,0,0,0,0,False
visit,response,test,600000,0.01,6000,0.00176360154873,0.000105334340524,0.0016582672082,0.00117923566068,0.00227675536647,0.00108283326045,0.00215615198282,0,0,False
visit,response,test,600000,0.02,12000,0.00323782383483,0.000210668681048,0.00302715515378,0.00248963933362,0.00393584259409,0.00229102162841,0.00370974752422,0,0,False
visit,response,test,600000,0.03,18000,0.00427621146175,0.000316003021572,0.00396020844018,0.00344038449774,0.00508587361706,0.00314703784799,0.00475337406819,0,0,False
visit,response,test,600000,0.04,24000,0.00510556386059,0.000421337362095,0.00468422649849,0.00417167125474,0.00600219687507,0.0037935569336,0.00552892054724,0,0,False
visit,response,test,600000,0.05,30000,0.00551472165549,0.000526671702619,0.00498804995287,0.00446585813804,0.00644826840505,0.00398942855714,0.00588889236826,0,0,False
visit,response,test,600000,0.06,36000,0.0063044369144,0.000632006043143,0.00567243087126,0.00525391593088,0.00730433694643,0.00470228334495,0.00661562496445,0,0,False
visit,response,test,600000,0.07,42000,0.00685173883434,0.000737340383667,0.00611439845067,0.00573212445368,0.00797158681733,0.00506781027862,0.00711035515852,0,0,False
visit,response,test,600000,0.08,48000,0.00735859533347,0.000842674724191,0.00651592060928,0.00620783318074,0.0084308740175,0.00543874086854,0.00750533630615,0,0,False
visit,response,test,600000,0.09,54000,0.00783216523754,0.000948009064715,0.00688415617283,0.00669561960316,0.00893707563099,0.00582577713204,0.00787108243585,0,0,False
visit,response,test,600000,0.1,60000,0.00802404843814,0.00105334340524,0.0069707050329,0.00685975689568,0.00913935776711,0.00591520696999,0.00796156342192,0,0,False
visit,response,test,600000,0.11,66000,0.00833430507619,0.00115867774576,0.00717562733043,0.00706060721763,0.00945319212663,0.00606030178665,0.00816946760913,0,0,False
visit,response,test,600000,0.12,72000,0.00877467336419,0.00126401208629,0.00751066127791,0.00751189157096,0.0099209625582,0.00639105573898,0.00854528410833,0,0,False
visit,response,test,600000,0.13,78000,0.00897844512471,0.00136934642681,0.0076090986979,0.00771558418663,0.01013087155,0.0065095449956,0.00862350449052,0,0,False
visit,response,test,600000,0.14,84000,0.00923126119875,0.00147468076733,0.00775658043141,0.00797291005452,0.0104040486786,0.00666300952237,0.00879809905607,0,0,False
visit,response,test,600000,0.15,90000,0.0093919296573,0.00158001510786,0.00781191454944,0.00814049773894,0.0105510391077,0.00678822404646,0.00883779732719,0,0,False
visit,response,test,600000,0.16,96000,0.00948922307713,0.00168534944838,0.00780387362875,0.00826922107742,0.0106779202326,0.00677452847045,0.00881025740466,0,0,False
visit,response,test,600000,0.17,102000,0.00960809102691,0.00179068378891,0.007817407238,0.0084041568454,0.0108672686163,0.00680209560439,0.0088655116788,0,0,False
visit,response,test,600000,0.18,108000,0.00957532509156,0.00189601812943,0.00767930696213,0.00833614885868,0.0108180173299,0.00667202387847,0.00873526769721,0,0,False
visit,response,test,600000,0.19,114000,0.00970402935879,0.00200135246995,0.00770267688883,0.00842780983874,0.0109358274629,0.00667526818922,0.00871579291871,0,0,False
visit,response,test,600000,0.2,120000,0.00972816371721,0.00210668681048,0.00762147690674,0.00845816965952,0.0109834487135,0.00661126671934,0.00865536351062,0,0,False
visit,response,test,600000,0.21,126000,0.00976667455876,0.002212021151,0.00755465340776,0.00851082682187,0.0110958745944,0.00655545805726,0.00861046967563,0,0,False
visit,response,test,600000,0.22,132000,0.00981042272049,0.00231735549153,0.00749306722896,0.00855600767208,0.0111302921535,0.00652383218558,0.0085571157866,0,0,False
visit,response,test,600000,0.23,138000,0.00994437738159,0.00242268983205,0.00752168754954,0.00868071085908,0.0112099091356,0.00654604553973,0.0085521645221,0,0,False
visit,response,test,600000,0.24,144000,0.0099887900136,0.00252802417257,0.00746076584103,0.00869905595882,0.0112634699351,0.00648212983947,0.00847683056405,0,0,False
visit,response,test,600000,0.25,150000,0.0100240438722,0.0026333585131,0.00739068535905,0.00876103686827,0.0113217005177,0.00643066527602,0.00840404192971,0,0,False
visit,response,test,600000,0.26,156000,0.0101148690839,0.00273869285362,0.00737617623028,0.00884183835122,0.0114423970191,0.00644456359735,0.00837416349486,0,0,False
visit,response,test,600000,0.27,162000,0.0101782441226,0.00284402719414,0.00733421692847,0.00888581679782,0.0114612052216,0.00638299304676,0.00833829871978,0,0,False
visit,response,test,600000,0.28,168000,0.0102024046284,0.00294936153467,0.00725304309375,0.00891258114143,0.0114343476708,0.00635093821252,0.00817862048048,0,0,False
visit,response,test,600000,0.29,174000,0.0102128400477,0.00305469587519,0.00715814417252,0.00888845221675,0.0114448554856,0.00626122418908,0.00805686364129,0,0,False
visit,response,test,600000,0.3,180000,0.0102618386033,0.00316003021572,0.0071018083876,0.00894385112798,0.0115082436389,0.00621078606889,0.0079838962177,0,0,False
visit,response,test,600000,0.31,186000,0.0102127942898,0.00326536455624,0.00694742973356,0.00891332266478,0.0114793846859,0.00604332182535,0.0078380628209,0,0,False
visit,response,test,600000,0.32,192000,0.0102696488257,0.00337069889676,0.0068989499289,0.00896643569853,0.0115575855423,0.00600403709367,0.00778344497407,0,0,False
visit,response,test,600000,0.33,198000,0.0103101530781,0.00347603323729,0.0068341198408,0.00896623188787,0.0116029583387,0.00595447768985,0.0076988730963,0,0,False
visit,response,test,600000,0.34,204000,0.0103408602341,0.00358136757781,0.00675949265631,0.00901685801164,0.0116387261159,0.00589122679743,0.00761371193046,0,0,False
visit,response,test,600000,0.35,210000,0.0102905131274,0.00368670191834,0.00660381120907,0.00898964878671,0.0115838863909,0.00573575982195,0.00746347389493,0,0,False
visit,response,test,600000,0.36,216000,0.0102911514503,0.00379203625886,0.00649911519146,0.00897479568589,0.0115997050491,0.00564255355985,0.00735356392423,0,0,False
visit,response,test,600000,0.37,222000,0.0103002906133,0.00389737059938,0.00640292001387,0.00896679749655,0.0115952203077,0.00554229352914,0.00723779433879,0,0,False
visit,response,test,600000,0.38,228000,0.0103035475963,0.00400270493991,0.00630084265635,0.00896122347166,0.0115683474116,0.00546225731536,0.00712575967972,0,0,False
visit,response,test,600000,0.39,234000,0.0103355706192,0.00410803928043,0.00622753133875,0.00899156305273,0.011599046944,0.00539893255626,0.00703901342148,0,0,False
visit,response,test,600000,0.4,240000,0.0103950438151,0.00421337362095,0.00618167019418,0.0090603013848,0.0116345419795,0.00536916990421,0.00697048558611,0,0,False
visit,response,test,600000,0.41,246000,0.0103649619083,0.00431870796148,0.00604625394684,0.00904332492063,0.0116056030155,0.00525510305616,0.0068174906077,0,0,False
visit,response,test,600000,0.42,252000,0.0103682188913,0.004424042302,0.00594417658932,0.00902350850782,0.0116070905971,0.00514820464123,0.00668183255765,0,0,False
visit,response,test,600000,0.43,258000,0.0104028540375,0.00452937664253,0.00587347739497,0.00903884580092,0.0116405983255,0.00508436482483,0.00660871270522,0,0,False
visit,response,test,600000,0.44,264000,0.0103904252073,0.00463471098305,0.00575571422428,0.00901873555693,0.0116403680079,0.0049832611155,0.0064871601224,0,0,False
visit,response,test,600000,0.45,270000,0.010361001234,0.00474004532357,0.00562095591039,0.00898816743959,0.0116230014657,0.00484769067167,0.00632546373355,0,0,False
visit,response,test,600000,0.46,276000,0.0103570732438,0.0048453796641,0.00551169357973,0.00897540299964,0.011610616751,0.00475269503438,0.0062069001811,0,0,False
visit,response,test,600000,0.47,282000,0.0103557573769,0.00495071400462,0.00540504337232,0.00897516438845,0.0116172123622,0.00465996528818,0.00608177402715,0,0,False
visit,response,test,600000,0.48,288000,0.0103949719098,0.00505604834515,0.0053389235647,0.0090215161837,0.0116579464583,0.00460426692947,0.00599380610571,0,0,False
visit,response,test,600000,0.49,294000,0.0103577050299,0.00516138268567,0.00519632234422,0.00897732423557,0.0116060260392,0.00449198583846,0.00583593171458,0,0,False
visit,response,test,600000,0.5,300000,0.0103760029663,0.00526671702619,0.00510928594011,0.00899734467148,0.0116288216518,0.00442697997892,0.00573911892681,0,0,False
visit,response,test,600000,0.51,306000,0.0104041045359,0.00537205136672,0.00503205316922,0.00901475913695,0.0116571869995,0.00435623795524,0.00564382061342,0,0,False
visit,response,test,600000,0.52,312000,0.010424363199,0.00547738570724,0.00494697749175,0.00902770951746,0.0116836590317,0.00427240561681,0.00556291446749,0,0,False
visit,response,test,600000,0.53,318000,0.0104191258788,0.00558272004776,0.00483640583104,0.00902851750418,0.0116775778457,0.00418159721276,0.00545260317071,0,0,False
visit,response,test,600000,0.54,324000,0.0104295809086,0.00568805438829,0.00474152652034,0.00905291068081,0.0116926106771,0.00409919112639,0.00534375832456,0,0,False
visit,response,test,600000,0.55,330000,0.010460952535,0.00579338872881,0.00466756380615,0.00908624303378,0.0117198808499,0.00404625174802,0.00525857209409,0,0,False
visit,response,test,600000,0.56,336000,0.0104583338749,0.00589872306934,0.00455961080553,0.00910142167766,0.0117115879551,0.00394729693886,0.00513495819852,0,0,False
visit,response,test,600000,0.57,342000,0.0104459115816,0.00600405740986,0.00444185417169,0.00907554999743,0.0117061622349,0.00383365278053,0.005018505321,0,0,False
visit,response,test,600000,0.58,348000,0.0104674795746,0.00610939175038,0.00435808782426,0.00909824540835,0.0117250424081,0.00375802068613,0.00492068860491,0,0,False
visit,response,test,600000,0.59,354000,0.010464209518,0.00621472609091,0.00424948342705,0.00908914104594,0.0117200076974,0.00367047603341,0.00479897165525,0,0,False
visit,response,test,600000,0.6,360000,0.0104687823678,0.00632006043143,0.00414872193642,0.00908129356357,0.0117165071516,0.00358984294212,0.00468002986528,0,0,False
visit,response,test,600000,0.61,366000,0.0104883896343,0.00642539477196,0.00406299486235,0.00910536180998,0.0117363802061,0.00351867150084,0.00458096427629,0,0,False
visit,response,test,600000,0.62,372000,0.0104870803043,0.00653072911248,0.00395635119178,0.00911026248265,0.0117400370152,0.00341831219114,0.00444746609345,0,0,False
visit,response,test,600000,0.63,378000,0.0104766187376,0.006636063453,0.00384055528458,0.0090901270718,0.0117298569169,0.00331275499634,0.00431355828323,0,0,False
visit,response,test,600000,0.64,384000,0.0104864223708,0.00674139779353,0.00374502457728,0.00910362286214,0.0117400010136,0.00323063029712,0.00420907299797,0,0,False
visit,response,test,600000,0.65,390000,0.0104981867307,0.00684673213405,0.00365145459663,0.00911259318654,0.0117567162082,0.0031487997069,0.00409986322436,0,0,False
visit,response,test,600000,0.66,396000,0.0104818429841,0.00695206647458,0.0035297765095,0.00909992694635,0.0117396035734,0.00305601030087,0.00398028751812,0,0,False
visit,response,test,600000,0.67,402000,0.0104883765606,0.0070574008151,0.00343097574551,0.00910793139471,0.0117476571543,0.00296912085181,0.00386711273255,0,0,False
visit,response,test,600000,0.68,408000,0.0104811850506,0.00716273515562,0.00331844989501,0.00910989212135,0.0117488324464,0.00286788853765,0.00375106435042,0,0,False
visit,response,test,600000,0.69,414000,0.0104870672306,0.00726806949615,0.00321899773442,0.00911650957378,0.0117568714256,0.0027823062234,0.00363701104655,0,0,False
visit,response,test,600000,0.7,420000,0.0105047137704,0.00737340383667,0.0031313099337,0.00913846971221,0.0117747544031,0.00270324332524,0.00353452602989,0,0,False
visit,response,test,600000,0.71,426000,0.010506674497,0.00747873817719,0.00302793631983,0.00914425385581,0.0117757837846,0.00261168079473,0.00341944207376,0,0,False
visit,response,test,600000,0.72,432000,0.0105203995835,0.00758407251772,0.00293632706582,0.00915704759717,0.011790642981,0.00252680496078,0.00331695368409,0,0,False
visit,response,test,600000,0.73,438000,0.0105171295268,0.00768940685824,0.0028277226686,0.0091589581617,0.011797155705,0.00242413517905,0.00319078308219,0,0,False
visit,response,test,600000,0.74,444000,0.0105099380169,0.00779474119877,0.0027151968181,0.00914359592237,0.0117889348135,0.00233751031108,0.00306370548456,0,0,False
visit,response,test,600000,0.75,450000,0.0105158201968,0.00790007553929,0.00261574465751,0.00914359592237,0.0117988364831,0.00225039001759,0.00295156426716,0,0,False
visit,response,test,600000,0.76,456000,0.0105033979035,0.00800540987981,0.00249798802367,0.00913990000657,0.0117722587174,0.00215334409635,0.00280815829856,0,0,False
visit,response,test,600000,0.77,462000,0.0105151622634,0.00811074422034,0.00240441804302,0.00914980167613,0.0117868171127,0.00207632083845,0.00270864053224,0,0,False
visit,response,test,600000,0.78,468000,0.0105138529333,0.00821607856086,0.00229777437245,0.00914314707808,0.0117791806316,0.00198695351643,0.00258464430241,0,0,False
visit,response,test,600000,0.79,474000,0.0105236565665,0.00832141290139,0.00220224366515,0.00915192132982,0.0117910430278,0.00190140488515,0.00248274224902,0,0,False
visit,response,test,600000,0.8,480000,0.0104961998567,0.00842674724191,0.00206945261475,0.00914242514075,0.011764141966,0.00177975217406,0.00233213321599,0,0,False
visit,response,test,600000,0.81,486000,0.0104948905266,0.00853208158243,0.00196280894418,0.00914704815275,0.0117637639812,0.00168829640165,0.00221521248684,0,0,False
visit,response,test,600000,0.82,492000,0.0104988119799,0.00863741592296,0.00186139605695,0.00915106764238,0.0117667540893,0.00159756717996,0.00210354031813,0,0,False
visit,response,test,600000,0.83,498000,0.0105086156131,0.00874275026348,0.00176586534965,0.00916993963634,0.0117860182286,0.00151646165544,0.00199878188656,0,0,False
visit,response,test,600000,0.84,504000,0.0105184192464,0.008848084604,0.00167033464235,0.0091798413059,0.0117939591715,0.00143765871445,0.00188854694511,0,0,False
visit,response,test,600000,0.85,510000,0.0105151491897,0.00895341894453,0.00156173024514,0.00917129259165,0.0117910169376,0.0013481373923,0.00176558989885,0,0,False
visit,response,test,600000,0.86,516000,0.0105229920962,0.00905875328505,0.0014642388112,0.00918389026035,0.0117970951902,0.0012626385221,0.00165440604309,0,0,False
visit,response,test,600000,0.87,522000,0.0105197220396,0.00916408762558,0.00135563441398,0.00917514547344,0.0117890202093,0.00116519898417,0.00153512029446,0,0,False
visit,response,test,600000,0.88,528000,0.0105125305296,0.0092694219661,0.00124310856348,0.00917501372333,0.0117819267356,0.00107219543241,0.00140583149847,0,0,False
visit,response,test,600000,0.89,534000,0.0105184127095,0.00937475630662,0.00114365640289,0.00917787420583,0.0117849168437,0.000983714700876,0.00129590005546,0,0,False
visit,response,test,600000,0.9,540000,0.0105262556161,0.00948009064715,0.00104616496895,0.00918655042123,0.0117942788722,0.00090136348323,0.00118916741851,0,0,False
visit,response,test,600000,0.91,546000,0.0105190641061,0.00958542498767,0.00093363911844,0.00918437390517,0.0117918922865,0.000805539000642,0.00105838268533,0,0,False
visit,response,test,600000,0.92,552000,0.0105118725961,0.0096907593282,0.000821113267935,0.0091761530137,0.0117831157468,0.000708243165606,0.000932421491834,0,0,False
visit,response,test,600000,0.93,558000,0.0105157940494,0.00979609366872,0.000719700380702,0.00918017250332,0.0117862038913,0.000619167712166,0.000819072701004,0,0,False
visit,response,test,600000,0.94,564000,0.0105177547761,0.00990142800924,0.000616326766823,0.00918213322996,0.0117864463511,0.00052903426563,0.000702659170716,0,0,False
visit,response,test,600000,0.95,570000,0.010523636956,0.0100067623498,0.000516874606235,0.00918894675506,0.0117933579125,0.000439372017267,0.000595307628067,0,0,False
visit,response,test,600000,0.96,576000,0.0105203668993,0.0101120966903,0.000408270209021,0.00917984239265,0.0118011027827,0.000344805428906,0.000474366148986,0,0,False
visit,response,test,600000,0.97,582000,0.0105262490792,0.0102174310308,0.000308818048433,0.00918180311929,0.0118051222724,0.000255620953394,0.000363500965068,0,0,False
visit,response,test,600000,0.98,588000,0.0105438956191,0.0103227653713,0.000221130247717,0.00920719452935,0.0118181120864,0.000181474593808,0.000267523011986,0,0,False
visit,response,test,600000,0.99,594000,0.0105367041091,0.0104280997119,0.000108604397212,0.00920332095028,0.011800265225,8.34307382882e-05,0.000141069413977,0,0,False
visit,response,test,600000,1,600000,0.0105334340524,0.0105334340524,0,0.00920421858166,0.0117986958429,0,0,0,0,False
visit,x_learner,test,600000,0,0,0,0,0,0,0,0,0,0,0,False
visit,x_learner,test,600000,0.01,6000,0.00209351349904,0.000105334340524,0.00198817915852,0.00172562539659,0.00249739547175,0.00162538273289,0.0023890824933,-0.00023489585287,0.000916776024406,False
visit,x_learner,test,600000,0.02,12000,0.00326940692809,0.000210668681048,0.00305873824704,0.00273104284443,0.00382573693363,0.00253332646098,0.00360231547485,-0.000693335412181,0.000784530029209,False
visit,x_learner,test,600000,0.03,18000,0.0043943999065,0.000316003021572,0.00407839688492,0.0037370563218,0.00501304191268,0.00342937929763,0.00467968264605,-0.000715847497283,0.000934097200927,False
visit,x_learner,test,600000,0.04,24000,0.00532142486218,0.000421337362095,0.00490008750008,0.00455350276616,0.00598217134859,0.00415994289785,0.00553532384086,-0.000639121058965,0.00108460361104,False
visit,x_learner,test,600000,0.05,30000,0.00582362353243,0.000526671702619,0.00529695182981,0.00504940983754,0.00660805854043,0.00455982237052,0.00602231982383,-0.000644328113553,0.00117153426045,False
visit,x_learner,test,600000,0.06,36000,0.0063650824935,0.000632006043143,0.00573307645036,0.00552899479926,0.00720311118946,0.0049275088842,0.00650676604603,-0.000823226868508,0.000894828477576,False
visit,x_learner,test,600000,0.07,42000,0.00665296285758,0.000737340383667,0.00591562247391,0.00577663114272,0.00758175762318,0.00510670413786,0.00679019312442,-0.00109209825087,0.000590619949097,False
visit,x_learner,test,600000,0.08,48000,0.00709055560121,0.000842674724191,0.00624788087702,0.00611828570156,0.00803549292567,0.00532279744175,0.00714970848,-0.00113008160988,0.000530801722119,False
visit,x_learner,test,600000,0.09,54000,0.007463509734,0.000948009064715,0.00651550066928,0.00647887467305,0.0084331053777,0.00560677803689,0.0073962053262,-0.00117887292298,0.000476946879034,False
visit,x_learner,test,600000,0.1,60000,0.00783131152559,0.00105334340524,0.00677796812035,0.00679855374822,0.0088515603556,0.00580875879357,0.00771869456372,-0.000960536132217,0.000603816695121,False
visit,x_learner,test,600000,0.11,66000,0.00816974163857,0.00115867774576,0.00701106389281,0.00706630740363,0.00921032903639,0.00604278768618,0.00793351743164,-0.000901675373262,0.000615414022262,False
visit,x_learner,test,600000,0.12,72000,0.00830621037024,0.00126401208629,0.00704219828396,0.0072701319982,0.00927310439312,0.00611444505707,0.00793427357906,-0.00119660701565,0.000321268811346,False
visit,x_learner,test,600000,0.13,78000,0.00845715363771,0.00136934642681,0.0070878072109,0.00739669842297,0.00945718781397,0.00614763954324,0.00800297363774,-0.00119097017168,0.00026800230882,False
visit,x_learner,test,600000,0.14,84000,0.00852041755006,0.00147468076733,0.00704573678272,0.00746078697465,0.00952097175685,0.00611257146412,0.00795099921991,-0.00141410065147,0.000116763674018,False
visit,x_learner,test,600000,0.15,90000,0.00867130852276,0.00158001510786,0.0070912934149,0.0075947471839,0.00967086602412,0.00614662611729,0.00800754352766,-0.00143772598578,8.00253306664e-05,False
visit,x_learner,test,600000,0.16,96000,0.00883725352256,0.00168534944838,0.00715190407418,0.0077734154497,0.00985918232172,0.00622183557329,0.00803563391692,-0.00134874314293,0.000105095945057,False
visit,x_learner,test,600000,0.17,102000,0.00896202979965,0.00179068378891,0.00717134601075,0.00785817150324,0.00996481830822,0.00625794990068,0.00805859528167,-0.00138643288321,0.000121180007327,False
visit,x_learner,test,600000,0.18,108000,0.00897312315239,0.00189601812943,0.00707710502296,0.0078989255857,0.00996905440437,0.00618143656065,0.00796998034372,-0.00133584693652,0.000161586133529,False
visit,x_learner,test,600000,0.19,114000,0.00907762769274,0.00200135246995,0.00707627522279,0.00801019299876,0.0100871686151,0.00619877894523,0.00796170945184,-0.00136831265093,0.000149030668339,False
visit,x_learner,test,600000,0.2,120000,0.00902063588313,0.00210668681048,0.00691394907265,0.00796935245019,0.0101094142502,0.00601782637822,0.0078523106661,-0.00143681380992,2.32872323486e-05,False
visit,x_learner,test,600000,0.21,126000,0.00908722868377,0.002212021151,0.00687520753277,0.00806944236498,0.0101715048479,0.00601357923349,0.00778341914389,-0.00141313890998,3.81895719585e-05,False
visit,x_learner,test,600000,0.22,132000,0.00897013189214,0.00231735549153,0.00665277640061,0.00790775788462,0.0101054002188,0.0057835361338,0.00758144964921,-0.00157710000185,-0.000132476606916,False
visit,x_learner,test,600000,0.23,138000,0.00908377559543,0.00242268983205,0.00666108576338,0.00802136188474,0.0102226385005,0.00579967255367,0.00755067407627,-0.00160175522426,-0.000112212616334,False
visit,x_learner,test,600000,0.24,144000,0.00909221760385,0.00252802417257,0.00656419343127,0.00800693854879,0.0102224914297,0.00573364432896,0.00744723439351,-0.00160869718201,-0.000155735902423,False
visit,x_learner,test,600000,0.25,150000,0.00907972994208,0.0026333585131,0.00644637142898,0.00801600145943,0.0102007560443,0.00560684578328,0.00731493744762,-0.00163356289899,-0.000287570427743,False
visit,x_learner,test,600000,0.26,156000,0.0091372293377,0.00273869285362,0.00639853648408,0.00810044520702,0.0102740410952,0.00558011553553,0.00725640716907,-0.00166345053078,-0.00031354221975,False
visit,x_learner,test,600000,0.27,162000,0.00910321290391,0.00284402719414,0.00625918570976,0.0080298027247,0.0101970561492,0.00542369257826,0.00708941016442,-0.00178946131555,-0.000395711749958,False
visit,x_learner,test,600000,0.28,168000,0.00909009345608,0.00294936153467,0.00614073192141,0.00803137141224,0.0102418178814,0.00532282894608,0.00700696128655,-0.00182704185784,-0.000442697022676,False
visit,x_learner,test,600000,0.29,174000,0.00918157660127,0.00305469587519,0.00612688072608,0.00809055398825,0.0103350058276,0.00530753097177,0.00700917605387,-0.00171311917018,-0.000366205592105,False
visit,x_learner,test,600000,0.3,180000,0.00921944258306,0.00316003021572,0.00605941236735,0.00811786379888,0.0103800621754,0.00526114190229,0.00691583021403,-0.00176501148899,-0.000354063304542,False
visit,x_learner,test,600000,0.31,186000,0.00922466029271,0.00326536455624,0.00595929573647,0.00811825256139,0.0103818221474,0.00516568343743,0.00680481436899,-0.00169419652384,-0.000319547276029,False
visit,x_learner,test,600000,0.32,192000,0.00924229375883,0.00337069889676,0.00587159486206,0.00814703156061,0.0104007944084,0.00509318160676,0.00670247920059,-0.00174181555185,-0.000325173522143,False
visit,x_learner,test,600000,0.33,198000,0.0092370499018,0.00347603323729,0.00576101666451,0.00813647096891,0.0103843523558,0.00496583149909,0.00657469491429,-0.00177763269033,-0.000371024676774,False
visit,x_learner,test,600000,0.34,204000,0.00925141331123,0.00358136757781,0.00567004573342,0.00815841977408,0.0104208486071,0.00488621988371,0.00649261678838,-0.0017741336643,-0.000385420664203,False
visit,x_learner,test,600000,0.35,210000,0.0092474722474,0.00368670191834,0.00556077032907,0.00815521149057,0.0103956905706,0.00479333051535,0.00636886579303,-0.0017726276079,-0.000342709393165,False
visit,x_learner,test,600000,0.36,216000,0.0092722972235,0.00379203625886,0.00548026096464,0.00818667171566,0.0104334966504,0.00472632671344,0.00628346273255,-0.00170626855666,-0.000339272834863,False
visit,x_learner,test,600000,0.37,222000,0.00927619906626,0.00389737059938,0.00537882846687,0.00819208593921,0.0104079654335,0.00462902217843,0.0061531824454,-0.00169717601777,-0.000344853282206,False
visit,x_learner,test,600000,0.38,228000,0.0092840223623,0.00400270493991,0.0052813174224,0.00822723963695,0.0104540542597,0.00455293728593,0.00607066927652,-0.00168794366394,-0.000337316790233,False
visit,x_learner,test,600000,0.39,234000,0.00935656271133,0.00410803928043,0.0052485234309,0.00829138529614,0.0105233126795,0.00454036413898,0.00602535872191,-0.00165781301678,-0.000306651960269,False
visit,x_learner,test,600000,0.4,240000,0.00935458237415,0.00421337362095,0.0051412087532,0.00827582490869,0.0105286783751,0.00442174166922,0.00590513129043,-0.00170640560162,-0.000351108773187,False
visit,x_learner,test,600000,0.41,246000,0.00939117171012,0.00431870796148,0.00507246374865,0.00832751974941,0.0106018582482,0.00435023912326,0.00584314253464,-0.00164411614492,-0.000289730348396,False
visit,x_learner,test,600000,0.42,252000,0.00942253026276,0.004424042302,0.00499848796076,0.00836011763883,0.0105951231898,0.00429116978552,0.00572723402556,-0.00163296456523,-0.000263475944068,False
visit,x_learner,test,600000,0.43,258000,0.00936695237271,0.00452937664253,0.00483757573018,0.00830130438639,0.0105405769282,0.00410141141938,0.00556681698109,-0.00170493026022,-0.000351875144719,False
visit,x_learner,test,600000,0.44,264000,0.00943164981516,0.00463471098305,0.00479693883211,0.00834608291014,0.0105900746537,0.00406152633921,0.00552648701158,-0.00163769231384,-0.000276951363963,False
visit,x_learner,test,600000,0.45,270000,0.00943424886472,0.00474004532357,0.00469420354114,0.00836132837691,0.0105759072025,0.00397052187091,0.0053954900308,-0.00161423004112,-0.000229046022145,False
visit,x_learner,test,600000,0.46,276000,0.00945580378412,0.0048453796641,0.00461042412003,0.00837052924766,0.0106138361505,0.00390272084585,0.00531517780209,-0.00156983799199,-0.000201943004605,False
visit,x_learner,test,600000,0.47,282000,0.00947997082678,0.00495071400462,0.00452925682216,0.00840578419296,0.010662618696,0.00382924131006,0.00523300274417,-0.00157022087952,-0.000191645055163,False
visit,x_learner,test,600000,0.48,288000,0.00947014758302,0.00505604834515,0.00441409923787,0.00836715172524,0.0106948908463,0.00372129176678,0.00513999446823,-0.00161161923342,-0.000250128736216,False
visit,x_learner,test,600000,0.49,294000,0.00944790858278,0.00516138268567,0.00428652589711,0.00834665553775,0.0106458340065,0.00360872197544,0.00496969220099,-0.00160777936812,-0.000214154795172,False
visit,x_learner,test,600000,0.5,300000,0.00947468774868,0.00526671702619,0.00420797072249,0.00838402862509,0.0106680043209,0.00353148163816,0.00487542225097,-0.00157396233261,-0.0001966632603,False
visit,x_learner,test,600000,0.51,306000,0.0094132276787,0.00537205136672,0.00404117631198,0.00829024542563,0.010547698543,0.00338119480254,0.00470803817758,-0.0016592750802,-0.00030216120498,False
visit,x_learner,test,600000,0.52,312000,0.0094138790753,0.00547738570724,0.00393649336806,0.00828487656779,0.0105592967771,0.00327578416617,0.00459934009668,-0.00168060599011,-0.000325142717261,False
visit,x_learner,test,600000,0.53,318000,0.00938510649853,0.00558272004776,0.00380238645076,0.00825531795993,0.010506419797,0.00315151533136,0.00447657780321,-0.00168217293721,-0.000347752944919,False
visit,x_learner,test,600000,0.54,324000,0.00935764978865,0.00568805438829,0.00366959540036,0.00822279772823,0.0104761042389,0.00301658786345,0.00432997637632,-0.00172302630617,-0.000376645399254,False
visit,x_learner,test,600000,0.55,330000,0.00934326676869,0.00579338872881,0.00354987803988,0.0082241050482,0.0104588094222,0.00289629883789,0.00421631916497,-0.00176632035328,-0.000449472560529,False
visit,x_learner,test,600000,0.56,336000,0.00932888374873,0.00589872306934,0.00343016067939,0.00819553567742,0.0104279592972,0.00278127350902,0.00409513812302,-0.00177569311854,-0.000459953296498,False
visit,x_learner,test,600000,0.57,342000,0.00933280520202,0.00600405740986,0.00332874779216,0.00819935909438,0.0104327655206,0.0026851568592,0.00398926132912,-0.00175094444377,-0.000431825693879,False
visit,x_learner,test,600000,0.58,348000,0.00932757441868,0.00610939175038,0.0032181826683,0.00818586183325,0.0104301365159,0.00257842015528,0.00387236442341,-0.00178824395075,-0.000462703706699,False
visit,x_learner,test,600000,0.59,354000,0.00931319139872,0.00621472609091,0.00309846530781,0.00817183566783,0.0104250037689,0.00246210255883,0.00373159178751,-0.00180529093931,-0.000471856923852,False
visit,x_learner,test,600000,0.6,360000,0.0093210343053,0.00632006043143,0.00300097387387,0.00818067603975,0.0104259351141,0.00236763236638,0.00362541487537,-0.0017925899476,-0.000467411142056,False
visit,x_learner,test,600000,0.61,366000,0.00933083793853,0.00642539477196,0.00290544316657,0.00819234236329,0.0104298565674,0.00227402336566,0.00351966950204,-0.00180773656094,-0.000472927315871,False
visit,x_learner,test,600000,0.62,372000,0.00933148933513,0.00653072911248,0.00280076022265,0.00819850040626,0.0104371354341,0.00217248758247,0.00340922449491,-0.00179995362174,-0.000479767633857,False
visit,x_learner,test,600000,0.63,378000,0.009343253695,0.006636063453,0.00270719024199,0.00820923538464,0.0104536545561,0.00208573803979,0.0033142709116,-0.00179470916823,-0.000447514612042,False
visit,x_learner,test,600000,0.64,384000,0.00935501805487,0.00674139779353,0.00261362026134,0.00821627853275,0.0104624288079,0.00199723740054,0.00321529783867,-0.00178769957047,-0.000442979773905,False
visit,x_learner,test,600000,0.65,390000,0.00937070386803,0.00684673213405,0.00252397173398,0.00822997006891,0.010481643929,0.001924801282,0.00312640977868,-0.00178284677202,-0.000445969882039,False
visit,x_learner,test,600000,0.66,396000,0.00938050750126,0.00695206647458,0.00242844102668,0.00823688163034,0.0104943419219,0.00183441292482,0.00302925339522,-0.00176274893987,-0.000434085750826,False
visit,x_learner,test,600000,0.67,402000,0.00938638968119,0.0070574008151,0.0023289888661,0.00824266577394,0.0104992927567,0.00174260049521,0.00293140276066,-0.00176578305731,-0.000428844459512,False
visit,x_learner,test,600000,0.68,408000,0.0093831196245,0.00716273515562,0.00222038446888,0.00823931363899,0.0104987688612,0.00163288461864,0.00280378816212,-0.00175390350189,-0.000424642837046,False
visit,x_learner,test,600000,0.69,414000,0.00940076616431,0.00726806949615,0.00213269666817,0.00825519552482,0.0105182780914,0.00154284578582,0.0027078880502,-0.00173914903388,-0.000416894534954,False
visit,x_learner,test,600000,0.7,420000,0.00941645197747,0.00737340383667,0.0020430481408,0.00827377340978,0.0105371500853,0.00144783501141,0.00261022448397,-0.00173606088942,-0.000421024480914,False
visit,x_learner,test,600000,0.71,426000,0.00941841270412,0.00747873817719,0.00193967452693,0.00827377340978,0.010539110812,0.00133829308633,0.00251486927747,-0.00173310335111,-0.000420190845248,False
visit,x_learner,test,600000,0.72,432000,0.00940402968416,0.00758407251772,0.00181995716644,0.0082614691392,0.0105213118248,0.00122501155432,0.0024093604943,-0.00175510592183,-0.000439014098858,False
visit,x_learner,test,600000,0.73,438000,0.00940991186409,0.00768940685824,0.00172050500585,0.00826182484979,0.0105252332781,0.00111911499267,0.00231255901617,-0.00175621493027,-0.00042673553442,False
visit,x_learner,test,600000,0.74,444000,0.00941056326069,0.00779474119877,0.00161582206193,0.00826775871166,0.0105348071248,0.00101439691926,0.00221693283008,-0.0017680644162,-0.000426393551205,False
visit,x_learner,test,600000,0.75,450000,0.00939814096738,0.00790007553929,0.00149806542809,0.00823914713738,0.0105193998548,0.000897767136655,0.00211256775863,-0.00177725107749,-0.000432232922978,False
visit,x_learner,test,600000,0.76,456000,0.00940598387396,0.00800540987981,0.00140057399414,0.00824811746178,0.010531190836,0.000796847196986,0.00201129008856,-0.00174405809822,-0.000422024724417,False
visit,x_learner,test,600000,0.77,462000,0.00939944376058,0.00811074422034,0.00128869954024,0.00823698843421,0.0105282780669,0.000692634849518,0.00190465814877,-0.00175890929519,-0.000444899163177,False
visit,x_learner,test,600000,0.78,468000,0.00940728666716,0.00821607856086,0.0011912081063,0.00824100792384,0.0105340622105,0.000601193476398,0.0018001335332,-0.0017521158137,-0.00044158433727,False
visit,x_learner,test,600000,0.79,474000,0.00941382024369,0.00832141290139,0.00109240734231,0.00826014771599,0.0105581301301,0.000498891663883,0.00168089807489,-0.00174798445415,-0.000444804452465,False
visit,x_learner,test,600000,0.8,480000,0.00939551577044,0.00842674724191,0.000968768528532,0.00823073910421,0.0105415903108,0.000391219715081,0.00156573169634,-0.00174568571542,-0.000424104348101,False
visit,x_learner,test,600000,0.81,486000,0.0093942064404,0.00853208158243,0.000862124857963,0.00823577294058,0.0105356721292,0.000276734125322,0.00145631236423,-0.00174279408486,-0.000429509469091,False
visit,x_learner,test,600000,0.82,492000,0.00939616716704,0.00863741592296,0.000758751244084,0.00823774270441,0.0105393975098,0.000172797483508,0.00135278202345,-0.0017447548115,-0.000430635579543,False
visit,x_learner,test,600000,0.83,498000,0.00940597080027,0.00874275026348,0.000663220536787,0.00824625928189,0.0105440542356,7.39625943298e-05,0.00126204542402,-0.00174259801219,-0.000434458996502,False
visit,x_learner,test,600000,0.84,504000,0.00939877929029,0.008848084604,0.000550694686282,0.00824982889767,0.0105461129986,-3.68564232844e-05,0.0011545908263,-0.00176592842857,-0.00045388859968,False
visit,x_learner,test,600000,0.85,510000,0.00940074001693,0.00895341894453,0.000447321072403,0.00825169158799,0.0105481717616,-0.000144679084521,0.00105637780091,-0.00175176985935,-0.000444604612943,False
visit,x_learner,test,600000,0.86,516000,0.00938635699697,0.00905875328505,0.000327603711917,0.00823316331768,0.010509777954,-0.000257490384419,0.000929027120205,-0.00176452106219,-0.000476590882457,False
visit,x_learner,test,600000,0.87,522000,0.00940204281013,0.00916408762558,0.000237955184556,0.00825385470352,0.0105254338121,-0.00034722273546,0.000843525061905,-0.00175931473483,-0.000440952224362,False
visit,x_learner,test,600000,0.88,528000,0.00940269420673,0.0092694219661,0.000133272240632,0.00825950040492,0.010521264163,-0.000456182896294,0.000747106112998,-0.00174657507769,-0.000433418731166,False
visit,x_learner,test,600000,0.89,534000,0.00940334560333,0.00937475630662,2.85892967084e-05,0.00825768699425,0.0105278479016,-0.000564448046453,0.000645981836785,-0.00174174498661,-0.000435169543378,False
visit,x_learner,test,600000,0.9,540000,0.00937588889345,0.00948009064715,-0.000104201753695,0.00823583175584,0.0105197250465,-0.000717684563981,0.000516608018175,-0.00177434549893,-0.000469813195617,False
visit,x_learner,test,600000,0.91,546000,0.00938961397997,0.00958542498767,-0.000195811007701,0.00825132411108,0.0105341854055,-0.00081691354271,0.000433577180121,-0.00176514206247,-0.000447994718791,False
visit,x_learner,test,600000,0.92,552000,0.00939549615991,0.0096907593282,-0.000295263168289,0.00826000032648,0.0105391362403,-0.00092119139255,0.000340600927941,-0.0017594229523,-0.000432143654189,False
visit,x_learner,test,600000,0.93,558000,0.00940333906649,0.00979609366872,-0.000392754602232,0.00826102970797,0.0105477144194,-0.0010186557173,0.000250194883122,-0.00175633480783,-0.000428979208399,False
visit,x_learner,test,600000,0.94,564000,0.00941314269971,0.00990142800924,-0.000488285309529,0.00826887261455,0.0105585474341,-0.0011204319906,0.000169084174801,-0.00175148200938,-0.000415560814306,False
visit,x_learner,test,600000,0.95,570000,0.009417064153,0.0100067623498,-0.000589698196763,0.00827166665002,0.0105605081607,-0.00122265952217,7.37055641153e-05,-0.00175354077236,-0.000424433102376,False
visit,x_learner,test,600000,0.96,576000,0.00958954926619,0.0101120966903,-0.000522547424105,0.00843374478736,0.0107471191752,-0.00113603945412,0.000113945360706,-0.00156631497575,-0.000284177862407,False
visit,x_learner,test,600000,0.97,582000,0.00974036833359,0.0102174310308,-0.00047706269722,0.0085742121316,0.0109184901404,-0.00107579991098,0.000131915255355,-0.0013906451117,-0.000164745840106,False
visit,x_learner,test,600000,0.98,588000,0.00988900442163,0.0103227653713,-0.00043376094971,0.00866298363826,0.0110287545808,-0.00101052801599,0.000103164122052,-0.00124831504446,-0.000116580928346,False
visit,x_learner,test,600000,0.99,594000,0.0100367733972,0.0104280997119,-0.000391326314682,0.00876915623436,0.0112605172259,-0.000819560263596,7.57022599951e-05,-0.000938576917119,-3.02283893389e-05,False
visit,x_learner,test,600000,1,600000,0.0105334340524,0.0105334340524,0,0.00920421858166,0.0117986958429,0,0,0,0,False
conversion,s_learner,test,600000,0,0,0,0,0,0,0,0,0,0,0,False
conversion,s_learner,test,600000,0.01,6000,0.000478898740083,1.11200426747e-05,0.000467778697408,0.0002796592765,0.000710322874595,0.00027083901093,0.00069825964674,-0.000150432118871,0.000110862872245,False
conversion,s_learner,test,600000,0.02,12000,0.000581475238014,2.22400853495e-05,0.000559235152664,0.000366355416592,0.000833132329436,0.000351771002156,0.000808622151449,-0.00015457790851,0.000101381726093,False
conversion,s_learner,test,600000,0.03,18000,0.000635046643502,3.33601280242e-05,0.000601686515478,0.000395052770617,0.000903588315571,0.000369900678949,0.00086192985816,-0.000232977836335,3.31013817245e-05,False
conversion,s_learner,test,600000,0.04,24000,0.000691894642526,4.4480170699e-05,0.000647414471827,0.000426752652783,0.00096594459517,0.000391960021271,0.000910227633418,-0.00020964143057,7.83975990744e-05,False
conversion,s_learner,test,600000,0.05,30000,0.000675537822228,5.56002133737e-05,0.000619937608854,0.000412418920632,0.000965882993577,0.000366633663934,0.000896200111925,-0.000253627557967,2.88639782039e-05,False
conversion,s_learner,test,600000,0.06,36000,0.000723898054916,6.67202560485e-05,0.000657177798867,0.000455440364962,0.00099807828688,0.000407551443209,0.000921748888353,-0.00026640855248,2.01257281398e-05,False
conversion,s_learner,test,600000,0.07,42000,0.000744808114569,7.78402987232e-05,0.000666967815845,0.000475995808948,0.00101489685356,0.000416851869375,0.00092701235959,-0.000258813024625,1.64776865606e-05,False
conversion,s_learner,test,600000,0.08,48000,0.000746762304369,8.8960341398e-05,0.000657801962971,0.000465987547961,0.00103109158462,0.000408142822257,0.000926296209576,-0.000290219998939,6.96707558047e-06,False
conversion,s_learner,test,600000,0.09,54000,0.000771593817313,0.000100080384073,0.00067151343324,0.000479337754591,0.00106942983712,0.000408153637631,0.000953790418148,-0.000270642524157,2.69749280635e-05,False
conversion,s_learner,test,600000,0.1,60000,0.000768975157222,0.000111200426747,0.000657774730475,0.000464671681071,0.00106504276436,0.000388780629476,0.000927480425062,-0.000270234747597,1.74221054071e-05,False
conversion,s_learner,test,600000,0.11,66000,0.000788582423675,0.000122320469422,0.000666261954253,0.00048259163259,0.0010818124763,0.000399774420753,0.000936509983902,-0.000271182810735,1.71486936956e-05,False
conversion,s_learner,test,600000,0.12,72000,0.000791845943521,0.000133440512097,0.000658405431424,0.000485200323992,0.00107844569064,0.000393114049934,0.000915552485221,-0.000292457569139,7.61847218058e-06,False
conversion,s_learner,test,600000,0.13,78000,0.000798379520057,0.000144560554772,0.000653818965285,0.000489151242111,0.00109256341275,0.000389302225988,0.000909206584527,-0.000287324822136,8.58271400935e-06,False
conversion,s_learner,test,600000,0.14,84000,0.000814065333219,0.000155680597446,0.000658384735773,0.000504123624014,0.00110607712222,0.000396197628741,0.000912032235856,-0.000292441063606,2.43022736338e-06,False
conversion,s_learner,test,600000,0.15,90000,0.000811446673129,0.000166800640121,0.000644646033008,0.000501504637082,0.00109876573467,0.000383230453853,0.000899676810541,-0.000308026609737,-1.1959656286e-05,False
conversion,s_learner,test,600000,0.16,96000,0.000810137343084,0.000177920682796,0.000632216660288,0.000498948665335,0.00109953047199,0.000367674258727,0.000882707521372,-0.000283950192268,9.72010051896e-06,False
conversion,s_learner,test,600000,0.17,102000,0.000833666062827,0.000189040725471,0.000644625337357,0.000527330183525,0.00112761673724,0.000384883497416,0.000889440874921,-0.00026598770223,1.84580237408e-05,False
conversion,s_learner,test,600000,0.18,108000,0.000838238912718,0.000200160768145,0.000638078144572,0.000532898864548,0.0011213749818,0.000392096718629,0.000884527637378,-0.000262750542212,6.38768232758e-06,False
conversion,s_learner,test,600000,0.19,114000,0.000846081819299,0.00021128081082,0.000634801008479,0.000544696774776,0.00112911396889,0.000396142507204,0.000881406075824,-0.000271521362106,2.49569386564e-06,False
conversion,s_learner,test,600000,0.2,120000,0.000829738072692,0.000222400853495,0.000607337219197,0.000528159079979,0.00112096099524,0.00036262040229,0.00084688407811,-0.000312778266851,-3.15860920367e-05,False
conversion,s_learner,test,600000,0.21,126000,0.000841502432563,0.00023352089617,0.000607981536394,0.000533609190805,0.00112754086898,0.000362118773388,0.000841181015652,-0.000312706263504,-3.35176806956e-05,False
conversion,s_learner,test,600000,0.22,132000,0.000846075282454,0.000244640938844,0.00060143434361,0.000541074112498,0.00113836767369,0.000363281412628,0.000831520993559,-0.000324132072004,-4.66370141325e-05,False
conversion,s_learner,test,600000,0.23,138000,0.000848036009099,0.000255760981519,0.00059227502758,0.000543034839143,0.00114125974549,0.000357730169293,0.000820395387539,-0.000334721139836,-5.65508830782e-05,False
conversion,s_learner,test,600000,0.24,144000,0.000861761095617,0.000266881024194,0.000594880071423,0.000554115232585,0.00116220172129,0.000359736249876,0.000820447980869,-0.000324572091551,-4.92031670158e-05,False
conversion,s_learner,test,600000,0.25,150000,0.000856530312281,0.000278001066869,0.000578529245412,0.000541006194679,0.00115236927692,0.000348338405181,0.000807685499191,-0.000339850781839,-5.76751958978e-05,False
conversion,s_learner,test,600000,0.26,156000,0.000862412492217,0.000289121109543,0.000573291382673,0.000542035576167,0.00115823429764,0.000346973400011,0.000804254786952,-0.000339505039938,-5.96359225431e-05,False
conversion,s_learner,test,600000,0.27,162000,0.000866333945507,0.000300241152218,0.000566092793289,0.000542966921324,0.00116251799837,0.000344852220786,0.000793769125634,-0.000323229864834,-4.74966827841e-05,False
conversion,s_learner,test,600000,0.28,168000,0.000868294672153,0.000311361194893,0.00055693347726,0.000543996302813,0.00116378446305,0.000339662360551,0.000780714052161,-0.000328428405182,-5.34768990522e-05,False
conversion,s_learner,test,600000,0.29,174000,0.000870255398798,0.000322481237568,0.00054777416123,0.000544927647969,0.00116770591634,0.000333859808784,0.000770145804098,-0.000316005785023,-3.64717871561e-05,False
conversion,s_learner,test,600000,0.3,180000,0.000866985342107,0.000333601280242,0.000533384061865,0.000536133246407,0.00115532338338,0.000321520853295,0.000742920403664,-0.000316005785023,-4.56299069429e-05,False
conversion,s_learner,test,600000,0.31,186000,0.000872867522043,0.000344721322917,0.000528146199126,0.000540762574638,0.00116611663774,0.000317753008016,0.000733140394596,-0.000307192753452,-3.84321869592e-05,False
conversion,s_learner,test,600000,0.32,192000,0.000874828248689,0.000355841365592,0.000518986883097,0.000545513904909,0.00116714601923,0.000312292909381,0.000723570764894,-0.000311114206743,-4.29464340348e-05,False
conversion,s_learner,test,600000,0.33,198000,0.000874828248689,0.000366961408267,0.000507866840422,0.000545513904909,0.00116714601923,0.000304742965806,0.00071110906339,-0.000311114206743,-4.29464340348e-05,False
conversion,s_learner,test,600000,0.34,204000,0.000865676012062,0.000378081450941,0.000487594561121,0.000545302527857,0.00116055416672,0.000276339394997,0.000688465743771,-0.000330701650214,-5.96976303596e-05,False
conversion,s_learner,test,600000,0.35,210000,0.000858484502081,0.000389201493616,0.000469283008465,0.000534139402471,0.00116083068343,0.000268005027331,0.000675827351348,-0.000340159868381,-7.11169020149e-05,False
conversion,s_learner,test,600000,0.36,216000,0.000858484502081,0.000400321536291,0.00045816296579,0.000534139402471,0.00116083068343,0.000259002487886,0.000661824003271,-0.00034655096621,-7.11169020149e-05,False
conversion,s_learner,test,600000,0.37,222000,0.000858484502081,0.000411441578966,0.000447042923115,0.000534139402471,0.00116083068343,0.00024999948269,0.000647739903914,-0.000348886245901,-7.73376333222e-05,False
conversion,s_learner,test,600000,0.38,228000,0.000860445228726,0.00042256162164,0.000437883607086,0.000540021582407,0.00116150778617,0.000243924528745,0.000636478439213,-0.000347234932641,-7.66896685657e-05,False
conversion,s_learner,test,600000,0.39,234000,0.000860445228726,0.000433681664315,0.000426763564411,0.000540021582407,0.00116150778617,0.000234845038869,0.000622956303184,-0.000352305318143,-7.8650395211e-05,False
conversion,s_learner,test,600000,0.4,240000,0.000860445228726,0.00044480170699,0.000415643521737,0.000540021582407,0.00116150778617,0.000225831200161,0.000609434167154,-0.000356194528446,-8.08873117269e-05,False
conversion,s_learner,test,600000,0.41,246000,0.000864366682017,0.000455921749665,0.000408444932352,0.000543943035697,0.00116540010148,0.0002252522479,0.000598902139259,-0.00035031234851,-7.89920515838e-05,False
conversion,s_learner,test,600000,0.42,252000,0.000866327408662,0.000467041792339,0.000399285616323,0.000544972417186,0.00116672337135,0.000216730592189,0.00058945113311,-0.000349032156451,-7.23542287129e-05,False
conversion,s_learner,test,600000,0.43,258000,0.000872209588598,0.000478161835014,0.000394047753584,0.000548893870477,0.00117128228141,0.000217068980221,0.000579323002729,-0.000347657686746,-6.62346387391e-05,False
conversion,s_learner,test,600000,0.44,264000,0.000872209588598,0.000489281877689,0.000382927710909,0.000548893870477,0.00117128228141,0.000207663250222,0.000565284733682,-0.000349618413391,-7.07745919576e-05,False
conversion,s_learner,test,600000,0.45,270000,0.000876131041889,0.000500401920364,0.000375729121525,0.000554579977748,0.00117616519837,0.000199208125948,0.000556080841436,-0.000344491876391,-6.78790883122e-05,False
conversion,s_learner,test,600000,0.46,276000,0.000866978805262,0.000511521963038,0.000355456842224,0.000540145651724,0.00117180448544,0.000176663843943,0.000540412689848,-0.000356533079817,-7.63470316662e-05,False
conversion,s_learner,test,600000,0.47,282000,0.000866978805262,0.000522642005713,0.000344336799549,0.000540145651724,0.00117180448544,0.000170056142608,0.000527531991617,-0.000356533079817,-7.63470316662e-05,False
conversion,s_learner,test,600000,0.48,288000,0.000868939531908,0.000533762048388,0.00033517748352,0.000542106378369,0.0011727389356,0.000163366457962,0.000516375460274,-0.0003532366633,-7.37023385908e-05,False
conversion,s_learner,test,600000,0.49,294000,0.000868939531908,0.000544882091063,0.000324057440845,0.000542106378369,0.0011727389356,0.00015528943338,0.000503008484349,-0.0003532366633,-7.37023385908e-05,False
conversion,s_learner,test,600000,0.5,300000,0.000868939531908,0.000556002133737,0.00031293739817,0.000542106378369,0.0011727389356,0.000146860742227,0.000490736721171,-0.000355197389945,-7.70378617835e-05,False
conversion,s_learner,test,600000,0.51,306000,0.000868939531908,0.000567122176412,0.000301817355496,0.000542106378369,0.0011727389356,0.000138603979248,0.000477529762472,-0.000355197389945,-7.70378617835e-05,False
conversion,s_learner,test,600000,0.52,312000,0.000870900258553,0.000578242219087,0.000292658039466,0.000547057213149,0.00117656235256,0.000132515097166,0.000466459572555,-0.000355197389945,-7.56668239219e-05,False
conversion,s_learner,test,600000,0.53,318000,0.000870900258553,0.000589362261762,0.000281537996791,0.000547057213149,0.00117656235256,0.000123404559728,0.000453526886796,-0.000355197389945,-7.56668239219e-05,False
conversion,s_learner,test,600000,0.54,324000,0.000870900258553,0.000600482304436,0.000270417954117,0.000547057213149,0.00117656235256,0.000114096686052,0.000439981376725,-0.000358493806463,-7.95913822139e-05,False
conversion,s_learner,test,600000,0.55,330000,0.000878743165134,0.000611602347111,0.000267140818023,0.000552841356752,0.00118348110452,0.000112061542902,0.000431491976913,-0.000335336534763,-6.6576295112e-05,False
conversion,s_learner,test,600000,0.56,336000,0.000878743165134,0.000622722389786,0.000256020775348,0.000552841356752,0.00118348110452,0.00010193101358,0.000417599586958,-0.000320266116527,-5.87073555457e-05,False
conversion,s_learner,test,600000,0.57,342000,0.000882664618425,0.000633842432461,0.000248822185964,0.000562007753819,0.00118637317632,9.55502029472e-05,0.000409808496884,-0.000316966595008,-5.5365295508e-05,False
conversion,s_learner,test,600000,0.58,348000,0.000882664618425,0.000644962475135,0.000237702143289,0.000562007753819,0.00118637317632,8.60895434312e-05,0.000397243673791,-0.000316966595008,-5.5365295508e-05,False
conversion,s_learner,test,600000,0.59,354000,0.000886586071715,0.00065608251781,0.000230503553905,0.000564801789289,0.00119690919765,8.15688502094e-05,0.000388157244891,-0.000312706263504,-5.27826370913e-05,False
conversion,s_learner,test,600000,0.6,360000,0.000888546798361,0.000667202560485,0.000221344237876,0.000567791897423,0.00119784054281,7.4229878321e-05,0.000375816331208,-0.000312706590346,-5.15418785497e-05,False
conversion,s_learner,test,600000,0.61,366000,0.000890507525006,0.00067832260316,0.000212184921846,0.000570782005557,0.00119980126945,6.76645823168e-05,0.00036566174213,-0.000315667233651,-5.15418785497e-05,False
conversion,s_learner,test,600000,0.62,372000,0.000890507525006,0.000689442645834,0.000201064879172,0.000570782005557,0.00119980126945,5.88954478665e-05,0.000352789408772,-0.000317624528453,-5.38120185801e-05,False
conversion,s_learner,test,600000,0.63,378000,0.000890507525006,0.000700562688509,0.000189944836497,0.000570782005557,0.00119980126945,4.92950865771e-05,0.000340779076413,-0.000317624528453,-5.38120185801e-05,False
conversion,s_learner,test,600000,0.64,384000,0.000890507525006,0.000711682731184,0.000178824793822,0.000570782005557,0.00119980126945,3.96947252876e-05,0.000328922839715,-0.000317624528453,-5.38120185801e-05,False
conversion,s_learner,test,600000,0.65,390000,0.000894428978296,0.000722802773859,0.000171626204438,0.000573674077359,0.00120269334126,3.20550906434e-05,0.000317338964747,-0.000316383769911,-5.38188822673e-05,False
conversion,s_learner,test,600000,0.66,396000,0.000894428978296,0.000733922816533,0.000160506161763,0.000573674077359,0.00120269334126,2.2454729354e-05,0.000302843327366,-0.000316383769911,-5.38188822673e-05,False
conversion,s_learner,test,600000,0.67,402000,0.000896389704942,0.000745042859208,0.000151346845734,0.000574605422515,0.0012046540679,1.58444761986e-05,0.000293760133877,-0.000315354388423,-5.1858155622e-05,False
conversion,s_learner,test,600000,0.68,408000,0.000898350431587,0.000756162901883,0.000142187529704,0.000577693566982,0.00120764417604,7.27349639791e-06,0.000285113342445,-0.000313087680236,-4.85486654143e-05,False
conversion,s_learner,test,600000,0.69,414000,0.000898350431587,0.000767282944558,0.00013106748703,0.000577693566982,0.00120764417604,-1.98026069908e-06,0.00027335060894,-0.000313087680236,-4.85486654143e-05,False
conversion,s_learner,test,600000,0.7,420000,0.000900311158232,0.000778402987232,0.000121908171,0.000578656828284,0.00120897365591,-9.73803680442e-06,0.000261732526662,-0.000312738833334,-5.1131323831e-05,False
conversion,s_learner,test,600000,0.71,426000,0.000900311158232,0.000789523029907,0.000110788128325,0.000578656828284,0.00120897365591,-1.98756757621e-05,0.000250344507173,-0.000312738833334,-5.1131323831e-05,False
conversion,s_learner,test,600000,0.72,432000,0.000904232611523,0.000800643072582,0.000103589538941,0.000582546365429,0.00121093438255,-2.70772476635e-05,0.000242286532673,-0.000310087930256,-4.88611838007e-05,False
conversion,s_learner,test,600000,0.73,438000,0.000904232611523,0.000811763115256,9.24694962665e-05,0.000582546365429,0.00121093438255,-3.58774058165e-05,0.000230225161445,-0.000311775245189,-5.15449835511e-05,False
conversion,s_learner,test,600000,0.74,444000,0.000904232611523,0.000822883157931,8.13494535917e-05,0.000582546365429,0.00121093438255,-4.37550089085e-05,0.000218192595478,-0.000311775245189,-5.15449835511e-05,False
conversion,s_learner,test,600000,0.75,450000,0.000904232611523,0.000834003200606,7.0229410917e-05,0.000582546365429,0.00121093438255,-5.16326120005e-05,0.000206622597088,-0.000311775245189,-5.15449835511e-05,False
conversion,s_learner,test,600000,0.76,456000,0.000908154064814,0.000845123243281,6.30308215328e-05,0.000587497200208,0.00122009250234,-5.51971724315e-05,0.000200004204499,-0.000304866788766,-4.59039723389e-05,False
conversion,s_learner,test,600000,0.77,462000,0.000912075518104,0.000856243285955,5.58322321487e-05,0.000592381914801,0.00122145700335,-5.9585731667e-05,0.000191726736145,-0.000303244613492,-4.30084686935e-05,False
conversion,s_learner,test,600000,0.78,468000,0.000912075518104,0.00086736332863,4.47121894739e-05,0.000592381914801,0.00122145700335,-6.80427106075e-05,0.00018055719599,-0.000305202235136,-4.40052803522e-05,False
conversion,s_learner,test,600000,0.79,474000,0.000912075518104,0.000878483371305,3.35921467992e-05,0.000592381914801,0.00122145700335,-8.01889548411e-05,0.000169387655835,-0.000306166476965,-4.49691953388e-05,False
conversion,s_learner,test,600000,0.8,480000,0.000912075518104,0.00088960341398,2.24721041244e-05,0.000592381914801,0.00122145700335,-9.31385930085e-05,0.00015821811568,-0.000307469270165,-4.79367023314e-05,False
conversion,s_learner,test,600000,0.81,486000,0.000912075518104,0.000900723456654,1.13520614497e-05,0.000592381914801,0.00122145700335,-0.000103756739996,0.000147048575525,-0.000307469270165,-4.79367023314e-05,False
conversion,s_learner,test,600000,0.82,492000,0.000914036244749,0.000911843499329,2.19274542024e-06,0.000594547808496,0.00122434907516,-0.000110244270506,0.000140154183778,-0.000309775411869,-4.69333538277e-05,False
conversion,s_learner,test,600000,0.83,498000,0.000914036244749,0.000922963542004,-8.92729725451e-06,0.000594547808496,0.00122434907516,-0.000121318255878,0.00012946015309,-0.000314726246649,-5.11673255047e-05,False
conversion,s_learner,test,600000,0.84,504000,0.000914036244749,0.000934083584679,-2.00473399293e-05,0.000594547808496,0.00122434907516,-0.000132367812571,0.000118809036136,-0.000314726246649,-5.11673255047e-05,False
conversion,s_learner,test,600000,0.85,510000,0.000914036244749,0.000945203627353,-3.1167382604e-05,0.000594547808496,0.00122434907516,-0.000143781757923,0.000108171560434,-0.000314726246649,-5.11673255047e-05,False
conversion,s_learner,test,600000,0.86,516000,0.000914036244749,0.000956323670028,-4.22874252787e-05,0.000594547808496,0.00122434907516,-0.000154433382136,9.75340847316e-05,-0.000314726246649,-5.11673255047e-05,False
conversion,s_learner,test,600000,0.87,522000,0.000915996971395,0.000967443712703,-5.14467413082e-05,0.000596205331759,0.00122434907516,-0.000161365436406,8.78279541857e-05,-0.00031245921162,-5.24769823921e-05,False
conversion,s_learner,test,600000,0.88,528000,0.000915996971395,0.000978563755378,-6.25667839829e-05,0.000596205331759,0.00122434907516,-0.000172385852498,7.6625645072e-05,-0.00031245921162,-5.24769823921e-05,False
conversion,s_learner,test,600000,0.89,534000,0.00091795769804,0.000989683798052,-7.17261000124e-05,0.000598567298119,0.00122434907516,-0.000179746091276,6.54371747042e-05,-0.000310804793358,-5.02359803481e-05,False
conversion,s_learner,test,600000,0.9,540000,0.000919918424685,0.00100080384073,-8.08854160418e-05,0.000600528024764,0.00122537845664,-0.000190566702083,5.92778946421e-05,-0.000306505028336,-4.76303939477e-05,False
conversion,s_learner,test,600000,0.91,546000,0.000921879151331,0.0010119238834,-9.00447320713e-05,0.000601557406253,0.0012291956636,-0.000202233219031,4.90338174637e-05,-0.000306505028336,-4.56696673024e-05,False
conversion,s_learner,test,600000,0.92,552000,0.000921879151331,0.00102304392608,-0.000101164774746,0.000601557406253,0.0012291956636,-0.000212659934432,3.78583951287e-05,-0.000306505028336,-4.56696673024e-05,False
conversion,s_learner,test,600000,0.93,558000,0.000921879151331,0.00103416396875,-0.000112284817421,0.000601557406253,0.0012291956636,-0.000225293208914,2.66829727937e-05,-0.000306505028336,-4.56696673024e-05,False
conversion,s_learner,test,600000,0.94,564000,0.000921879151331,0.00104528401143,-0.000123404860096,0.000601557406253,0.0012291956636,-0.000237532596978,1.55075504588e-05,-0.000306505028336,-4.56696673024e-05,False
conversion,s_learner,test,600000,0.95,570000,0.000921879151331,0.0010564040541,-0.00013452490277,0.000601557406253,0.0012291956636,-0.00024871469286,5.34071100613e-06,-0.000306505028336,-4.56696673024e-05,False
conversion,s_learner,test,600000,0.96,576000,0.000925800604621,0.00106752409678,-0.000141723492154,0.000604351441722,0.00123631239207,-0.000258279378501,1.56370809837e-07,-0.000303277837007,-4.2985867552e-05,False
conversion,s_learner,test,600000,0.97,582000,0.000941486417784,0.00107864413945,-0.000137157721667,0.00061528249277,0.00125136609233,-0.00024970919162,5.30431450708e-06,-0.000286966006545,-2.26877709817e-05,False
conversion,s_learner,test,600000,0.98,588000,0.000946710664274,0.00108976418213,-0.000143053517851,0.000626163381704,0.00124650332519,-0.000258471447021,-1.39346495953e-06,-0.000283054848785,-2.30726195576e-05,False
conversion,s_learner,test,600000,0.99,594000,0.000989840113626,0.0011008842248,-0.000111044111174,0.000664577502457,0.00129254466933,-0.000224610961756,1.8223626208e-05,-0.000237616152728,7.98681522294e-06,False
conversion,s_learner,test,600000,1,600000,0.00111200426747,0.00111200426747,0,0.000802406772183,0.00144659966293,0,0,0,0,False
conversion,t_learner,test,600000,0,0,0,0,0,0,0,0,0,0,0,True
conversion,t_learner,test,600000,0.01,6000,0.000443612197313,1.11200426747e-05,0.000432492154638,0.000219890067688,0.000660758211882,0.000210566658547,0.000647238948878,-0.000191470562258,8.47285661009e-05,True
conversion,t_learner,test,600000,0.02,12000,0.000578218255013,2.22400853495e-05,0.000555978169664,0.000348343965585,0.000818202159209,0.000332423555843,0.000792798538326,-0.00018890429498,0.000111844167068,True
conversion,t_learner,test,600000,0.03,18000,0.000714804649894,3.33601280242e-05,0.00068144452187,0.00048598577494,0.000971517149273,0.000457580219953,0.000926811047481,-0.000176126291073,0.000138693922722,True
conversion,t_learner,test,600000,0.04,24000,0.000729168059321,4.4480170699e-05,0.000684687888622,0.000500814803833,0.000996582967253,0.00046258540582,0.000942389235168,-0.000199938718059,0.000129541686095,True
conversion,t_learner,test,600000,0.05,30000,0.000759223818756,5.56002133737e-05,0.000703623605382,0.000519789842984,0.00102760264167,0.000476849739066,0.000961148523872,-0.000194519812496,0.000128972261531,True
conversion,t_learner,test,600000,0.06,36000,0.000774903095073,6.67202560485e-05,0.000708182839025,0.000523622787394,0.00104617742164,0.000473237317573,0.00096419995374,-0.000234267555846,9.52162801523e-05,True
conversion,t_learner,test,600000,0.07,42000,0.000770975104937,7.78402987232e-05,0.000693134806214,0.000509817256828,0.00104824849023,0.000448551405823,0.000949386969369,-0.000262049743406,6.87368857919e-05,True
conversion,t_learner,test,600000,0.08,48000,0.000795806617881,8.8960341398e-05,0.000706846276483,0.000523092681952,0.00107759577823,0.000454520416795,0.000971125148735,-0.000270339860064,5.64442181105e-05,True
conversion,t_learner,test,600000,0.09,54000,0.00082194746087,0.000100080384073,0.000721867076797,0.000546011342469,0.00109848481376,0.000474132466421,0.000973131152183,-0.000253660013402,9.03991565365e-05,True
conversion,t_learner,test,600000,0.1,60000,0.000863774117021,0.000111200426747,0.000752573690274,0.000583959843756,0.00113685982784,0.000505367697553,0.000995083464046,-0.000209143020655,0.000128884193887,True
conversion,t_learner,test,600000,0.11,66000,0.000831086623807,0.000122320469422,0.000708766154384,0.000555479962391,0.00110549163336,0.000463182024231,0.000949226926731,-0.000260122240275,8.67967584773e-05,True
conversion,t_learner,test,600000,0.12,72000,0.000849384560214,0.000133440512097,0.000715944048117,0.000582724747757,0.00113015653846,0.000483830212401,0.000955204288604,-0.000253252890527,8.02240752663e-05,True
conversion,t_learner,test,600000,0.13,78000,0.000869643223267,0.000144560554772,0.000725082668496,0.000596329629866,0.00115699120218,0.000491825653236,0.000963680865496,-0.000234297020674,9.88410669055e-05,True
conversion,t_learner,test,600000,0.14,84000,0.000878137526449,0.000155680597446,0.000722456929002,0.000615976002994,0.00117458436864,0.000493089602787,0.000963961581805,-0.000253314925186,8.02206434227e-05,True
conversion,t_learner,test,600000,0.15,90000,0.000905587699483,0.000166800640121,0.000738787059362,0.000643093834659,0.00119944975879,0.000507778722118,0.000977046268493,-0.000230128188657,9.9248843465e-05,True
conversion,t_learner,test,600000,0.16,96000,0.000902969039393,0.000177920682796,0.000725048356597,0.000634896198015,0.00120727905239,0.000498389364055,0.000968402258979,-0.000219350671756,0.000110921703849,True
conversion,t_learner,test,600000,0.17,102000,0.000924537032491,0.000189040725471,0.00073549630702,0.000658121714376,0.00122788345734,0.000513121437647,0.000980023541695,-0.000199990784029,0.000125663425008,True
conversion,t_learner,test,600000,0.18,108000,0.000932379939072,0.000200160768145,0.000732219170926,0.000667576500701,0.00123292889661,0.000510444452067,0.000970280212008,-0.000203221407202,0.00012274809838,True
conversion,t_learner,test,600000,0.19,114000,0.000936301392363,0.00021128081082,0.000725020581542,0.00067022462562,0.00123786257217,0.000504114610686,0.000961492738439,-0.00021415245825,0.000110332341908,True
conversion,t_learner,test,600000,0.2,120000,0.000934992062317,0.000222400853495,0.000712591208822,0.000666472664548,0.00123863041449,0.000495816859647,0.000952979013229,-0.000240478972149,9.00082123527e-05,True
conversion,t_learner,test,600000,0.21,126000,0.000938913515608,0.00023352089617,0.000705392619438,0.000669560809014,0.00124389066266,0.000492878719593,0.000942384823206,-0.00024646539842,7.69643141067e-05,True
conversion,t_learner,test,600000,0.22,132000,0.000944795695544,0.000244640938844,0.000700154756699,0.000679673855626,0.00124893953377,0.000488873033826,0.000929829906539,-0.000253304956497,6.71274573657e-05,True
conversion,t_learner,test,600000,0.23,138000,0.000932373402227,0.000255760981519,0.000676612420708,0.000665033602643,0.00123740289306,0.000463242112054,0.000915617698094,-0.000281631303716,4.5562896111e-05,True
conversion,t_learner,test,600000,0.24,144000,0.000940216308808,0.000266881024194,0.000673335284614,0.000673808181223,0.00124583172974,0.000463343339266,0.000909726217208,-0.000281315353486,4.98263326167e-05,True
conversion,t_learner,test,600000,0.25,150000,0.000936946252118,0.000278001066869,0.000658945185249,0.00066775628845,0.00123612591223,0.000443448494287,0.000880580802989,-0.000289852195186,4.03547139167e-05,True
conversion,t_learner,test,600000,0.26,156000,0.000942828432054,0.000289121109543,0.00065370732251,0.000675120501875,0.00123911602036,0.000437188974323,0.00087373461557,-0.000290474126958,3.99870245589e-05,True
conversion,t_learner,test,600000,0.27,162000,0.000948710611989,0.000300241152218,0.000648469459771,0.000679956909183,0.00124501372531,0.000433825643882,0.00086413804655,-0.000279860112891,6.00048457305e-05,True
conversion,t_learner,test,600000,0.28,168000,0.000945440555299,0.000311361194893,0.000634079360406,0.000675746192332,0.00124057806745,0.000427339825862,0.00085025721725,-0.000285891308378,4.69575156408e-05,True
conversion,t_learner,test,600000,0.29,174000,0.000951322735235,0.000322481237568,0.000628841497667,0.000681537199623,0.00124460066207,0.000423197870655,0.000838824024403,-0.000276873109758,5.60213577812e-05,True
conversion,t_learner,test,600000,0.3,180000,0.000955244188525,0.000333601280242,0.000621642908283,0.000683497926268,0.00125160715483,0.000417193769654,0.000827443957148,-0.000278735800071,5.24418877057e-05,True
conversion,t_learner,test,600000,0.31,186000,0.000957204915171,0.000344721322917,0.000612483592254,0.00068750989852,0.00125459726296,0.000413045959232,0.000814103163248,-0.000266036663199,5.61090985827e-05,True
conversion,t_learner,test,600000,0.32,192000,0.000967008548397,0.000355841365592,0.000611167182805,0.000698971055009,0.00126347265604,0.000416035126142,0.000810746083502,-0.000265935521865,5.70404437392e-05,True
conversion,t_learner,test,600000,0.33,198000,0.000970930001688,0.000366961408267,0.000603968593421,0.00070060009397,0.00127099683423,0.000410947960558,0.000801266776247,-0.000259437947003,6.18932421863e-05,True
conversion,t_learner,test,600000,0.34,204000,0.000974851454978,0.000378081450941,0.000596770004037,0.000705550928749,0.00127594766901,0.000405762758642,0.000791689432659,-0.000257506685186,6.65613502502e-05,True
conversion,t_learner,test,600000,0.35,210000,0.00098269436156,0.000389201493616,0.000593492867943,0.000714656868171,0.00128690023445,0.00040572446417,0.000793051021103,-0.000253588336897,7.03916308957e-05,True
conversion,t_learner,test,600000,0.36,216000,0.000984655088205,0.000400321536291,0.000584333551914,0.000716617594817,0.00128886096109,0.000398495475842,0.000780632258908,-0.000251282522035,7.14210123845e-05,True
conversion,t_learner,test,600000,0.37,222000,0.000979424304869,0.000411441578966,0.000567982725903,0.000712384930509,0.00128158514215,0.000394704941992,0.000763464138608,-0.000260711275375,6.55676435928e-05,True
conversion,t_learner,test,600000,0.38,228000,0.000981385031514,0.00042256162164,0.000558823409874,0.00071433192978,0.0012835458688,0.000388273965814,0.000751430415211,-0.000262770038352,6.37049532797e-05,True
conversion,t_learner,test,600000,0.39,234000,0.00098334575816,0.000433681664315,0.000549664093845,0.00071825338307,0.00128457525029,0.00037983061693,0.00073839690965,-0.000264730764997,5.90666368868e-05,True
conversion,t_learner,test,600000,0.4,240000,0.000985306484805,0.00044480170699,0.000540504777815,0.000720214109715,0.00128457525029,0.000371866619137,0.000724392336813,-0.000266691491643,5.60799605963e-05,True
conversion,t_learner,test,600000,0.41,246000,0.000989227938096,0.000455921749665,0.000533306188431,0.000723138751347,0.00128942804873,0.000365919422515,0.000715329245021,-0.000261809228367,5.92845507845e-05,True
conversion,t_learner,test,600000,0.42,252000,0.000995110118031,0.000467041792339,0.000528068325692,0.000728613481566,0.00129624157383,0.000364352134432,0.000709031170336,-0.000251904453807,7.43130841863e-05,True
conversion,t_learner,test,600000,0.43,258000,0.000999031571322,0.000478161835014,0.000520869736308,0.000732614128733,0.00130006499078,0.000359753430993,0.000702187872774,-0.000249666883607,7.15121850295e-05,True
conversion,t_learner,test,600000,0.44,264000,0.000999031571322,0.000489281877689,0.000509749693633,0.000732614128733,0.00130006499078,0.000349396871872,0.000689576625009,-0.000251904453807,7.05901548771e-05,True
conversion,t_learner,test,600000,0.45,270000,0.000999031571322,0.000500401920364,0.000498629650958,0.000732614128733,0.00130006499078,0.000339040312751,0.000676965377243,-0.000251904453807,6.88802388018e-05,True
conversion,t_learner,test,600000,0.46,276000,0.000999031571322,0.000511521963038,0.000487509608284,0.000732614128733,0.00130006499078,0.00033035855835,0.000662773593906,-0.000255483923882,6.75352339253e-05,True
conversion,t_learner,test,600000,0.47,282000,0.000999031571322,0.000522642005713,0.000476389565609,0.000732614128733,0.00130006499078,0.000322274607572,0.000648240513722,-0.000255483923882,6.75352339253e-05,True
conversion,t_learner,test,600000,0.48,288000,0.00100099229797,0.000533762048388,0.00046723024958,0.000734573548009,0.00130006499078,0.000316377521341,0.000633707433538,-0.000252900938623,6.94959605705e-05,True
conversion,t_learner,test,600000,0.49,294000,0.00100099229797,0.000544882091063,0.000456110206905,0.000734573548009,0.00130006499078,0.000306103395512,0.000619174353355,-0.000252900938623,6.94959605705e-05,True
conversion,t_learner,test,600000,0.5,300000,0.000980727098069,0.000556002133737,0.000424724964332,0.000720793176126,0.00129261580655,0.000276909291195,0.000594098988721,-0.000267381994918,5.18096604034e-05,True
conversion,t_learner,test,600000,0.51,306000,0.000982687824715,0.000567122176412,0.000415565648303,0.00072438980542,0.00129261580655,0.000270189662487,0.0005802149044,-0.000267381994918,5.4767852392e-05,True
conversion,t_learner,test,600000,0.52,312000,0.000982687824715,0.000578242219087,0.000404445605628,0.00072438980542,0.00129261580655,0.000260605141199,0.000567254402731,-0.000269244685231,5.27410055599e-05,True
conversion,t_learner,test,600000,0.53,318000,0.000982687824715,0.000589362261762,0.000393325562953,0.00072438980542,0.00129261580655,0.0002510765293,0.000553947710489,-0.000269244685231,5.27410055599e-05,True
conversion,t_learner,test,600000,0.54,324000,0.00098464855136,0.000600482304436,0.000384166246924,0.000725321150576,0.00129467456952,0.000240832425893,0.000541040815934,-0.00027151172026,5.4767852392e-05,True
conversion,t_learner,test,600000,0.55,330000,0.000986609278005,0.000611602347111,0.000375006930894,0.000728408314516,0.00129570395101,0.000232261433263,0.000529999328078,-0.000264551957775,6.557450728e-05,True
conversion,t_learner,test,600000,0.56,336000,0.00098857000465,0.000622722389786,0.000365847614865,0.000730271985356,0.0012967333325,0.000224959418735,0.000518475181161,-0.000256825823758,7.21084106582e-05,True
conversion,t_learner,test,600000,0.57,342000,0.000990530731296,0.000633842432461,0.000356688298835,0.000731301366844,0.00129859602281,0.00021777412366,0.000507372879729,-0.000255516493712,7.27923770883e-05,True
conversion,t_learner,test,600000,0.58,348000,0.000990530731296,0.000644962475135,0.00034556825616,0.000731301366844,0.00129859602281,0.000208288530656,0.000493530232386,-0.000255516493712,7.27923770883e-05,True
conversion,t_learner,test,600000,0.59,354000,0.000990530731296,0.00065608251781,0.000334448213486,0.000731301366844,0.00129859602281,0.000196716724502,0.000481162512246,-0.000255516493712,7.27923770883e-05,True
conversion,t_learner,test,600000,0.6,360000,0.000992491457941,0.000667202560485,0.000325288897456,0.00073326209349,0.00130148809462,0.000187789375606,0.000471443983185,-0.000253588336897,7.10790291694e-05,True
conversion,t_learner,test,600000,0.61,366000,0.000992491457941,0.00067832260316,0.000314168854782,0.00073326209349,0.00130148809462,0.000176559434758,0.000459862213326,-0.000255887941756,6.97433392969e-05,True
conversion,t_learner,test,600000,0.62,372000,0.000992491457941,0.000689442645834,0.000303048812107,0.00073326209349,0.00130148809462,0.000166145848447,0.000447937087515,-0.000260434758662,6.65058524365e-05,True
conversion,t_learner,test,600000,0.63,378000,0.000992491457941,0.000700562688509,0.000291928769432,0.00073326209349,0.00130148809462,0.000156912875821,0.000435242338173,-0.000260434758662,6.65058524365e-05,True
conversion,t_learner,test,600000,0.64,384000,0.000992491457941,0.000711682731184,0.000280808726757,0.00073326209349,0.00130148809462,0.000148158779382,0.000424015693775,-0.000260434758662,6.65058524365e-05,True
conversion,t_learner,test,600000,0.65,390000,0.000994452184586,0.000722802773859,0.000271649410728,0.000736264621629,0.00130241943977,0.000142254179784,0.000412866212419,-0.000259470516833,6.69195121565e-05,True
conversion,t_learner,test,600000,0.66,396000,0.000996412911232,0.000733922816533,0.000262490094698,0.000739156693431,0.00130624449094,0.000132866313021,0.000402739180228,-0.000255894478601,6.84665790818e-05,True
conversion,t_learner,test,600000,0.67,402000,0.000996412911232,0.000745042859208,0.000251370052024,0.000739156693431,0.00130624449094,0.000120281328092,0.000389720076235,-0.000255894478601,6.84665790818e-05,True
conversion,t_learner,test,600000,0.68,408000,0.000996412911232,0.000756162901883,0.000240250009349,0.000739156693431,0.00130624449094,0.000109763980888,0.000376700972241,-0.000255894478601,6.84665790818e-05,True
conversion,t_learner,test,600000,0.69,414000,0.000996412911232,0.000767282944558,0.000229129966674,0.000739156693431,0.00130624449094,9.9322968999e-05,0.000363681868248,-0.000255894478601,6.84665790818e-05,True
conversion,t_learner,test,600000,0.7,420000,0.000996412911232,0.000778402987232,0.000218009923999,0.000739156693431,0.00130624449094,8.73288952438e-05,0.000350417198686,-0.000258783445402,6.65055255942e-05,True
conversion,t_learner,test,600000,0.71,426000,0.000996412911232,0.000789523029907,0.000206889881325,0.000739156693431,0.00130624449094,7.51214302704e-05,0.000335747527205,-0.000258783445402,6.65055255942e-05,True
conversion,t_learner,test,600000,0.72,432000,0.000998373637877,0.000800643072582,0.000197730565295,0.00074018607492,0.00130624449094,6.74410092273e-05,0.000323613101751,-0.00026170465519,6.58808156637e-05,True
conversion,t_learner,test,600000,0.73,438000,0.000998373637877,0.000811763115256,0.00018661052262,0.00074018607492,0.00130624449094,5.53764887111e-05,0.000310231242002,-0.000262017500418,6.48514341749e-05,True
conversion,t_learner,test,600000,0.74,444000,0.00100229509117,0.000822883157931,0.000179411933236,0.000744094127678,0.00130954548325,5.00897668148e-05,0.000303523221995,-0.000257197271801,7.0831650443e-05,True
conversion,t_learner,test,600000,0.75,450000,0.00100229509117,0.000834003200606,0.000168291890562,0.000744094127678,0.00130954548325,3.78136992879e-05,0.000294772078005,-0.000257197271801,7.0831650443e-05,True
conversion,t_learner,test,600000,0.76,456000,0.00100229509117,0.000845123243281,0.000157171847887,0.000744094127678,0.00130954548325,2.61237837847e-05,0.000286364270356,-0.000257197271801,7.0831650443e-05,True
conversion,t_learner,test,600000,0.77,462000,0.00100621654446,0.000856243285955,0.000149973258503,0.000748028981501,0.00131443281258,1.87762657887e-05,0.00028044855518,-0.000254516577052,7.28016920924e-05,True
conversion,t_learner,test,600000,0.78,468000,0.00100621654446,0.00086736332863,0.000138853215828,0.000748028981501,0.00131443281258,7.60533083433e-06,0.000267806829701,-0.000255513061869,6.94370309132e-05,True
conversion,t_learner,test,600000,0.79,474000,0.00100621654446,0.000878483371305,0.000127733173153,0.000748028981501,0.00131443281258,-3.80215554325e-06,0.00025819780268,-0.000257164701971,6.94370309132e-05,True
conversion,t_learner,test,600000,0.8,480000,0.00100621654446,0.00088960341398,0.000116613130478,0.000748028981501,0.00131443281258,-1.63516986793e-05,0.000249615801432,-0.000259470516833,6.61669742228e-05,True
conversion,t_learner,test,600000,0.81,486000,0.0010081772711,0.000900723456654,0.000107453814449,0.000752872791786,0.00131604812417,-2.50442915778e-05,0.000243030080238,-0.000258441135344,6.68543724965e-05,True
conversion,t_learner,test,600000,0.82,492000,0.0010081772711,0.000911843499329,9.63337717742e-05,0.000752872791786,0.00131604812417,-3.8979970808e-05,0.000232588810225,-0.000259470516833,6.38642643624e-05,True
conversion,t_learner,test,600000,0.83,498000,0.0010081772711,0.000922963542004,8.52137290995e-05,0.000752872791786,0.00131604812417,-5.3155874678e-05,0.000222111314325,-0.000262017500418,6.09299808843e-05,True
conversion,t_learner,test,600000,0.84,504000,0.0010081772711,0.000934083584679,7.40936864247e-05,0.000752872791786,0.00131604812417,-6.64241382792e-05,0.000211384115849,-0.000262017500418,6.09299808843e-05,True
conversion,t_learner,test,600000,0.85,510000,0.0010081772711,0.000945203627353,6.297364375e-05,0.000752872791786,0.00131604812417,-7.82972699437e-05,0.000201614746313,-0.000262017500418,6.09299808843e-05,True
conversion,t_learner,test,600000,0.86,516000,0.0010081772711,0.000956323670028,5.18536010753e-05,0.000752872791786,0.00131604812417,-9.01704016082e-05,0.000193363419456,-0.000262017500418,6.09299808843e-05,True
conversion,t_learner,test,600000,0.87,522000,0.0010081772711,0.000967443712703,4.07335584005e-05,0.000752872791786,0.00131604812417,-0.000102043533273,0.000185158933343,-0.000263046555065,6.05879976692e-05,True
conversion,t_learner,test,600000,0.88,528000,0.0010081772711,0.000978563755378,2.96135157258e-05,0.000752872791786,0.00131604812417,-0.000113916664937,0.000176961878315,-0.000263046555065,6.05879976692e-05,True
conversion,t_learner,test,600000,0.89,534000,0.0010081772711,0.000989683798052,1.8493473051e-05,0.000752872791786,0.00131604812417,-0.000125789796602,0.000168507661518,-0.000263046555065,6.05879976692e-05,True
conversion,t_learner,test,600000,0.9,540000,0.00101013799775,0.00100080384073,9.33415702156e-06,0.000754833518431,0.00131707587145,-0.000136757965816,0.000157690946916,-0.000262017500418,6.25580393186e-05,True
conversion,t_learner,test,600000,0.91,546000,0.00101013799775,0.0010119238834,-1.78588565319e-06,0.000754833518431,0.00131707587145,-0.00014926328597,0.000148150988607,-0.000262017500418,6.25580393186e-05,True
conversion,t_learner,test,600000,0.92,552000,0.00101013799775,0.00102304392608,-1.29059283279e-05,0.000754833518431,0.00131707587145,-0.000162122889884,0.000138992883365,-0.000262017500418,6.25580393186e-05,True
conversion,t_learner,test,600000,0.93,558000,0.00101013799775,0.00103416396875,-2.40259710027e-05,0.000754833518431,0.00131707587145,-0.000175053037876,0.000129834778122,-0.000262017500418,6.25580393186e-05,True
conversion,t_learner,test,600000,0.94,564000,0.000999025034477,0.00104528401143,-4.62589769491e-05,0.000731668075675,0.00130142295496,-0.000199312880196,0.000100777673247,-0.00027313046369,4.8338522191e-05,True
conversion,t_learner,test,600000,0.95,570000,0.000989872797851,0.0010564040541,-6.65312562502e-05,0.000716164501579,0.00129578602927,-0.000214962967376,8.22314177872e-05,-0.000273231605024,3.64003639539e-05,True
conversion,t_learner,test,600000,0.96,576000,0.000991833524496,0.00106752409678,-7.56905722796e-05,0.000717193883068,0.00129939365681,-0.000221437993228,7.37390217305e-05,-0.00027254420675,3.4104844623e-05,True
conversion,t_learner,test,600000,0.97,582000,0.00101340151759,0.00107864413945,-6.52426218561e-05,0.000741359838971,0.00132292237655,-0.000210888896569,8.62774504325e-05,-0.000246774811805,5.73207191379e-05,True
conversion,t_learner,test,600000,0.98,588000,0.00102646867067,0.00108976418213,-6.32955114589e-05,0.000763866473979,0.00132957082179,-0.000212394514994,8.56580286461e-05,-0.000237730580199,6.71476071903e-05,True
conversion,t_learner,test,600000,0.99,594000,0.00106502527013,0.0011008842248,-3.58589546728e-05,0.000792324081045,0.00137748449809,-0.000183342868057,0.000112359084477,-0.000195737316212,0.000103051996204,True
conversion,t_learner,test,600000,1,600000,0.00111200426747,0.00111200426747,0,0.000802406772183,0.00144659966293,0,0,0,0,True
conversion,response,test,600000,0,0,0,0,0,0,0,0,0,0,0,False
conversion,response,test,600000,0.01,6000,0.000506961088648,1.11200426747e-05,0.000495841045973,0.000277037397014,0.00074294963235,0.000267117730295,0.000728367299817,0,0,False
conversion,response,test,600000,0.02,12000,0.00061867021267,2.22400853495e-05,0.00059643012732,0.000367434674207,0.00089200019721,0.000352032884671,0.000861943625899,0,0,False
conversion,response,test,600000,0.03,18000,0.000731721350962,3.33601280242e-05,0.000698361222938,0.00047383601086,0.00102456367062,0.000448231203049,0.000982723216255,0,0,False
conversion,response,test,600000,0.04,24000,0.000763073366752,4.4480170699e-05,0.000718593196053,0.000494987778527,0.00105790587789,0.000462826926553,0.00100084100629,0,0,False
conversion,response,test,600000,0.05,30000,0.000789859069496,5.56002133737e-05,0.000734258856122,0.00051203433402,0.00108895125845,0.000470369473769,0.00102243554886,0,0,False
conversion,response,test,600000,0.06,36000,0.000846062208764,6.67202560485e-05,0.000779341952716,0.00054885498442,0.00115720932852,0.000497462951929,0.00106940712338,0,0,False
conversion,response,test,600000,0.07,42000,0.000869584391663,7.78402987232e-05,0.00079174409294,0.000582799954158,0.00119419581868,0.000523728105526,0.00109450533257,0,0,False
conversion,response,test,600000,0.08,48000,0.000895718697807,8.8960341398e-05,0.000806758356409,0.000585033765672,0.00121796848531,0.000517795862101,0.0011100400531,0,0,False
conversion,response,test,600000,0.09,54000,0.000900942944298,0.000100080384073,0.000800862560225,0.000597577350147,0.00122097853082,0.000523814521064,0.00109829402147,0,0,False
conversion,response,test,600000,0.1,60000,0.000902897134098,0.000111200426747,0.00079169670735,0.000605136549486,0.00123670023126,0.000520997157393,0.00109241938972,0,0,False
conversion,response,test,600000,0.11,66000,0.000921846467106,0.000122320469422,0.000799525997684,0.00061199217186,0.00124805060457,0.000526740764386,0.00109161647698,0,0,False
conversion,response,test,600000,0.12,72000,0.000943414460204,0.000133440512097,0.000809973948107,0.000629557834554,0.00126992768421,0.000536616312713,0.0010964498096,0,0,False
conversion,response,test,600000,0.13,78000,0.000940795800114,0.000144560554772,0.000796235245342,0.000634830388329,0.00126762186935,0.00052933843957,0.00108152782946,0,0,False
conversion,response,test,600000,0.14,84000,0.000966936643103,0.000155680597446,0.000811256045656,0.000658245661128,0.00130097524644,0.000542596146575,0.00109825069649,0,0,False
conversion,response,test,600000,0.15,90000,0.000979352399575,0.000166800640121,0.000812551759453,0.000664837513637,0.00131051325498,0.000537796366843,0.00108896380184,0,0,False
conversion,response,test,600000,0.16,96000,0.000959738596277,0.000177920682796,0.000781817913481,0.000637599044498,0.0012936638589,0.000504421930319,0.00105728904943,0,0,False
conversion,response,test,600000,0.17,102000,0.000966272172813,0.000189040725471,0.000777231447342,0.000647464712383,0.00129812108017,0.000506638894096,0.00104579013139,0,0,False
conversion,response,test,600000,0.18,108000,0.000976727202639,0.000200160768145,0.000776566434494,0.000666010027517,0.00131392628064,0.00052007961266,0.00105128130945,0,0,False
conversion,response,test,600000,0.19,114000,0.000990452289156,0.00021128081082,0.000779171478336,0.000681666049008,0.00132554598013,0.00052577075706,0.00105257180799,0,0,False
conversion,response,test,600000,0.2,120000,0.00100809882896,0.000222400853495,0.000785697975469,0.000707397097187,0.00134547796436,0.000538916371882,0.00105948795615,0,0,False
conversion,response,test,600000,0.21,126000,0.00102378464213,0.00023352089617,0.000790263745957,0.000723076700347,0.00136033046869,0.000546824214092,0.00106004096008,0,0,False
conversion,response,test,600000,0.22,132000,0.00103947045529,0.000244640938844,0.000794829516444,0.000736798469415,0.00137910442632,0.000549907041407,0.00106154119288,0,0,False
conversion,response,test,600000,0.23,138000,0.00104927408852,0.000255760981519,0.000793513106996,0.000748237890895,0.00138312391594,0.000554504956421,0.00105096929522,0,0,False
conversion,response,test,600000,0.24,144000,0.0010571169951,0.000266881024194,0.000790235970902,0.000753425155185,0.00139108326825,0.000554152036656,0.00104430856806,0,0,False
conversion,response,test,600000,0.25,150000,0.00106299917503,0.000278001066869,0.000784998108164,0.000757699540906,0.0014020143193,0.000552759768756,0.00103609316574,0,0,False
conversion,response,test,600000,0.26,156000,0.00106888135497,0.000289121109543,0.000779760245425,0.0007619359639,0.00140770042657,0.000549631256004,0.00102796565751,0,0,False
conversion,response,test,600000,0.27,162000,0.00105972911834,0.000300241152218,0.000759487966124,0.000746116439574,0.0014059836468,0.000527545743832,0.00100690977098,0,0,False
conversion,response,test,600000,0.28,168000,0.00106953275157,0.000311361194893,0.000758171556675,0.000758085966496,0.00141465986221,0.000527346954128,0.00100397856538,0,0,False
conversion,response,test,600000,0.29,174000,0.00106038051494,0.000322481237568,0.000737899277374,0.000747276100383,0.00139862738382,0.000518458553144,0.000977571260978,0,0,False
conversion,response,test,600000,0.3,180000,0.00106626269488,0.000333601280242,0.000732661414635,0.000751100171026,0.0014064702904,0.000512446116848,0.00096952343444,0,0,False
conversion,response,test,600000,0.31,186000,0.00106103191154,0.000344721322917,0.000716310588625,0.000748037732702,0.00139488173897,0.000497391446199,0.000947578256644,0,0,False
conversion,response,test,600000,0.32,192000,0.00106887481812,0.000355841365592,0.000713033452531,0.000755359848845,0.00139829770621,0.000496362395638,0.000937858095251,0,0,False
conversion,response,test,600000,0.33,198000,0.00106887481812,0.000366961408267,0.000701913409856,0.000755359848845,0.00139829770621,0.00048816652574,0.000923682732795,0,0,False
conversion,response,test,600000,0.34,204000,0.00107083554477,0.000378081450941,0.000692754093827,0.000758251920647,0.00139995212447,0.000482960763976,0.000910438715496,0,0,False
conversion,response,test,600000,0.35,210000,0.00107279627141,0.000389201493616,0.000683594777798,0.000758870747417,0.00140520926764,0.00047885282937,0.00090096339686,0,0,False
conversion,response,test,600000,0.36,216000,0.00107475699806,0.000400321536291,0.000674435461768,0.000759802092574,0.0014090326846,0.000471617895291,0.000890596408775,0,0,False
conversion,response,test,600000,0.37,222000,0.00107867845135,0.000411441578966,0.000667236872384,0.000763723545864,0.00141667951851,0.000466314097195,0.000879033172097,0,0,False
conversion,response,test,600000,0.38,228000,0.00108063917799,0.00042256162164,0.000658077556355,0.00076568427251,0.00141957159031,0.000460078953942,0.000866150901755,0,0,False
conversion,response,test,600000,0.39,234000,0.00108456063129,0.000433681664315,0.00065087896697,0.000771566452446,0.0014234930436,0.000459824026957,0.000854363883381,0,0,False
conversion,response,test,600000,0.4,240000,0.00108848208458,0.00044480170699,0.000643680377586,0.000775585942068,0.0014274144969,0.000456328344689,0.000843278432873,0,0,False
conversion,response,test,600000,0.41,246000,0.00109044281122,0.000455921749665,0.000634521061557,0.000777546668714,0.00142947325987,0.000450107980426,0.000831327507687,0,0,False
conversion,response,test,600000,0.42,252000,0.00108325130124,0.000467041792339,0.000616209508901,0.000770371549871,0.00141453497579,0.000437808319955,0.000809880783685,0,0,False
conversion,response,test,600000,0.43,258000,0.00108717275453,0.000478161835014,0.000609010919517,0.000774293003162,0.00142051519206,0.000432653787199,0.00079809522074,0,0,False
conversion,response,test,600000,0.44,264000,0.00108913348118,0.000489281877689,0.000599851603487,0.000775322384651,0.00142237788237,0.000425284584609,0.000785544370398,0,0,False
conversion,response,test,600000,0.45,270000,0.00109109420782,0.000500401920364,0.000590692287458,0.000777185074964,0.00142526995417,0.000420299053319,0.000774131068353,0,0,False
conversion,response,test,600000,0.46,276000,0.00109305493447,0.000511521963038,0.000581532971428,0.000778214456453,0.00142629933566,0.000413450831716,0.000762646853307,0,0,False
conversion,response,test,600000,0.47,282000,0.00109305493447,0.000522642005713,0.000570412928754,0.000778214456453,0.00142629933566,0.000405573228624,0.000748270566458,0,0,False
conversion,response,test,600000,0.48,288000,0.00109305493447,0.000533762048388,0.000559292886079,0.000778214456453,0.00142629933566,0.000397695625532,0.000733454619262,0,0,False
conversion,response,test,600000,0.49,294000,0.00109305493447,0.000544882091063,0.000548172843404,0.000778214456453,0.00142629933566,0.00038981802244,0.000718611622275,0,0,False
conversion,response,test,600000,0.5,300000,0.00109501566111,0.000556002133737,0.000539013527375,0.0007830672549,0.00142732871715,0.000382251385234,0.000706693103498,0,0,False
conversion,response,test,600000,0.51,306000,0.00109501566111,0.000567122176412,0.0005278934847,0.0007830672549,0.00142732871715,0.000374224735867,0.000691857301289,0,0,False
conversion,response,test,600000,0.52,312000,0.00109697638776,0.000578242219087,0.000518734168671,0.000787086744523,0.00143125017044,0.000368097111212,0.000680359727219,0,0,False
conversion,response,test,600000,0.53,318000,0.00109697638776,0.000589362261762,0.000507614125996,0.000787086744523,0.00143125017044,0.000360047916757,0.000665973249511,0,0,False
conversion,response,test,600000,0.54,324000,0.0010989371144,0.000600482304436,0.000498454809966,0.00079190697314,0.00143321089708,0.000353959448947,0.000655358261536,0,0,False
conversion,response,test,600000,0.55,330000,0.00108978487778,0.000611602347111,0.000478182530665,0.000779706352406,0.00142135503772,0.000335269919819,0.000627191336117,0,0,False
conversion,response,test,600000,0.56,336000,0.00108063264115,0.000622722389786,0.000457910251364,0.000774319362989,0.00141543342427,0.000322740905563,0.000607940163068,0,0,False
conversion,response,test,600000,0.57,342000,0.00108063264115,0.000633842432461,0.000446790208689,0.000774319362989,0.00141543342427,0.000314788701708,0.000593520640546,0,0,False
conversion,response,test,600000,0.58,348000,0.00108063264115,0.000644962475135,0.000435670166015,0.000774319362989,0.00141543342427,0.000306836497853,0.000579101118025,0,0,False
conversion,response,test,600000,0.59,354000,0.00108063264115,0.00065608251781,0.00042455012334,0.000774319362989,0.00141543342427,0.000298884293999,0.000564681595503,0,0,False
conversion,response,test,600000,0.6,360000,0.0010825933678,0.000667202560485,0.00041539080731,0.000777309144281,0.00141676911414,0.000290932090144,0.000550859940993,0,0,False
conversion,response,test,600000,0.61,366000,0.00108455409444,0.00067832260316,0.000406231491281,0.000777318459285,0.00141925684123,0.000283896653465,0.000539074312434,0,0,False
conversion,response,test,600000,0.62,372000,0.00108847554773,0.000689442645834,0.000399032901897,0.000780211838456,0.00142121756787,0.000277915034635,0.000527207171543,0,0,False
conversion,response,test,600000,0.63,378000,0.00108847554773,0.000700562688509,0.000387912859222,0.000780211838456,0.00142121756787,0.000269962954981,0.000512787649021,0,0,False
conversion,response,test,600000,0.64,384000,0.00108847554773,0.000711682731184,0.000376792816547,0.000780211838456,0.00142121756787,0.000262010875326,0.0004983681265,0,0,False
conversion,response,test,600000,0.65,390000,0.00109043627438,0.000722802773859,0.000367633500518,0.000780214943457,0.00142317829452,0.0002576981171,0.000485909330623,0,0,False
conversion,response,test,600000,0.66,396000,0.00109043627438,0.000733922816533,0.000356513457843,0.000780214943457,0.00142317829452,0.000249671467733,0.000471489808102,0,0,False
conversion,response,test,600000,0.67,402000,0.00109043627438,0.000745042859208,0.000345393415168,0.000780214943457,0.00142317829452,0.000241616878011,0.00045707028558,0,0,False
conversion,response,test,600000,0.68,408000,0.00109043627438,0.000756162901883,0.000334273372494,0.000780214943457,0.00142317829452,0.00023350640758,0.000442650763059,0,0,False
conversion,response,test,600000,0.69,414000,0.00109043627438,0.000767282944558,0.000323153329819,0.000780214943457,0.00142317829452,0.000225395937149,0.000428231240537,0,0,False
conversion,response,test,600000,0.7,420000,0.00109239700102,0.000778402987232,0.000313994013789,0.000780214943457,0.00142420767601,0.000221111922492,0.000414841099505,0,0,False
conversion,response,test,600000,0.71,426000,0.00109239700102,0.000789523029907,0.000302873971115,0.000780214943457,0.00142420767601,0.000213159842837,0.000400421576983,0,0,False
conversion,response,test,600000,0.72,432000,0.00109435772767,0.000800643072582,0.000293714655085,0.00078516479771,0.00142709974781,0.000207168489828,0.000388732653446,0,0,False
conversion,response,test,600000,0.73,438000,0.00109631845431,0.000811763115256,0.000284555339056,0.000786096142866,0.00142915851079,0.000199767580516,0.00037651967538,0,0,False
conversion,response,test,600000,0.74,444000,0.00109631845431,0.000822883157931,0.000273435296381,0.000786096142866,0.00142915851079,0.000191657110085,0.000362062534704,0,0,False
conversion,response,test,600000,0.75,450000,0.00109631845431,0.000834003200606,0.000262315253706,0.000786096142866,0.00142915851079,0.000183546557944,0.000347605394029,0,0,False
conversion,response,test,600000,0.76,456000,0.00109631845431,0.000845123243281,0.000251195211032,0.000786096142866,0.00142915851079,0.000175404719155,0.000333148253354,0,0,False
conversion,response,test,600000,0.77,462000,0.00109631845431,0.000856243285955,0.000240075168357,0.000786096142866,0.00142915851079,0.000167262880366,0.000318691112679,0,0,False
conversion,response,test,600000,0.78,468000,0.00109827918096,0.00086736332863,0.000230915852327,0.000787125524355,0.00143049420066,0.000162409091586,0.000304301359848,0,0,False
conversion,response,test,600000,0.79,474000,0.0011002399076,0.000878483371305,0.000221756536298,0.000790850904981,0.00143400199423,0.000156181015153,0.000291937624161,0,0,False
conversion,response,test,600000,0.8,480000,0.00110220063425,0.00088960341398,0.000212597220268,0.00079467432194,0.00143494265439,0.000152052321652,0.000280517152422,0,0,False
conversion,response,test,600000,0.81,486000,0.00110220063425,0.000900723456654,0.000201477177594,0.00079467432194,0.00143494265439,0.000144099057195,0.000266104051289,0,0,False
conversion,response,test,600000,0.82,492000,0.00110416136089,0.000911843499329,0.000192317861564,0.000795593247091,0.00143885479268,0.000138353084271,0.000252841337959,0,0,False
conversion,response,test,600000,0.83,498000,0.00110808281418,0.000922963542004,0.00018511927218,0.000798583355225,0.00144071748299,0.000132522935497,0.000241478178009,0,0,False
conversion,response,test,600000,0.84,504000,0.00110808281418,0.000934083584679,0.000173999229505,0.000798583355225,0.00144071748299,0.000124491028137,0.000227158242441,0,0,False
conversion,response,test,600000,0.85,510000,0.00110808281418,0.000945203627353,0.000162879186831,0.000798583355225,0.00144071748299,0.000116459120777,0.000212837620504,0,0,False
conversion,response,test,600000,0.86,516000,0.00110808281418,0.000956323670028,0.000151759144156,0.000798583355225,0.00144071748299,0.000108427213417,0.000198389098332,0,0,False
conversion,response,test,600000,0.87,522000,0.00111004354083,0.000967443712703,0.000142599828126,0.000800556501876,0.00144267820964,0.000102357817261,0.000186159162383,0,0,False
conversion,response,test,600000,0.88,528000,0.00111004354083,0.000978563755378,0.000131479785452,0.000800556501876,0.00144267820964,9.42881462208e-05,0.000171839226815,0,0,False
conversion,response,test,600000,0.89,534000,0.00111004354083,0.000989683798052,0.000120359742777,0.000800556501876,0.00144267820964,8.61816250246e-05,0.000157519291247,0,0,False
conversion,response,test,600000,0.9,540000,0.00111004354083,0.00100080384073,0.000109239700102,0.000800556501876,0.00144267820964,7.80751038284e-05,0.000143199355679,0,0,False
conversion,response,test,600000,0.91,546000,0.00111004354083,0.0010119238834,9.81196574274e-05,0.000800556501876,0.00144267820964,7.00184044216e-05,0.000128879420111,0,0,False
conversion,response,test,600000,0.92,552000,0.00111004354083,0.00102304392608,8.69996147527e-05,0.000800556501876,0.00144267820964,6.21350989129e-05,0.000114559484543,0,0,False
conversion,response,test,600000,0.93,558000,0.00111004354083,0.00103416396875,7.58795720779e-05,0.000800556501876,0.00144267820964,5.42517934043e-05,0.000100006210493,0,0,False
conversion,response,test,600000,0.94,564000,0.00111004354083,0.00104528401143,6.47595294032e-05,0.000800556501876,0.00144267820964,4.62943528832e-05,8.51734065714e-05,0,0,False
conversion,response,test,600000,0.95,570000,0.00111004354083,0.0010564040541,5.36394867284e-05,0.000800556501876,0.00144267820964,3.76507627076e-05,7.0635476866e-05,0,0,False
conversion,response,test,600000,0.96,576000,0.00111200426747,0.00106752409678,4.4480170699e-05,0.000802406772183,0.00144659966293,3.20962708873e-05,5.78639865171e-05,0,0,False
conversion,response,test,600000,0.97,582000,0.00111200426747,0.00107864413945,3.33601280242e-05,0.000802406772183,0.00144659966293,2.40722031655e-05,4.33979898878e-05,0,0,False
conversion,response,test,600000,0.98,588000,0.00111200426747,0.00108976418213,2.22400853495e-05,0.000802406772183,0.00144659966293,1.60481354437e-05,2.89319932586e-05,0,0,False
conversion,response,test,600000,0.99,594000,0.00111200426747,0.0011008842248,1.11200426748e-05,0.000802406772183,0.00144659966293,8.02406772184e-06,1.44659966293e-05,0,0,False
conversion,response,test,600000,1,600000,0.00111200426747,0.00111200426747,0,0.000802406772183,0.00144659966293,0,0,0,0,False
